
freeRtos_uart.elf:     file format elf32-avr

Sections:
Idx Name          Size      VMA       LMA       File off  Algn
  0 .data         0000002c  00800100  00001b04  00001b98  2**0
                  CONTENTS, ALLOC, LOAD, DATA
  1 .text         00001b04  00000000  00000000  00000094  2**1
                  CONTENTS, ALLOC, LOAD, READONLY, CODE
  2 .bss          000007a9  0080012c  0080012c  00001bc4  2**0
                  ALLOC
  3 .comment      00000030  00000000  00000000  00001bc4  2**0
                  CONTENTS, READONLY
  4 .note.gnu.avr.deviceinfo 00000040  00000000  00000000  00001bf4  2**2
                  CONTENTS, READONLY
  5 .debug_info   000005f4  00000000  00000000  00001c34  2**0
                  CONTENTS, READONLY, DEBUGGING
  6 .debug_abbrev 000005a2  00000000  00000000  00002228  2**0
                  CONTENTS, READONLY, DEBUGGING
  7 .debug_line   00000134  00000000  00000000  000027ca  2**0
                  CONTENTS, READONLY, DEBUGGING
  8 .debug_str    00000208  00000000  00000000  000028fe  2**0
                  CONTENTS, READONLY, DEBUGGING

Disassembly of section .text:

00000000 <__vectors>:
       0:	0c 94 34 00 	jmp	0x68	; 0x68 <__ctors_end>
       4:	0c 94 51 00 	jmp	0xa2	; 0xa2 <__bad_interrupt>
       8:	0c 94 51 00 	jmp	0xa2	; 0xa2 <__bad_interrupt>
       c:	0c 94 51 00 	jmp	0xa2	; 0xa2 <__bad_interrupt>
      10:	0c 94 51 00 	jmp	0xa2	; 0xa2 <__bad_interrupt>
      14:	0c 94 51 00 	jmp	0xa2	; 0xa2 <__bad_interrupt>
      18:	0c 94 51 00 	jmp	0xa2	; 0xa2 <__bad_interrupt>
      1c:	0c 94 51 00 	jmp	0xa2	; 0xa2 <__bad_interrupt>
      20:	0c 94 51 00 	jmp	0xa2	; 0xa2 <__bad_interrupt>
      24:	0c 94 51 00 	jmp	0xa2	; 0xa2 <__bad_interrupt>
      28:	0c 94 51 00 	jmp	0xa2	; 0xa2 <__bad_interrupt>
      2c:	0c 94 71 02 	jmp	0x4e2	; 0x4e2 <__vector_11>
      30:	0c 94 51 00 	jmp	0xa2	; 0xa2 <__bad_interrupt>
      34:	0c 94 51 00 	jmp	0xa2	; 0xa2 <__bad_interrupt>
      38:	0c 94 51 00 	jmp	0xa2	; 0xa2 <__bad_interrupt>
      3c:	0c 94 51 00 	jmp	0xa2	; 0xa2 <__bad_interrupt>
      40:	0c 94 82 0a 	jmp	0x1504	; 0x1504 <__vector_16>
      44:	0c 94 51 00 	jmp	0xa2	; 0xa2 <__bad_interrupt>
      48:	0c 94 1a 0b 	jmp	0x1634	; 0x1634 <__vector_18>
      4c:	0c 94 44 0b 	jmp	0x1688	; 0x1688 <__vector_19>
      50:	0c 94 70 0b 	jmp	0x16e0	; 0x16e0 <__vector_20>
      54:	0c 94 51 00 	jmp	0xa2	; 0xa2 <__bad_interrupt>
      58:	0c 94 51 00 	jmp	0xa2	; 0xa2 <__bad_interrupt>
      5c:	0c 94 51 00 	jmp	0xa2	; 0xa2 <__bad_interrupt>
      60:	0c 94 51 00 	jmp	0xa2	; 0xa2 <__bad_interrupt>
      64:	0c 94 51 00 	jmp	0xa2	; 0xa2 <__bad_interrupt>

00000068 <__ctors_end>:
      68:	11 24       	eor	r1, r1
      6a:	1f be       	out	0x3f, r1	; 63
      6c:	cf ef       	ldi	r28, 0xFF	; 255
      6e:	d8 e0       	ldi	r29, 0x08	; 8
      70:	de bf       	out	0x3e, r29	; 62
      72:	cd bf       	out	0x3d, r28	; 61

00000074 <__do_copy_data>:
      74:	11 e0       	ldi	r17, 0x01	; 1
      76:	a0 e0       	ldi	r26, 0x00	; 0
      78:	b1 e0       	ldi	r27, 0x01	; 1
      7a:	e4 e0       	ldi	r30, 0x04	; 4
      7c:	fb e1       	ldi	r31, 0x1B	; 27
      7e:	02 c0       	rjmp	.+4      	; 0x84 <__do_copy_data+0x10>
      80:	05 90       	lpm	r0, Z+
      82:	0d 92       	st	X+, r0
      84:	ac 32       	cpi	r26, 0x2C	; 44
      86:	b1 07       	cpc	r27, r17
      88:	d9 f7       	brne	.-10     	; 0x80 <__do_copy_data+0xc>

0000008a <__do_clear_bss>:
      8a:	28 e0       	ldi	r18, 0x08	; 8
      8c:	ac e2       	ldi	r26, 0x2C	; 44
      8e:	b1 e0       	ldi	r27, 0x01	; 1
      90:	01 c0       	rjmp	.+2      	; 0x94 <.do_clear_bss_start>

00000092 <.do_clear_bss_loop>:
      92:	1d 92       	st	X+, r1

00000094 <.do_clear_bss_start>:
      94:	a5 3d       	cpi	r26, 0xD5	; 213
      96:	b2 07       	cpc	r27, r18
      98:	e1 f7       	brne	.-8      	; 0x92 <.do_clear_bss_loop>
      9a:	0e 94 20 09 	call	0x1240	; 0x1240 <main>
      9e:	0c 94 80 0d 	jmp	0x1b00	; 0x1b00 <_exit>

000000a2 <__bad_interrupt>:
      a2:	0c 94 00 00 	jmp	0	; 0x0 <__vectors>

000000a6 <pvPortMalloc>:
      a6:	cf 93       	push	r28
      a8:	df 93       	push	r29
      aa:	ec 01       	movw	r28, r24
      ac:	0e 94 5a 06 	call	0xcb4	; 0xcb4 <vTaskSuspendAll>
      b0:	80 91 2c 01 	lds	r24, 0x012C	; 0x80012c <__data_end>
      b4:	90 91 2d 01 	lds	r25, 0x012D	; 0x80012d <__data_end+0x1>
      b8:	89 2b       	or	r24, r25
      ba:	31 f4       	brne	.+12     	; 0xc8 <pvPortMalloc+0x22>
      bc:	81 e3       	ldi	r24, 0x31	; 49
      be:	91 e0       	ldi	r25, 0x01	; 1
      c0:	90 93 2d 01 	sts	0x012D, r25	; 0x80012d <__data_end+0x1>
      c4:	80 93 2c 01 	sts	0x012C, r24	; 0x80012c <__data_end>
      c8:	20 91 2e 01 	lds	r18, 0x012E	; 0x80012e <xNextFreeByte>
      cc:	30 91 2f 01 	lds	r19, 0x012F	; 0x80012f <xNextFreeByte+0x1>
      d0:	c9 01       	movw	r24, r18
      d2:	8c 0f       	add	r24, r28
      d4:	9d 1f       	adc	r25, r29
      d6:	8b 3d       	cpi	r24, 0xDB	; 219
      d8:	45 e0       	ldi	r20, 0x05	; 5
      da:	94 07       	cpc	r25, r20
      dc:	70 f4       	brcc	.+28     	; 0xfa <pvPortMalloc+0x54>
      de:	28 17       	cp	r18, r24
      e0:	39 07       	cpc	r19, r25
      e2:	58 f4       	brcc	.+22     	; 0xfa <pvPortMalloc+0x54>
      e4:	c0 91 2c 01 	lds	r28, 0x012C	; 0x80012c <__data_end>
      e8:	d0 91 2d 01 	lds	r29, 0x012D	; 0x80012d <__data_end+0x1>
      ec:	c2 0f       	add	r28, r18
      ee:	d3 1f       	adc	r29, r19
      f0:	90 93 2f 01 	sts	0x012F, r25	; 0x80012f <xNextFreeByte+0x1>
      f4:	80 93 2e 01 	sts	0x012E, r24	; 0x80012e <xNextFreeByte>
      f8:	02 c0       	rjmp	.+4      	; 0xfe <pvPortMalloc+0x58>
      fa:	c0 e0       	ldi	r28, 0x00	; 0
      fc:	d0 e0       	ldi	r29, 0x00	; 0
      fe:	0e 94 0c 07 	call	0xe18	; 0xe18 <xTaskResumeAll>
     102:	ce 01       	movw	r24, r28
     104:	df 91       	pop	r29
     106:	cf 91       	pop	r28
     108:	08 95       	ret

0000010a <vPortFree>:
     10a:	08 95       	ret

0000010c <vListInitialise>:
     10c:	fc 01       	movw	r30, r24
     10e:	03 96       	adiw	r24, 0x03	; 3
     110:	92 83       	std	Z+2, r25	; 0x02
     112:	81 83       	std	Z+1, r24	; 0x01
     114:	2f ef       	ldi	r18, 0xFF	; 255
     116:	3f ef       	ldi	r19, 0xFF	; 255
     118:	34 83       	std	Z+4, r19	; 0x04
     11a:	23 83       	std	Z+3, r18	; 0x03
     11c:	96 83       	std	Z+6, r25	; 0x06
     11e:	85 83       	std	Z+5, r24	; 0x05
     120:	90 87       	std	Z+8, r25	; 0x08
     122:	87 83       	std	Z+7, r24	; 0x07
     124:	10 82       	st	Z, r1
     126:	08 95       	ret

00000128 <vListInitialiseItem>:
     128:	fc 01       	movw	r30, r24
     12a:	11 86       	std	Z+9, r1	; 0x09
     12c:	10 86       	std	Z+8, r1	; 0x08
     12e:	08 95       	ret

00000130 <vListInsertEnd>:
     130:	cf 93       	push	r28
     132:	df 93       	push	r29
     134:	9c 01       	movw	r18, r24
     136:	fb 01       	movw	r30, r22
     138:	dc 01       	movw	r26, r24
     13a:	11 96       	adiw	r26, 0x01	; 1
     13c:	cd 91       	ld	r28, X+
     13e:	dc 91       	ld	r29, X
     140:	12 97       	sbiw	r26, 0x02	; 2
     142:	d3 83       	std	Z+3, r29	; 0x03
     144:	c2 83       	std	Z+2, r28	; 0x02
     146:	8c 81       	ldd	r24, Y+4	; 0x04
     148:	9d 81       	ldd	r25, Y+5	; 0x05
     14a:	95 83       	std	Z+5, r25	; 0x05
     14c:	84 83       	std	Z+4, r24	; 0x04
     14e:	8c 81       	ldd	r24, Y+4	; 0x04
     150:	9d 81       	ldd	r25, Y+5	; 0x05
     152:	dc 01       	movw	r26, r24
     154:	13 96       	adiw	r26, 0x03	; 3
     156:	7c 93       	st	X, r23
     158:	6e 93       	st	-X, r22
     15a:	12 97       	sbiw	r26, 0x02	; 2
     15c:	7d 83       	std	Y+5, r23	; 0x05
     15e:	6c 83       	std	Y+4, r22	; 0x04
     160:	31 87       	std	Z+9, r19	; 0x09
     162:	20 87       	std	Z+8, r18	; 0x08
     164:	f9 01       	movw	r30, r18
     166:	80 81       	ld	r24, Z
     168:	8f 5f       	subi	r24, 0xFF	; 255
     16a:	80 83       	st	Z, r24
     16c:	df 91       	pop	r29
     16e:	cf 91       	pop	r28
     170:	08 95       	ret

00000172 <vListInsert>:
     172:	0f 93       	push	r16
     174:	1f 93       	push	r17
     176:	cf 93       	push	r28
     178:	df 93       	push	r29
     17a:	8c 01       	movw	r16, r24
     17c:	fb 01       	movw	r30, r22
     17e:	80 81       	ld	r24, Z
     180:	91 81       	ldd	r25, Z+1	; 0x01
     182:	8f 3f       	cpi	r24, 0xFF	; 255
     184:	2f ef       	ldi	r18, 0xFF	; 255
     186:	92 07       	cpc	r25, r18
     188:	21 f4       	brne	.+8      	; 0x192 <vListInsert+0x20>
     18a:	e8 01       	movw	r28, r16
     18c:	af 81       	ldd	r26, Y+7	; 0x07
     18e:	b8 85       	ldd	r27, Y+8	; 0x08
     190:	0e c0       	rjmp	.+28     	; 0x1ae <vListInsert+0x3c>
     192:	d8 01       	movw	r26, r16
     194:	13 96       	adiw	r26, 0x03	; 3
     196:	12 96       	adiw	r26, 0x02	; 2
     198:	2d 91       	ld	r18, X+
     19a:	3c 91       	ld	r19, X
     19c:	13 97       	sbiw	r26, 0x03	; 3
     19e:	e9 01       	movw	r28, r18
     1a0:	48 81       	ld	r20, Y
     1a2:	59 81       	ldd	r21, Y+1	; 0x01
     1a4:	84 17       	cp	r24, r20
     1a6:	95 07       	cpc	r25, r21
     1a8:	10 f0       	brcs	.+4      	; 0x1ae <vListInsert+0x3c>
     1aa:	d9 01       	movw	r26, r18
     1ac:	f4 cf       	rjmp	.-24     	; 0x196 <vListInsert+0x24>
     1ae:	12 96       	adiw	r26, 0x02	; 2
     1b0:	8d 91       	ld	r24, X+
     1b2:	9c 91       	ld	r25, X
     1b4:	13 97       	sbiw	r26, 0x03	; 3
     1b6:	93 83       	std	Z+3, r25	; 0x03
     1b8:	82 83       	std	Z+2, r24	; 0x02
     1ba:	ec 01       	movw	r28, r24
     1bc:	fd 83       	std	Y+5, r31	; 0x05
     1be:	ec 83       	std	Y+4, r30	; 0x04
     1c0:	b5 83       	std	Z+5, r27	; 0x05
     1c2:	a4 83       	std	Z+4, r26	; 0x04
     1c4:	13 96       	adiw	r26, 0x03	; 3
     1c6:	fc 93       	st	X, r31
     1c8:	ee 93       	st	-X, r30
     1ca:	12 97       	sbiw	r26, 0x02	; 2
     1cc:	11 87       	std	Z+9, r17	; 0x09
     1ce:	00 87       	std	Z+8, r16	; 0x08
     1d0:	f8 01       	movw	r30, r16
     1d2:	80 81       	ld	r24, Z
     1d4:	8f 5f       	subi	r24, 0xFF	; 255
     1d6:	80 83       	st	Z, r24
     1d8:	df 91       	pop	r29
     1da:	cf 91       	pop	r28
     1dc:	1f 91       	pop	r17
     1de:	0f 91       	pop	r16
     1e0:	08 95       	ret

000001e2 <uxListRemove>:
     1e2:	cf 93       	push	r28
     1e4:	df 93       	push	r29
     1e6:	fc 01       	movw	r30, r24
     1e8:	a0 85       	ldd	r26, Z+8	; 0x08
     1ea:	b1 85       	ldd	r27, Z+9	; 0x09
     1ec:	82 81       	ldd	r24, Z+2	; 0x02
     1ee:	93 81       	ldd	r25, Z+3	; 0x03
     1f0:	24 81       	ldd	r18, Z+4	; 0x04
     1f2:	35 81       	ldd	r19, Z+5	; 0x05
     1f4:	ec 01       	movw	r28, r24
     1f6:	3d 83       	std	Y+5, r19	; 0x05
     1f8:	2c 83       	std	Y+4, r18	; 0x04
     1fa:	c4 81       	ldd	r28, Z+4	; 0x04
     1fc:	d5 81       	ldd	r29, Z+5	; 0x05
     1fe:	9b 83       	std	Y+3, r25	; 0x03
     200:	8a 83       	std	Y+2, r24	; 0x02
     202:	11 96       	adiw	r26, 0x01	; 1
     204:	8d 91       	ld	r24, X+
     206:	9c 91       	ld	r25, X
     208:	12 97       	sbiw	r26, 0x02	; 2
     20a:	e8 17       	cp	r30, r24
     20c:	f9 07       	cpc	r31, r25
     20e:	21 f4       	brne	.+8      	; 0x218 <uxListRemove+0x36>
     210:	12 96       	adiw	r26, 0x02	; 2
     212:	dc 93       	st	X, r29
     214:	ce 93       	st	-X, r28
     216:	11 97       	sbiw	r26, 0x01	; 1
     218:	11 86       	std	Z+9, r1	; 0x09
     21a:	10 86       	std	Z+8, r1	; 0x08
     21c:	8c 91       	ld	r24, X
     21e:	81 50       	subi	r24, 0x01	; 1
     220:	8c 93       	st	X, r24
     222:	df 91       	pop	r29
     224:	cf 91       	pop	r28
     226:	08 95       	ret

00000228 <pxPortInitialiseStack>:
     228:	31 e1       	ldi	r19, 0x11	; 17
     22a:	fc 01       	movw	r30, r24
     22c:	30 83       	st	Z, r19
     22e:	31 97       	sbiw	r30, 0x01	; 1
     230:	22 e2       	ldi	r18, 0x22	; 34
     232:	20 83       	st	Z, r18
     234:	31 97       	sbiw	r30, 0x01	; 1
     236:	a3 e3       	ldi	r26, 0x33	; 51
     238:	a0 83       	st	Z, r26
     23a:	31 97       	sbiw	r30, 0x01	; 1
     23c:	60 83       	st	Z, r22
     23e:	31 97       	sbiw	r30, 0x01	; 1
     240:	70 83       	st	Z, r23
     242:	31 97       	sbiw	r30, 0x01	; 1
     244:	10 82       	st	Z, r1
     246:	31 97       	sbiw	r30, 0x01	; 1
     248:	60 e8       	ldi	r22, 0x80	; 128
     24a:	60 83       	st	Z, r22
     24c:	31 97       	sbiw	r30, 0x01	; 1
     24e:	10 82       	st	Z, r1
     250:	31 97       	sbiw	r30, 0x01	; 1
     252:	62 e0       	ldi	r22, 0x02	; 2
     254:	60 83       	st	Z, r22
     256:	31 97       	sbiw	r30, 0x01	; 1
     258:	63 e0       	ldi	r22, 0x03	; 3
     25a:	60 83       	st	Z, r22
     25c:	31 97       	sbiw	r30, 0x01	; 1
     25e:	64 e0       	ldi	r22, 0x04	; 4
     260:	60 83       	st	Z, r22
     262:	31 97       	sbiw	r30, 0x01	; 1
     264:	65 e0       	ldi	r22, 0x05	; 5
     266:	60 83       	st	Z, r22
     268:	31 97       	sbiw	r30, 0x01	; 1
     26a:	66 e0       	ldi	r22, 0x06	; 6
     26c:	60 83       	st	Z, r22
     26e:	31 97       	sbiw	r30, 0x01	; 1
     270:	67 e0       	ldi	r22, 0x07	; 7
     272:	60 83       	st	Z, r22
     274:	31 97       	sbiw	r30, 0x01	; 1
     276:	68 e0       	ldi	r22, 0x08	; 8
     278:	60 83       	st	Z, r22
     27a:	31 97       	sbiw	r30, 0x01	; 1
     27c:	69 e0       	ldi	r22, 0x09	; 9
     27e:	60 83       	st	Z, r22
     280:	31 97       	sbiw	r30, 0x01	; 1
     282:	60 e1       	ldi	r22, 0x10	; 16
     284:	60 83       	st	Z, r22
     286:	31 97       	sbiw	r30, 0x01	; 1
     288:	30 83       	st	Z, r19
     28a:	31 97       	sbiw	r30, 0x01	; 1
     28c:	32 e1       	ldi	r19, 0x12	; 18
     28e:	30 83       	st	Z, r19
     290:	31 97       	sbiw	r30, 0x01	; 1
     292:	33 e1       	ldi	r19, 0x13	; 19
     294:	30 83       	st	Z, r19
     296:	31 97       	sbiw	r30, 0x01	; 1
     298:	34 e1       	ldi	r19, 0x14	; 20
     29a:	30 83       	st	Z, r19
     29c:	31 97       	sbiw	r30, 0x01	; 1
     29e:	35 e1       	ldi	r19, 0x15	; 21
     2a0:	30 83       	st	Z, r19
     2a2:	31 97       	sbiw	r30, 0x01	; 1
     2a4:	36 e1       	ldi	r19, 0x16	; 22
     2a6:	30 83       	st	Z, r19
     2a8:	31 97       	sbiw	r30, 0x01	; 1
     2aa:	37 e1       	ldi	r19, 0x17	; 23
     2ac:	30 83       	st	Z, r19
     2ae:	31 97       	sbiw	r30, 0x01	; 1
     2b0:	38 e1       	ldi	r19, 0x18	; 24
     2b2:	30 83       	st	Z, r19
     2b4:	31 97       	sbiw	r30, 0x01	; 1
     2b6:	39 e1       	ldi	r19, 0x19	; 25
     2b8:	30 83       	st	Z, r19
     2ba:	31 97       	sbiw	r30, 0x01	; 1
     2bc:	30 e2       	ldi	r19, 0x20	; 32
     2be:	30 83       	st	Z, r19
     2c0:	31 97       	sbiw	r30, 0x01	; 1
     2c2:	31 e2       	ldi	r19, 0x21	; 33
     2c4:	30 83       	st	Z, r19
     2c6:	31 97       	sbiw	r30, 0x01	; 1
     2c8:	20 83       	st	Z, r18
     2ca:	31 97       	sbiw	r30, 0x01	; 1
     2cc:	23 e2       	ldi	r18, 0x23	; 35
     2ce:	20 83       	st	Z, r18
     2d0:	31 97       	sbiw	r30, 0x01	; 1
     2d2:	40 83       	st	Z, r20
     2d4:	31 97       	sbiw	r30, 0x01	; 1
     2d6:	50 83       	st	Z, r21
     2d8:	31 97       	sbiw	r30, 0x01	; 1
     2da:	26 e2       	ldi	r18, 0x26	; 38
     2dc:	20 83       	st	Z, r18
     2de:	31 97       	sbiw	r30, 0x01	; 1
     2e0:	27 e2       	ldi	r18, 0x27	; 39
     2e2:	20 83       	st	Z, r18
     2e4:	31 97       	sbiw	r30, 0x01	; 1
     2e6:	28 e2       	ldi	r18, 0x28	; 40
     2e8:	20 83       	st	Z, r18
     2ea:	31 97       	sbiw	r30, 0x01	; 1
     2ec:	29 e2       	ldi	r18, 0x29	; 41
     2ee:	20 83       	st	Z, r18
     2f0:	31 97       	sbiw	r30, 0x01	; 1
     2f2:	20 e3       	ldi	r18, 0x30	; 48
     2f4:	20 83       	st	Z, r18
     2f6:	31 97       	sbiw	r30, 0x01	; 1
     2f8:	21 e3       	ldi	r18, 0x31	; 49
     2fa:	20 83       	st	Z, r18
     2fc:	86 97       	sbiw	r24, 0x26	; 38
     2fe:	08 95       	ret

00000300 <xPortStartScheduler>:
     300:	10 92 89 00 	sts	0x0089, r1	; 0x800089 <__TEXT_REGION_LENGTH__+0x7f8089>
     304:	89 ef       	ldi	r24, 0xF9	; 249
     306:	80 93 88 00 	sts	0x0088, r24	; 0x800088 <__TEXT_REGION_LENGTH__+0x7f8088>
     30a:	e1 e8       	ldi	r30, 0x81	; 129
     30c:	f0 e0       	ldi	r31, 0x00	; 0
     30e:	80 81       	ld	r24, Z
     310:	8b 60       	ori	r24, 0x0B	; 11
     312:	80 83       	st	Z, r24
     314:	ef e6       	ldi	r30, 0x6F	; 111
     316:	f0 e0       	ldi	r31, 0x00	; 0
     318:	80 81       	ld	r24, Z
     31a:	82 60       	ori	r24, 0x02	; 2
     31c:	80 83       	st	Z, r24
     31e:	a0 91 70 07 	lds	r26, 0x0770	; 0x800770 <pxCurrentTCB>
     322:	b0 91 71 07 	lds	r27, 0x0771	; 0x800771 <pxCurrentTCB+0x1>
     326:	cd 91       	ld	r28, X+
     328:	cd bf       	out	0x3d, r28	; 61
     32a:	dd 91       	ld	r29, X+
     32c:	de bf       	out	0x3e, r29	; 62
     32e:	ff 91       	pop	r31
     330:	ef 91       	pop	r30
     332:	df 91       	pop	r29
     334:	cf 91       	pop	r28
     336:	bf 91       	pop	r27
     338:	af 91       	pop	r26
     33a:	9f 91       	pop	r25
     33c:	8f 91       	pop	r24
     33e:	7f 91       	pop	r23
     340:	6f 91       	pop	r22
     342:	5f 91       	pop	r21
     344:	4f 91       	pop	r20
     346:	3f 91       	pop	r19
     348:	2f 91       	pop	r18
     34a:	1f 91       	pop	r17
     34c:	0f 91       	pop	r16
     34e:	ff 90       	pop	r15
     350:	ef 90       	pop	r14
     352:	df 90       	pop	r13
     354:	cf 90       	pop	r12
     356:	bf 90       	pop	r11
     358:	af 90       	pop	r10
     35a:	9f 90       	pop	r9
     35c:	8f 90       	pop	r8
     35e:	7f 90       	pop	r7
     360:	6f 90       	pop	r6
     362:	5f 90       	pop	r5
     364:	4f 90       	pop	r4
     366:	3f 90       	pop	r3
     368:	2f 90       	pop	r2
     36a:	1f 90       	pop	r1
     36c:	0f 90       	pop	r0
     36e:	0f be       	out	0x3f, r0	; 63
     370:	0f 90       	pop	r0
     372:	08 95       	ret
     374:	81 e0       	ldi	r24, 0x01	; 1
     376:	08 95       	ret

00000378 <vPortYield>:
     378:	0f 92       	push	r0
     37a:	0f b6       	in	r0, 0x3f	; 63
     37c:	f8 94       	cli
     37e:	0f 92       	push	r0
     380:	1f 92       	push	r1
     382:	11 24       	eor	r1, r1
     384:	2f 92       	push	r2
     386:	3f 92       	push	r3
     388:	4f 92       	push	r4
     38a:	5f 92       	push	r5
     38c:	6f 92       	push	r6
     38e:	7f 92       	push	r7
     390:	8f 92       	push	r8
     392:	9f 92       	push	r9
     394:	af 92       	push	r10
     396:	bf 92       	push	r11
     398:	cf 92       	push	r12
     39a:	df 92       	push	r13
     39c:	ef 92       	push	r14
     39e:	ff 92       	push	r15
     3a0:	0f 93       	push	r16
     3a2:	1f 93       	push	r17
     3a4:	2f 93       	push	r18
     3a6:	3f 93       	push	r19
     3a8:	4f 93       	push	r20
     3aa:	5f 93       	push	r21
     3ac:	6f 93       	push	r22
     3ae:	7f 93       	push	r23
     3b0:	8f 93       	push	r24
     3b2:	9f 93       	push	r25
     3b4:	af 93       	push	r26
     3b6:	bf 93       	push	r27
     3b8:	cf 93       	push	r28
     3ba:	df 93       	push	r29
     3bc:	ef 93       	push	r30
     3be:	ff 93       	push	r31
     3c0:	a0 91 70 07 	lds	r26, 0x0770	; 0x800770 <pxCurrentTCB>
     3c4:	b0 91 71 07 	lds	r27, 0x0771	; 0x800771 <pxCurrentTCB+0x1>
     3c8:	0d b6       	in	r0, 0x3d	; 61
     3ca:	0d 92       	st	X+, r0
     3cc:	0e b6       	in	r0, 0x3e	; 62
     3ce:	0d 92       	st	X+, r0
     3d0:	0e 94 c4 07 	call	0xf88	; 0xf88 <vTaskSwitchContext>
     3d4:	a0 91 70 07 	lds	r26, 0x0770	; 0x800770 <pxCurrentTCB>
     3d8:	b0 91 71 07 	lds	r27, 0x0771	; 0x800771 <pxCurrentTCB+0x1>
     3dc:	cd 91       	ld	r28, X+
     3de:	cd bf       	out	0x3d, r28	; 61
     3e0:	dd 91       	ld	r29, X+
     3e2:	de bf       	out	0x3e, r29	; 62
     3e4:	ff 91       	pop	r31
     3e6:	ef 91       	pop	r30
     3e8:	df 91       	pop	r29
     3ea:	cf 91       	pop	r28
     3ec:	bf 91       	pop	r27
     3ee:	af 91       	pop	r26
     3f0:	9f 91       	pop	r25
     3f2:	8f 91       	pop	r24
     3f4:	7f 91       	pop	r23
     3f6:	6f 91       	pop	r22
     3f8:	5f 91       	pop	r21
     3fa:	4f 91       	pop	r20
     3fc:	3f 91       	pop	r19
     3fe:	2f 91       	pop	r18
     400:	1f 91       	pop	r17
     402:	0f 91       	pop	r16
     404:	ff 90       	pop	r15
     406:	ef 90       	pop	r14
     408:	df 90       	pop	r13
     40a:	cf 90       	pop	r12
     40c:	bf 90       	pop	r11
     40e:	af 90       	pop	r10
     410:	9f 90       	pop	r9
     412:	8f 90       	pop	r8
     414:	7f 90       	pop	r7
     416:	6f 90       	pop	r6
     418:	5f 90       	pop	r5
     41a:	4f 90       	pop	r4
     41c:	3f 90       	pop	r3
     41e:	2f 90       	pop	r2
     420:	1f 90       	pop	r1
     422:	0f 90       	pop	r0
     424:	0f be       	out	0x3f, r0	; 63
     426:	0f 90       	pop	r0
     428:	08 95       	ret

0000042a <vPortYieldFromTick>:
     42a:	0f 92       	push	r0
     42c:	0f b6       	in	r0, 0x3f	; 63
     42e:	f8 94       	cli
     430:	0f 92       	push	r0
     432:	1f 92       	push	r1
     434:	11 24       	eor	r1, r1
     436:	2f 92       	push	r2
     438:	3f 92       	push	r3
     43a:	4f 92       	push	r4
     43c:	5f 92       	push	r5
     43e:	6f 92       	push	r6
     440:	7f 92       	push	r7
     442:	8f 92       	push	r8
     444:	9f 92       	push	r9
     446:	af 92       	push	r10
     448:	bf 92       	push	r11
     44a:	cf 92       	push	r12
     44c:	df 92       	push	r13
     44e:	ef 92       	push	r14
     450:	ff 92       	push	r15
     452:	0f 93       	push	r16
     454:	1f 93       	push	r17
     456:	2f 93       	push	r18
     458:	3f 93       	push	r19
     45a:	4f 93       	push	r20
     45c:	5f 93       	push	r21
     45e:	6f 93       	push	r22
     460:	7f 93       	push	r23
     462:	8f 93       	push	r24
     464:	9f 93       	push	r25
     466:	af 93       	push	r26
     468:	bf 93       	push	r27
     46a:	cf 93       	push	r28
     46c:	df 93       	push	r29
     46e:	ef 93       	push	r30
     470:	ff 93       	push	r31
     472:	a0 91 70 07 	lds	r26, 0x0770	; 0x800770 <pxCurrentTCB>
     476:	b0 91 71 07 	lds	r27, 0x0771	; 0x800771 <pxCurrentTCB+0x1>
     47a:	0d b6       	in	r0, 0x3d	; 61
     47c:	0d 92       	st	X+, r0
     47e:	0e b6       	in	r0, 0x3e	; 62
     480:	0d 92       	st	X+, r0
     482:	0e 94 60 06 	call	0xcc0	; 0xcc0 <xTaskIncrementTick>
     486:	81 11       	cpse	r24, r1
     488:	0e 94 c4 07 	call	0xf88	; 0xf88 <vTaskSwitchContext>
     48c:	a0 91 70 07 	lds	r26, 0x0770	; 0x800770 <pxCurrentTCB>
     490:	b0 91 71 07 	lds	r27, 0x0771	; 0x800771 <pxCurrentTCB+0x1>
     494:	cd 91       	ld	r28, X+
     496:	cd bf       	out	0x3d, r28	; 61
     498:	dd 91       	ld	r29, X+
     49a:	de bf       	out	0x3e, r29	; 62
     49c:	ff 91       	pop	r31
     49e:	ef 91       	pop	r30
     4a0:	df 91       	pop	r29
     4a2:	cf 91       	pop	r28
     4a4:	bf 91       	pop	r27
     4a6:	af 91       	pop	r26
     4a8:	9f 91       	pop	r25
     4aa:	8f 91       	pop	r24
     4ac:	7f 91       	pop	r23
     4ae:	6f 91       	pop	r22
     4b0:	5f 91       	pop	r21
     4b2:	4f 91       	pop	r20
     4b4:	3f 91       	pop	r19
     4b6:	2f 91       	pop	r18
     4b8:	1f 91       	pop	r17
     4ba:	0f 91       	pop	r16
     4bc:	ff 90       	pop	r15
     4be:	ef 90       	pop	r14
     4c0:	df 90       	pop	r13
     4c2:	cf 90       	pop	r12
     4c4:	bf 90       	pop	r11
     4c6:	af 90       	pop	r10
     4c8:	9f 90       	pop	r9
     4ca:	8f 90       	pop	r8
     4cc:	7f 90       	pop	r7
     4ce:	6f 90       	pop	r6
     4d0:	5f 90       	pop	r5
     4d2:	4f 90       	pop	r4
     4d4:	3f 90       	pop	r3
     4d6:	2f 90       	pop	r2
     4d8:	1f 90       	pop	r1
     4da:	0f 90       	pop	r0
     4dc:	0f be       	out	0x3f, r0	; 63
     4de:	0f 90       	pop	r0
     4e0:	08 95       	ret

000004e2 <__vector_11>:
     4e2:	0e 94 15 02 	call	0x42a	; 0x42a <vPortYieldFromTick>
     4e6:	18 95       	reti

000004e8 <prvCopyDataToQueue>:
     4e8:	0f 93       	push	r16
     4ea:	1f 93       	push	r17
     4ec:	cf 93       	push	r28
     4ee:	df 93       	push	r29
     4f0:	ec 01       	movw	r28, r24
     4f2:	04 2f       	mov	r16, r20
     4f4:	1a 8d       	ldd	r17, Y+26	; 0x1a
     4f6:	4c 8d       	ldd	r20, Y+28	; 0x1c
     4f8:	44 23       	and	r20, r20
     4fa:	b1 f1       	breq	.+108    	; 0x568 <prvCopyDataToQueue+0x80>
     4fc:	50 e0       	ldi	r21, 0x00	; 0
     4fe:	01 11       	cpse	r16, r1
     500:	15 c0       	rjmp	.+42     	; 0x52c <prvCopyDataToQueue+0x44>
     502:	8c 81       	ldd	r24, Y+4	; 0x04
     504:	9d 81       	ldd	r25, Y+5	; 0x05
     506:	0e 94 77 0d 	call	0x1aee	; 0x1aee <memcpy>
     50a:	2c 8d       	ldd	r18, Y+28	; 0x1c
     50c:	8c 81       	ldd	r24, Y+4	; 0x04
     50e:	9d 81       	ldd	r25, Y+5	; 0x05
     510:	82 0f       	add	r24, r18
     512:	91 1d       	adc	r25, r1
     514:	9d 83       	std	Y+5, r25	; 0x05
     516:	8c 83       	std	Y+4, r24	; 0x04
     518:	2a 81       	ldd	r18, Y+2	; 0x02
     51a:	3b 81       	ldd	r19, Y+3	; 0x03
     51c:	82 17       	cp	r24, r18
     51e:	93 07       	cpc	r25, r19
     520:	18 f1       	brcs	.+70     	; 0x568 <prvCopyDataToQueue+0x80>
     522:	88 81       	ld	r24, Y
     524:	99 81       	ldd	r25, Y+1	; 0x01
     526:	9d 83       	std	Y+5, r25	; 0x05
     528:	8c 83       	std	Y+4, r24	; 0x04
     52a:	1e c0       	rjmp	.+60     	; 0x568 <prvCopyDataToQueue+0x80>
     52c:	8e 81       	ldd	r24, Y+6	; 0x06
     52e:	9f 81       	ldd	r25, Y+7	; 0x07
     530:	0e 94 77 0d 	call	0x1aee	; 0x1aee <memcpy>
     534:	8c 8d       	ldd	r24, Y+28	; 0x1c
     536:	90 e0       	ldi	r25, 0x00	; 0
     538:	91 95       	neg	r25
     53a:	81 95       	neg	r24
     53c:	91 09       	sbc	r25, r1
     53e:	2e 81       	ldd	r18, Y+6	; 0x06
     540:	3f 81       	ldd	r19, Y+7	; 0x07
     542:	28 0f       	add	r18, r24
     544:	39 1f       	adc	r19, r25
     546:	3f 83       	std	Y+7, r19	; 0x07
     548:	2e 83       	std	Y+6, r18	; 0x06
     54a:	48 81       	ld	r20, Y
     54c:	59 81       	ldd	r21, Y+1	; 0x01
     54e:	24 17       	cp	r18, r20
     550:	35 07       	cpc	r19, r21
     552:	30 f4       	brcc	.+12     	; 0x560 <prvCopyDataToQueue+0x78>
     554:	2a 81       	ldd	r18, Y+2	; 0x02
     556:	3b 81       	ldd	r19, Y+3	; 0x03
     558:	82 0f       	add	r24, r18
     55a:	93 1f       	adc	r25, r19
     55c:	9f 83       	std	Y+7, r25	; 0x07
     55e:	8e 83       	std	Y+6, r24	; 0x06
     560:	02 30       	cpi	r16, 0x02	; 2
     562:	11 f4       	brne	.+4      	; 0x568 <prvCopyDataToQueue+0x80>
     564:	11 11       	cpse	r17, r1
     566:	11 50       	subi	r17, 0x01	; 1
     568:	1f 5f       	subi	r17, 0xFF	; 255
     56a:	1a 8f       	std	Y+26, r17	; 0x1a
     56c:	80 e0       	ldi	r24, 0x00	; 0
     56e:	df 91       	pop	r29
     570:	cf 91       	pop	r28
     572:	1f 91       	pop	r17
     574:	0f 91       	pop	r16
     576:	08 95       	ret

00000578 <prvCopyDataFromQueue>:
     578:	fc 01       	movw	r30, r24
     57a:	cb 01       	movw	r24, r22
     57c:	44 8d       	ldd	r20, Z+28	; 0x1c
     57e:	44 23       	and	r20, r20
     580:	a1 f0       	breq	.+40     	; 0x5aa <prvCopyDataFromQueue+0x32>
     582:	50 e0       	ldi	r21, 0x00	; 0
     584:	26 81       	ldd	r18, Z+6	; 0x06
     586:	37 81       	ldd	r19, Z+7	; 0x07
     588:	24 0f       	add	r18, r20
     58a:	35 1f       	adc	r19, r21
     58c:	37 83       	std	Z+7, r19	; 0x07
     58e:	26 83       	std	Z+6, r18	; 0x06
     590:	62 81       	ldd	r22, Z+2	; 0x02
     592:	73 81       	ldd	r23, Z+3	; 0x03
     594:	26 17       	cp	r18, r22
     596:	37 07       	cpc	r19, r23
     598:	20 f0       	brcs	.+8      	; 0x5a2 <prvCopyDataFromQueue+0x2a>
     59a:	20 81       	ld	r18, Z
     59c:	31 81       	ldd	r19, Z+1	; 0x01
     59e:	37 83       	std	Z+7, r19	; 0x07
     5a0:	26 83       	std	Z+6, r18	; 0x06
     5a2:	66 81       	ldd	r22, Z+6	; 0x06
     5a4:	77 81       	ldd	r23, Z+7	; 0x07
     5a6:	0c 94 77 0d 	jmp	0x1aee	; 0x1aee <memcpy>
     5aa:	08 95       	ret

000005ac <prvUnlockQueue>:
     5ac:	ef 92       	push	r14
     5ae:	ff 92       	push	r15
     5b0:	1f 93       	push	r17
     5b2:	cf 93       	push	r28
     5b4:	df 93       	push	r29
     5b6:	ec 01       	movw	r28, r24
     5b8:	0f b6       	in	r0, 0x3f	; 63
     5ba:	f8 94       	cli
     5bc:	0f 92       	push	r0
     5be:	1e 8d       	ldd	r17, Y+30	; 0x1e
     5c0:	7c 01       	movw	r14, r24
     5c2:	81 e1       	ldi	r24, 0x11	; 17
     5c4:	e8 0e       	add	r14, r24
     5c6:	f1 1c       	adc	r15, r1
     5c8:	11 16       	cp	r1, r17
     5ca:	5c f4       	brge	.+22     	; 0x5e2 <prvUnlockQueue+0x36>
     5cc:	89 89       	ldd	r24, Y+17	; 0x11
     5ce:	88 23       	and	r24, r24
     5d0:	41 f0       	breq	.+16     	; 0x5e2 <prvUnlockQueue+0x36>
     5d2:	c7 01       	movw	r24, r14
     5d4:	0e 94 18 08 	call	0x1030	; 0x1030 <xTaskRemoveFromEventList>
     5d8:	81 11       	cpse	r24, r1
     5da:	0e 94 95 08 	call	0x112a	; 0x112a <vTaskMissedYield>
     5de:	11 50       	subi	r17, 0x01	; 1
     5e0:	f3 cf       	rjmp	.-26     	; 0x5c8 <prvUnlockQueue+0x1c>
     5e2:	8f ef       	ldi	r24, 0xFF	; 255
     5e4:	8e 8f       	std	Y+30, r24	; 0x1e
     5e6:	0f 90       	pop	r0
     5e8:	0f be       	out	0x3f, r0	; 63
     5ea:	0f b6       	in	r0, 0x3f	; 63
     5ec:	f8 94       	cli
     5ee:	0f 92       	push	r0
     5f0:	1d 8d       	ldd	r17, Y+29	; 0x1d
     5f2:	7e 01       	movw	r14, r28
     5f4:	88 e0       	ldi	r24, 0x08	; 8
     5f6:	e8 0e       	add	r14, r24
     5f8:	f1 1c       	adc	r15, r1
     5fa:	11 16       	cp	r1, r17
     5fc:	5c f4       	brge	.+22     	; 0x614 <prvUnlockQueue+0x68>
     5fe:	88 85       	ldd	r24, Y+8	; 0x08
     600:	88 23       	and	r24, r24
     602:	41 f0       	breq	.+16     	; 0x614 <prvUnlockQueue+0x68>
     604:	c7 01       	movw	r24, r14
     606:	0e 94 18 08 	call	0x1030	; 0x1030 <xTaskRemoveFromEventList>
     60a:	81 11       	cpse	r24, r1
     60c:	0e 94 95 08 	call	0x112a	; 0x112a <vTaskMissedYield>
     610:	11 50       	subi	r17, 0x01	; 1
     612:	f3 cf       	rjmp	.-26     	; 0x5fa <prvUnlockQueue+0x4e>
     614:	8f ef       	ldi	r24, 0xFF	; 255
     616:	8d 8f       	std	Y+29, r24	; 0x1d
     618:	0f 90       	pop	r0
     61a:	0f be       	out	0x3f, r0	; 63
     61c:	df 91       	pop	r29
     61e:	cf 91       	pop	r28
     620:	1f 91       	pop	r17
     622:	ff 90       	pop	r15
     624:	ef 90       	pop	r14
     626:	08 95       	ret

00000628 <xQueueGenericReset>:
     628:	cf 93       	push	r28
     62a:	df 93       	push	r29
     62c:	ec 01       	movw	r28, r24
     62e:	0f b6       	in	r0, 0x3f	; 63
     630:	f8 94       	cli
     632:	0f 92       	push	r0
     634:	28 81       	ld	r18, Y
     636:	39 81       	ldd	r19, Y+1	; 0x01
     638:	9b 8d       	ldd	r25, Y+27	; 0x1b
     63a:	4c 8d       	ldd	r20, Y+28	; 0x1c
     63c:	94 9f       	mul	r25, r20
     63e:	c0 01       	movw	r24, r0
     640:	11 24       	eor	r1, r1
     642:	f9 01       	movw	r30, r18
     644:	e8 0f       	add	r30, r24
     646:	f9 1f       	adc	r31, r25
     648:	fb 83       	std	Y+3, r31	; 0x03
     64a:	ea 83       	std	Y+2, r30	; 0x02
     64c:	1a 8e       	std	Y+26, r1	; 0x1a
     64e:	3d 83       	std	Y+5, r19	; 0x05
     650:	2c 83       	std	Y+4, r18	; 0x04
     652:	84 1b       	sub	r24, r20
     654:	91 09       	sbc	r25, r1
     656:	82 0f       	add	r24, r18
     658:	93 1f       	adc	r25, r19
     65a:	9f 83       	std	Y+7, r25	; 0x07
     65c:	8e 83       	std	Y+6, r24	; 0x06
     65e:	8f ef       	ldi	r24, 0xFF	; 255
     660:	8d 8f       	std	Y+29, r24	; 0x1d
     662:	8e 8f       	std	Y+30, r24	; 0x1e
     664:	61 11       	cpse	r22, r1
     666:	0c c0       	rjmp	.+24     	; 0x680 <xQueueGenericReset+0x58>
     668:	88 85       	ldd	r24, Y+8	; 0x08
     66a:	88 23       	and	r24, r24
     66c:	89 f0       	breq	.+34     	; 0x690 <xQueueGenericReset+0x68>
     66e:	ce 01       	movw	r24, r28
     670:	08 96       	adiw	r24, 0x08	; 8
     672:	0e 94 18 08 	call	0x1030	; 0x1030 <xTaskRemoveFromEventList>
     676:	88 23       	and	r24, r24
     678:	59 f0       	breq	.+22     	; 0x690 <xQueueGenericReset+0x68>
     67a:	0e 94 bc 01 	call	0x378	; 0x378 <vPortYield>
     67e:	08 c0       	rjmp	.+16     	; 0x690 <xQueueGenericReset+0x68>
     680:	ce 01       	movw	r24, r28
     682:	08 96       	adiw	r24, 0x08	; 8
     684:	0e 94 86 00 	call	0x10c	; 0x10c <vListInitialise>
     688:	ce 01       	movw	r24, r28
     68a:	41 96       	adiw	r24, 0x11	; 17
     68c:	0e 94 86 00 	call	0x10c	; 0x10c <vListInitialise>
     690:	0f 90       	pop	r0
     692:	0f be       	out	0x3f, r0	; 63
     694:	81 e0       	ldi	r24, 0x01	; 1
     696:	df 91       	pop	r29
     698:	cf 91       	pop	r28
     69a:	08 95       	ret

0000069c <xQueueGenericCreate>:
     69c:	0f 93       	push	r16
     69e:	1f 93       	push	r17
     6a0:	cf 93       	push	r28
     6a2:	df 93       	push	r29
     6a4:	08 2f       	mov	r16, r24
     6a6:	16 2f       	mov	r17, r22
     6a8:	66 23       	and	r22, r22
     6aa:	21 f0       	breq	.+8      	; 0x6b4 <xQueueGenericCreate+0x18>
     6ac:	86 9f       	mul	r24, r22
     6ae:	c0 01       	movw	r24, r0
     6b0:	11 24       	eor	r1, r1
     6b2:	02 c0       	rjmp	.+4      	; 0x6b8 <xQueueGenericCreate+0x1c>
     6b4:	80 e0       	ldi	r24, 0x00	; 0
     6b6:	90 e0       	ldi	r25, 0x00	; 0
     6b8:	4f 96       	adiw	r24, 0x1f	; 31
     6ba:	0e 94 53 00 	call	0xa6	; 0xa6 <pvPortMalloc>
     6be:	ec 01       	movw	r28, r24
     6c0:	00 97       	sbiw	r24, 0x00	; 0
     6c2:	71 f0       	breq	.+28     	; 0x6e0 <xQueueGenericCreate+0x44>
     6c4:	11 11       	cpse	r17, r1
     6c6:	03 c0       	rjmp	.+6      	; 0x6ce <xQueueGenericCreate+0x32>
     6c8:	99 83       	std	Y+1, r25	; 0x01
     6ca:	88 83       	st	Y, r24
     6cc:	03 c0       	rjmp	.+6      	; 0x6d4 <xQueueGenericCreate+0x38>
     6ce:	4f 96       	adiw	r24, 0x1f	; 31
     6d0:	99 83       	std	Y+1, r25	; 0x01
     6d2:	88 83       	st	Y, r24
     6d4:	0b 8f       	std	Y+27, r16	; 0x1b
     6d6:	1c 8f       	std	Y+28, r17	; 0x1c
     6d8:	61 e0       	ldi	r22, 0x01	; 1
     6da:	ce 01       	movw	r24, r28
     6dc:	0e 94 14 03 	call	0x628	; 0x628 <xQueueGenericReset>
     6e0:	ce 01       	movw	r24, r28
     6e2:	df 91       	pop	r29
     6e4:	cf 91       	pop	r28
     6e6:	1f 91       	pop	r17
     6e8:	0f 91       	pop	r16
     6ea:	08 95       	ret

000006ec <xQueueGenericSend>:
     6ec:	af 92       	push	r10
     6ee:	bf 92       	push	r11
     6f0:	cf 92       	push	r12
     6f2:	df 92       	push	r13
     6f4:	ff 92       	push	r15
     6f6:	0f 93       	push	r16
     6f8:	1f 93       	push	r17
     6fa:	cf 93       	push	r28
     6fc:	df 93       	push	r29
     6fe:	00 d0       	rcall	.+0      	; 0x700 <xQueueGenericSend+0x14>
     700:	00 d0       	rcall	.+0      	; 0x702 <xQueueGenericSend+0x16>
     702:	1f 92       	push	r1
     704:	cd b7       	in	r28, 0x3d	; 61
     706:	de b7       	in	r29, 0x3e	; 62
     708:	8c 01       	movw	r16, r24
     70a:	6b 01       	movw	r12, r22
     70c:	5d 83       	std	Y+5, r21	; 0x05
     70e:	4c 83       	std	Y+4, r20	; 0x04
     710:	f2 2e       	mov	r15, r18
     712:	80 e0       	ldi	r24, 0x00	; 0
     714:	58 01       	movw	r10, r16
     716:	98 e0       	ldi	r25, 0x08	; 8
     718:	a9 0e       	add	r10, r25
     71a:	b1 1c       	adc	r11, r1
     71c:	0f b6       	in	r0, 0x3f	; 63
     71e:	f8 94       	cli
     720:	0f 92       	push	r0
     722:	f8 01       	movw	r30, r16
     724:	22 8d       	ldd	r18, Z+26	; 0x1a
     726:	93 8d       	ldd	r25, Z+27	; 0x1b
     728:	29 17       	cp	r18, r25
     72a:	18 f0       	brcs	.+6      	; 0x732 <xQueueGenericSend+0x46>
     72c:	f2 e0       	ldi	r31, 0x02	; 2
     72e:	ff 12       	cpse	r15, r31
     730:	14 c0       	rjmp	.+40     	; 0x75a <xQueueGenericSend+0x6e>
     732:	4f 2d       	mov	r20, r15
     734:	b6 01       	movw	r22, r12
     736:	c8 01       	movw	r24, r16
     738:	0e 94 74 02 	call	0x4e8	; 0x4e8 <prvCopyDataToQueue>
     73c:	f8 01       	movw	r30, r16
     73e:	91 89       	ldd	r25, Z+17	; 0x11
     740:	99 23       	and	r25, r25
     742:	21 f0       	breq	.+8      	; 0x74c <xQueueGenericSend+0x60>
     744:	c8 01       	movw	r24, r16
     746:	41 96       	adiw	r24, 0x11	; 17
     748:	0e 94 18 08 	call	0x1030	; 0x1030 <xTaskRemoveFromEventList>
     74c:	81 11       	cpse	r24, r1
     74e:	0e 94 bc 01 	call	0x378	; 0x378 <vPortYield>
     752:	0f 90       	pop	r0
     754:	0f be       	out	0x3f, r0	; 63
     756:	81 e0       	ldi	r24, 0x01	; 1
     758:	50 c0       	rjmp	.+160    	; 0x7fa <xQueueGenericSend+0x10e>
     75a:	2c 81       	ldd	r18, Y+4	; 0x04
     75c:	3d 81       	ldd	r19, Y+5	; 0x05
     75e:	23 2b       	or	r18, r19
     760:	19 f4       	brne	.+6      	; 0x768 <xQueueGenericSend+0x7c>
     762:	0f 90       	pop	r0
     764:	0f be       	out	0x3f, r0	; 63
     766:	48 c0       	rjmp	.+144    	; 0x7f8 <xQueueGenericSend+0x10c>
     768:	81 11       	cpse	r24, r1
     76a:	04 c0       	rjmp	.+8      	; 0x774 <xQueueGenericSend+0x88>
     76c:	ce 01       	movw	r24, r28
     76e:	01 96       	adiw	r24, 0x01	; 1
     770:	0e 94 58 08 	call	0x10b0	; 0x10b0 <vTaskSetTimeOutState>
     774:	0f 90       	pop	r0
     776:	0f be       	out	0x3f, r0	; 63
     778:	0e 94 5a 06 	call	0xcb4	; 0xcb4 <vTaskSuspendAll>
     77c:	0f b6       	in	r0, 0x3f	; 63
     77e:	f8 94       	cli
     780:	0f 92       	push	r0
     782:	f8 01       	movw	r30, r16
     784:	85 8d       	ldd	r24, Z+29	; 0x1d
     786:	8f 3f       	cpi	r24, 0xFF	; 255
     788:	09 f4       	brne	.+2      	; 0x78c <xQueueGenericSend+0xa0>
     78a:	15 8e       	std	Z+29, r1	; 0x1d
     78c:	f8 01       	movw	r30, r16
     78e:	86 8d       	ldd	r24, Z+30	; 0x1e
     790:	8f 3f       	cpi	r24, 0xFF	; 255
     792:	09 f4       	brne	.+2      	; 0x796 <xQueueGenericSend+0xaa>
     794:	16 8e       	std	Z+30, r1	; 0x1e
     796:	0f 90       	pop	r0
     798:	0f be       	out	0x3f, r0	; 63
     79a:	be 01       	movw	r22, r28
     79c:	6c 5f       	subi	r22, 0xFC	; 252
     79e:	7f 4f       	sbci	r23, 0xFF	; 255
     7a0:	ce 01       	movw	r24, r28
     7a2:	01 96       	adiw	r24, 0x01	; 1
     7a4:	0e 94 63 08 	call	0x10c6	; 0x10c6 <xTaskCheckForTimeOut>
     7a8:	81 11       	cpse	r24, r1
     7aa:	21 c0       	rjmp	.+66     	; 0x7ee <xQueueGenericSend+0x102>
     7ac:	0f b6       	in	r0, 0x3f	; 63
     7ae:	f8 94       	cli
     7b0:	0f 92       	push	r0
     7b2:	f8 01       	movw	r30, r16
     7b4:	92 8d       	ldd	r25, Z+26	; 0x1a
     7b6:	0f 90       	pop	r0
     7b8:	0f be       	out	0x3f, r0	; 63
     7ba:	83 8d       	ldd	r24, Z+27	; 0x1b
     7bc:	98 13       	cpse	r25, r24
     7be:	11 c0       	rjmp	.+34     	; 0x7e2 <xQueueGenericSend+0xf6>
     7c0:	6c 81       	ldd	r22, Y+4	; 0x04
     7c2:	7d 81       	ldd	r23, Y+5	; 0x05
     7c4:	c5 01       	movw	r24, r10
     7c6:	0e 94 07 08 	call	0x100e	; 0x100e <vTaskPlaceOnEventList>
     7ca:	c8 01       	movw	r24, r16
     7cc:	0e 94 d6 02 	call	0x5ac	; 0x5ac <prvUnlockQueue>
     7d0:	0e 94 0c 07 	call	0xe18	; 0xe18 <xTaskResumeAll>
     7d4:	88 23       	and	r24, r24
     7d6:	11 f0       	breq	.+4      	; 0x7dc <xQueueGenericSend+0xf0>
     7d8:	81 e0       	ldi	r24, 0x01	; 1
     7da:	a0 cf       	rjmp	.-192    	; 0x71c <xQueueGenericSend+0x30>
     7dc:	0e 94 bc 01 	call	0x378	; 0x378 <vPortYield>
     7e0:	fb cf       	rjmp	.-10     	; 0x7d8 <xQueueGenericSend+0xec>
     7e2:	c8 01       	movw	r24, r16
     7e4:	0e 94 d6 02 	call	0x5ac	; 0x5ac <prvUnlockQueue>
     7e8:	0e 94 0c 07 	call	0xe18	; 0xe18 <xTaskResumeAll>
     7ec:	f5 cf       	rjmp	.-22     	; 0x7d8 <xQueueGenericSend+0xec>
     7ee:	c8 01       	movw	r24, r16
     7f0:	0e 94 d6 02 	call	0x5ac	; 0x5ac <prvUnlockQueue>
     7f4:	0e 94 0c 07 	call	0xe18	; 0xe18 <xTaskResumeAll>
     7f8:	80 e0       	ldi	r24, 0x00	; 0
     7fa:	0f 90       	pop	r0
     7fc:	0f 90       	pop	r0
     7fe:	0f 90       	pop	r0
     800:	0f 90       	pop	r0
     802:	0f 90       	pop	r0
     804:	df 91       	pop	r29
     806:	cf 91       	pop	r28
     808:	1f 91       	pop	r17
     80a:	0f 91       	pop	r16
     80c:	ff 90       	pop	r15
     80e:	df 90       	pop	r13
     810:	cf 90       	pop	r12
     812:	bf 90       	pop	r11
     814:	af 90       	pop	r10
     816:	08 95       	ret

00000818 <xQueueGenericReceive>:
     818:	af 92       	push	r10
     81a:	bf 92       	push	r11
     81c:	cf 92       	push	r12
     81e:	df 92       	push	r13
     820:	ef 92       	push	r14
     822:	ff 92       	push	r15
     824:	0f 93       	push	r16
     826:	1f 93       	push	r17
     828:	cf 93       	push	r28
     82a:	df 93       	push	r29
     82c:	00 d0       	rcall	.+0      	; 0x82e <xQueueGenericReceive+0x16>
     82e:	00 d0       	rcall	.+0      	; 0x830 <xQueueGenericReceive+0x18>
     830:	1f 92       	push	r1
     832:	cd b7       	in	r28, 0x3d	; 61
     834:	de b7       	in	r29, 0x3e	; 62
     836:	8c 01       	movw	r16, r24
     838:	6b 01       	movw	r12, r22
     83a:	5d 83       	std	Y+5, r21	; 0x05
     83c:	4c 83       	std	Y+4, r20	; 0x04
     83e:	e2 2e       	mov	r14, r18
     840:	80 e0       	ldi	r24, 0x00	; 0
     842:	58 01       	movw	r10, r16
     844:	91 e1       	ldi	r25, 0x11	; 17
     846:	a9 0e       	add	r10, r25
     848:	b1 1c       	adc	r11, r1
     84a:	0f b6       	in	r0, 0x3f	; 63
     84c:	f8 94       	cli
     84e:	0f 92       	push	r0
     850:	f8 01       	movw	r30, r16
     852:	f2 8c       	ldd	r15, Z+26	; 0x1a
     854:	ff 20       	and	r15, r15
     856:	21 f1       	breq	.+72     	; 0x8a0 <xQueueGenericReceive+0x88>
     858:	a6 80       	ldd	r10, Z+6	; 0x06
     85a:	b7 80       	ldd	r11, Z+7	; 0x07
     85c:	b6 01       	movw	r22, r12
     85e:	c8 01       	movw	r24, r16
     860:	0e 94 bc 02 	call	0x578	; 0x578 <prvCopyDataFromQueue>
     864:	e1 10       	cpse	r14, r1
     866:	0f c0       	rjmp	.+30     	; 0x886 <xQueueGenericReceive+0x6e>
     868:	fa 94       	dec	r15
     86a:	f8 01       	movw	r30, r16
     86c:	f2 8e       	std	Z+26, r15	; 0x1a
     86e:	80 85       	ldd	r24, Z+8	; 0x08
     870:	88 23       	and	r24, r24
     872:	91 f0       	breq	.+36     	; 0x898 <xQueueGenericReceive+0x80>
     874:	c8 01       	movw	r24, r16
     876:	08 96       	adiw	r24, 0x08	; 8
     878:	0e 94 18 08 	call	0x1030	; 0x1030 <xTaskRemoveFromEventList>
     87c:	88 23       	and	r24, r24
     87e:	61 f0       	breq	.+24     	; 0x898 <xQueueGenericReceive+0x80>
     880:	0e 94 bc 01 	call	0x378	; 0x378 <vPortYield>
     884:	09 c0       	rjmp	.+18     	; 0x898 <xQueueGenericReceive+0x80>
     886:	f8 01       	movw	r30, r16
     888:	b7 82       	std	Z+7, r11	; 0x07
     88a:	a6 82       	std	Z+6, r10	; 0x06
     88c:	81 89       	ldd	r24, Z+17	; 0x11
     88e:	88 23       	and	r24, r24
     890:	19 f0       	breq	.+6      	; 0x898 <xQueueGenericReceive+0x80>
     892:	c8 01       	movw	r24, r16
     894:	41 96       	adiw	r24, 0x11	; 17
     896:	f0 cf       	rjmp	.-32     	; 0x878 <xQueueGenericReceive+0x60>
     898:	0f 90       	pop	r0
     89a:	0f be       	out	0x3f, r0	; 63
     89c:	81 e0       	ldi	r24, 0x01	; 1
     89e:	58 c0       	rjmp	.+176    	; 0x950 <__stack+0x51>
     8a0:	2c 81       	ldd	r18, Y+4	; 0x04
     8a2:	3d 81       	ldd	r19, Y+5	; 0x05
     8a4:	23 2b       	or	r18, r19
     8a6:	21 f4       	brne	.+8      	; 0x8b0 <xQueueGenericReceive+0x98>
     8a8:	0f 90       	pop	r0
     8aa:	0f be       	out	0x3f, r0	; 63
     8ac:	80 e0       	ldi	r24, 0x00	; 0
     8ae:	50 c0       	rjmp	.+160    	; 0x950 <__stack+0x51>
     8b0:	81 11       	cpse	r24, r1
     8b2:	04 c0       	rjmp	.+8      	; 0x8bc <xQueueGenericReceive+0xa4>
     8b4:	ce 01       	movw	r24, r28
     8b6:	01 96       	adiw	r24, 0x01	; 1
     8b8:	0e 94 58 08 	call	0x10b0	; 0x10b0 <vTaskSetTimeOutState>
     8bc:	0f 90       	pop	r0
     8be:	0f be       	out	0x3f, r0	; 63
     8c0:	0e 94 5a 06 	call	0xcb4	; 0xcb4 <vTaskSuspendAll>
     8c4:	0f b6       	in	r0, 0x3f	; 63
     8c6:	f8 94       	cli
     8c8:	0f 92       	push	r0
     8ca:	f8 01       	movw	r30, r16
     8cc:	85 8d       	ldd	r24, Z+29	; 0x1d
     8ce:	8f 3f       	cpi	r24, 0xFF	; 255
     8d0:	09 f4       	brne	.+2      	; 0x8d4 <xQueueGenericReceive+0xbc>
     8d2:	15 8e       	std	Z+29, r1	; 0x1d
     8d4:	f8 01       	movw	r30, r16
     8d6:	86 8d       	ldd	r24, Z+30	; 0x1e
     8d8:	8f 3f       	cpi	r24, 0xFF	; 255
     8da:	09 f4       	brne	.+2      	; 0x8de <xQueueGenericReceive+0xc6>
     8dc:	16 8e       	std	Z+30, r1	; 0x1e
     8de:	0f 90       	pop	r0
     8e0:	0f be       	out	0x3f, r0	; 63
     8e2:	be 01       	movw	r22, r28
     8e4:	6c 5f       	subi	r22, 0xFC	; 252
     8e6:	7f 4f       	sbci	r23, 0xFF	; 255
     8e8:	ce 01       	movw	r24, r28
     8ea:	01 96       	adiw	r24, 0x01	; 1
     8ec:	0e 94 63 08 	call	0x10c6	; 0x10c6 <xTaskCheckForTimeOut>
     8f0:	81 11       	cpse	r24, r1
     8f2:	20 c0       	rjmp	.+64     	; 0x934 <__stack+0x35>
     8f4:	0f b6       	in	r0, 0x3f	; 63
     8f6:	f8 94       	cli
     8f8:	0f 92       	push	r0
     8fa:	f8 01       	movw	r30, r16
     8fc:	82 8d       	ldd	r24, Z+26	; 0x1a
     8fe:	0f 90       	pop	r0
     900:	0f be       	out	0x3f, r0	; 63
     902:	81 11       	cpse	r24, r1
     904:	11 c0       	rjmp	.+34     	; 0x928 <__stack+0x29>
     906:	6c 81       	ldd	r22, Y+4	; 0x04
     908:	7d 81       	ldd	r23, Y+5	; 0x05
     90a:	c5 01       	movw	r24, r10
     90c:	0e 94 07 08 	call	0x100e	; 0x100e <vTaskPlaceOnEventList>
     910:	c8 01       	movw	r24, r16
     912:	0e 94 d6 02 	call	0x5ac	; 0x5ac <prvUnlockQueue>
     916:	0e 94 0c 07 	call	0xe18	; 0xe18 <xTaskResumeAll>
     91a:	88 23       	and	r24, r24
     91c:	11 f0       	breq	.+4      	; 0x922 <__stack+0x23>
     91e:	81 e0       	ldi	r24, 0x01	; 1
     920:	94 cf       	rjmp	.-216    	; 0x84a <xQueueGenericReceive+0x32>
     922:	0e 94 bc 01 	call	0x378	; 0x378 <vPortYield>
     926:	fb cf       	rjmp	.-10     	; 0x91e <__stack+0x1f>
     928:	c8 01       	movw	r24, r16
     92a:	0e 94 d6 02 	call	0x5ac	; 0x5ac <prvUnlockQueue>
     92e:	0e 94 0c 07 	call	0xe18	; 0xe18 <xTaskResumeAll>
     932:	f5 cf       	rjmp	.-22     	; 0x91e <__stack+0x1f>
     934:	c8 01       	movw	r24, r16
     936:	0e 94 d6 02 	call	0x5ac	; 0x5ac <prvUnlockQueue>
     93a:	0e 94 0c 07 	call	0xe18	; 0xe18 <xTaskResumeAll>
     93e:	0f b6       	in	r0, 0x3f	; 63
     940:	f8 94       	cli
     942:	0f 92       	push	r0
     944:	f8 01       	movw	r30, r16
     946:	82 8d       	ldd	r24, Z+26	; 0x1a
     948:	0f 90       	pop	r0
     94a:	0f be       	out	0x3f, r0	; 63
     94c:	81 11       	cpse	r24, r1
     94e:	e7 cf       	rjmp	.-50     	; 0x91e <__stack+0x1f>
     950:	0f 90       	pop	r0
     952:	0f 90       	pop	r0
     954:	0f 90       	pop	r0
     956:	0f 90       	pop	r0
     958:	0f 90       	pop	r0
     95a:	df 91       	pop	r29
     95c:	cf 91       	pop	r28
     95e:	1f 91       	pop	r17
     960:	0f 91       	pop	r16
     962:	ff 90       	pop	r15
     964:	ef 90       	pop	r14
     966:	df 90       	pop	r13
     968:	cf 90       	pop	r12
     96a:	bf 90       	pop	r11
     96c:	af 90       	pop	r10
     96e:	08 95       	ret

00000970 <prvResetNextTaskUnblockTime>:
     970:	e0 91 38 07 	lds	r30, 0x0738	; 0x800738 <pxDelayedTaskList>
     974:	f0 91 39 07 	lds	r31, 0x0739	; 0x800739 <pxDelayedTaskList+0x1>
     978:	80 81       	ld	r24, Z
     97a:	81 11       	cpse	r24, r1
     97c:	03 c0       	rjmp	.+6      	; 0x984 <prvResetNextTaskUnblockTime+0x14>
     97e:	8f ef       	ldi	r24, 0xFF	; 255
     980:	9f ef       	ldi	r25, 0xFF	; 255
     982:	0c c0       	rjmp	.+24     	; 0x99c <prvResetNextTaskUnblockTime+0x2c>
     984:	e0 91 38 07 	lds	r30, 0x0738	; 0x800738 <pxDelayedTaskList>
     988:	f0 91 39 07 	lds	r31, 0x0739	; 0x800739 <pxDelayedTaskList+0x1>
     98c:	05 80       	ldd	r0, Z+5	; 0x05
     98e:	f6 81       	ldd	r31, Z+6	; 0x06
     990:	e0 2d       	mov	r30, r0
     992:	06 80       	ldd	r0, Z+6	; 0x06
     994:	f7 81       	ldd	r31, Z+7	; 0x07
     996:	e0 2d       	mov	r30, r0
     998:	82 81       	ldd	r24, Z+2	; 0x02
     99a:	93 81       	ldd	r25, Z+3	; 0x03
     99c:	90 93 10 07 	sts	0x0710, r25	; 0x800710 <xNextTaskUnblockTime+0x1>
     9a0:	80 93 0f 07 	sts	0x070F, r24	; 0x80070f <xNextTaskUnblockTime>
     9a4:	08 95       	ret

000009a6 <prvAddCurrentTaskToDelayedList>:
     9a6:	ff 92       	push	r15
     9a8:	0f 93       	push	r16
     9aa:	1f 93       	push	r17
     9ac:	cf 93       	push	r28
     9ae:	df 93       	push	r29
     9b0:	ec 01       	movw	r28, r24
     9b2:	f6 2e       	mov	r15, r22
     9b4:	00 91 17 07 	lds	r16, 0x0717	; 0x800717 <xTickCount>
     9b8:	10 91 18 07 	lds	r17, 0x0718	; 0x800718 <xTickCount+0x1>
     9bc:	80 91 70 07 	lds	r24, 0x0770	; 0x800770 <pxCurrentTCB>
     9c0:	90 91 71 07 	lds	r25, 0x0771	; 0x800771 <pxCurrentTCB+0x1>
     9c4:	02 96       	adiw	r24, 0x02	; 2
     9c6:	0e 94 f1 00 	call	0x1e2	; 0x1e2 <uxListRemove>
     9ca:	cf 3f       	cpi	r28, 0xFF	; 255
     9cc:	8f ef       	ldi	r24, 0xFF	; 255
     9ce:	d8 07       	cpc	r29, r24
     9d0:	89 f4       	brne	.+34     	; 0x9f4 <prvAddCurrentTaskToDelayedList+0x4e>
     9d2:	ff 20       	and	r15, r15
     9d4:	79 f0       	breq	.+30     	; 0x9f4 <prvAddCurrentTaskToDelayedList+0x4e>
     9d6:	60 91 70 07 	lds	r22, 0x0770	; 0x800770 <pxCurrentTCB>
     9da:	70 91 71 07 	lds	r23, 0x0771	; 0x800771 <pxCurrentTCB+0x1>
     9de:	6e 5f       	subi	r22, 0xFE	; 254
     9e0:	7f 4f       	sbci	r23, 0xFF	; 255
     9e2:	8a e1       	ldi	r24, 0x1A	; 26
     9e4:	97 e0       	ldi	r25, 0x07	; 7
     9e6:	df 91       	pop	r29
     9e8:	cf 91       	pop	r28
     9ea:	1f 91       	pop	r17
     9ec:	0f 91       	pop	r16
     9ee:	ff 90       	pop	r15
     9f0:	0c 94 98 00 	jmp	0x130	; 0x130 <vListInsertEnd>
     9f4:	c0 0f       	add	r28, r16
     9f6:	d1 1f       	adc	r29, r17
     9f8:	e0 91 70 07 	lds	r30, 0x0770	; 0x800770 <pxCurrentTCB>
     9fc:	f0 91 71 07 	lds	r31, 0x0771	; 0x800771 <pxCurrentTCB+0x1>
     a00:	d3 83       	std	Z+3, r29	; 0x03
     a02:	c2 83       	std	Z+2, r28	; 0x02
     a04:	60 91 70 07 	lds	r22, 0x0770	; 0x800770 <pxCurrentTCB>
     a08:	70 91 71 07 	lds	r23, 0x0771	; 0x800771 <pxCurrentTCB+0x1>
     a0c:	c0 17       	cp	r28, r16
     a0e:	d1 07       	cpc	r29, r17
     a10:	68 f4       	brcc	.+26     	; 0xa2c <prvAddCurrentTaskToDelayedList+0x86>
     a12:	80 91 36 07 	lds	r24, 0x0736	; 0x800736 <pxOverflowDelayedTaskList>
     a16:	90 91 37 07 	lds	r25, 0x0737	; 0x800737 <pxOverflowDelayedTaskList+0x1>
     a1a:	6e 5f       	subi	r22, 0xFE	; 254
     a1c:	7f 4f       	sbci	r23, 0xFF	; 255
     a1e:	df 91       	pop	r29
     a20:	cf 91       	pop	r28
     a22:	1f 91       	pop	r17
     a24:	0f 91       	pop	r16
     a26:	ff 90       	pop	r15
     a28:	0c 94 b9 00 	jmp	0x172	; 0x172 <vListInsert>
     a2c:	80 91 38 07 	lds	r24, 0x0738	; 0x800738 <pxDelayedTaskList>
     a30:	90 91 39 07 	lds	r25, 0x0739	; 0x800739 <pxDelayedTaskList+0x1>
     a34:	6e 5f       	subi	r22, 0xFE	; 254
     a36:	7f 4f       	sbci	r23, 0xFF	; 255
     a38:	0e 94 b9 00 	call	0x172	; 0x172 <vListInsert>
     a3c:	80 91 0f 07 	lds	r24, 0x070F	; 0x80070f <xNextTaskUnblockTime>
     a40:	90 91 10 07 	lds	r25, 0x0710	; 0x800710 <xNextTaskUnblockTime+0x1>
     a44:	c8 17       	cp	r28, r24
     a46:	d9 07       	cpc	r29, r25
     a48:	20 f4       	brcc	.+8      	; 0xa52 <prvAddCurrentTaskToDelayedList+0xac>
     a4a:	d0 93 10 07 	sts	0x0710, r29	; 0x800710 <xNextTaskUnblockTime+0x1>
     a4e:	c0 93 0f 07 	sts	0x070F, r28	; 0x80070f <xNextTaskUnblockTime>
     a52:	df 91       	pop	r29
     a54:	cf 91       	pop	r28
     a56:	1f 91       	pop	r17
     a58:	0f 91       	pop	r16
     a5a:	ff 90       	pop	r15
     a5c:	08 95       	ret

00000a5e <xTaskCreate>:
     a5e:	3f 92       	push	r3
     a60:	4f 92       	push	r4
     a62:	5f 92       	push	r5
     a64:	6f 92       	push	r6
     a66:	7f 92       	push	r7
     a68:	8f 92       	push	r8
     a6a:	9f 92       	push	r9
     a6c:	af 92       	push	r10
     a6e:	bf 92       	push	r11
     a70:	cf 92       	push	r12
     a72:	df 92       	push	r13
     a74:	ef 92       	push	r14
     a76:	ff 92       	push	r15
     a78:	0f 93       	push	r16
     a7a:	1f 93       	push	r17
     a7c:	cf 93       	push	r28
     a7e:	df 93       	push	r29
     a80:	4c 01       	movw	r8, r24
     a82:	16 2f       	mov	r17, r22
     a84:	37 2e       	mov	r3, r23
     a86:	6a 01       	movw	r12, r20
     a88:	59 01       	movw	r10, r18
     a8a:	ca 01       	movw	r24, r20
     a8c:	0e 94 53 00 	call	0xa6	; 0xa6 <pvPortMalloc>
     a90:	2c 01       	movw	r4, r24
     a92:	89 2b       	or	r24, r25
     a94:	09 f4       	brne	.+2      	; 0xa98 <xTaskCreate+0x3a>
     a96:	d1 c0       	rjmp	.+418    	; 0xc3a <xTaskCreate+0x1dc>
     a98:	86 e2       	ldi	r24, 0x26	; 38
     a9a:	90 e0       	ldi	r25, 0x00	; 0
     a9c:	0e 94 53 00 	call	0xa6	; 0xa6 <pvPortMalloc>
     aa0:	ec 01       	movw	r28, r24
     aa2:	89 2b       	or	r24, r25
     aa4:	79 f0       	breq	.+30     	; 0xac4 <xTaskCreate+0x66>
     aa6:	58 8e       	std	Y+24, r5	; 0x18
     aa8:	4f 8a       	std	Y+23, r4	; 0x17
     aaa:	c6 01       	movw	r24, r12
     aac:	01 97       	sbiw	r24, 0x01	; 1
     aae:	32 01       	movw	r6, r4
     ab0:	68 0e       	add	r6, r24
     ab2:	79 1e       	adc	r7, r25
     ab4:	be 01       	movw	r22, r28
     ab6:	67 5e       	subi	r22, 0xE7	; 231
     ab8:	7f 4f       	sbci	r23, 0xFF	; 255
     aba:	e1 2f       	mov	r30, r17
     abc:	f3 2d       	mov	r31, r3
     abe:	cf 01       	movw	r24, r30
     ac0:	08 96       	adiw	r24, 0x08	; 8
     ac2:	07 c0       	rjmp	.+14     	; 0xad2 <xTaskCreate+0x74>
     ac4:	c2 01       	movw	r24, r4
     ac6:	0e 94 85 00 	call	0x10a	; 0x10a <vPortFree>
     aca:	b7 c0       	rjmp	.+366    	; 0xc3a <xTaskCreate+0x1dc>
     acc:	e8 17       	cp	r30, r24
     ace:	f9 07       	cpc	r31, r25
     ad0:	49 f0       	breq	.+18     	; 0xae4 <xTaskCreate+0x86>
     ad2:	9f 01       	movw	r18, r30
     ad4:	41 91       	ld	r20, Z+
     ad6:	db 01       	movw	r26, r22
     ad8:	4d 93       	st	X+, r20
     ada:	bd 01       	movw	r22, r26
     adc:	d9 01       	movw	r26, r18
     ade:	2c 91       	ld	r18, X
     ae0:	21 11       	cpse	r18, r1
     ae2:	f4 cf       	rjmp	.-24     	; 0xacc <xTaskCreate+0x6e>
     ae4:	18 a2       	std	Y+32, r1	; 0x20
     ae6:	04 30       	cpi	r16, 0x04	; 4
     ae8:	08 f0       	brcs	.+2      	; 0xaec <xTaskCreate+0x8e>
     aea:	03 e0       	ldi	r16, 0x03	; 3
     aec:	0e 8b       	std	Y+22, r16	; 0x16
     aee:	6e 01       	movw	r12, r28
     af0:	b2 e0       	ldi	r27, 0x02	; 2
     af2:	cb 0e       	add	r12, r27
     af4:	d1 1c       	adc	r13, r1
     af6:	c6 01       	movw	r24, r12
     af8:	0e 94 94 00 	call	0x128	; 0x128 <vListInitialiseItem>
     afc:	ce 01       	movw	r24, r28
     afe:	0c 96       	adiw	r24, 0x0c	; 12
     b00:	0e 94 94 00 	call	0x128	; 0x128 <vListInitialiseItem>
     b04:	d9 87       	std	Y+9, r29	; 0x09
     b06:	c8 87       	std	Y+8, r28	; 0x08
     b08:	84 e0       	ldi	r24, 0x04	; 4
     b0a:	90 e0       	ldi	r25, 0x00	; 0
     b0c:	80 1b       	sub	r24, r16
     b0e:	91 09       	sbc	r25, r1
     b10:	9d 87       	std	Y+13, r25	; 0x0d
     b12:	8c 87       	std	Y+12, r24	; 0x0c
     b14:	db 8b       	std	Y+19, r29	; 0x13
     b16:	ca 8b       	std	Y+18, r28	; 0x12
     b18:	19 a2       	std	Y+33, r1	; 0x21
     b1a:	1a a2       	std	Y+34, r1	; 0x22
     b1c:	1b a2       	std	Y+35, r1	; 0x23
     b1e:	1c a2       	std	Y+36, r1	; 0x24
     b20:	1d a2       	std	Y+37, r1	; 0x25
     b22:	a5 01       	movw	r20, r10
     b24:	b4 01       	movw	r22, r8
     b26:	c3 01       	movw	r24, r6
     b28:	0e 94 14 01 	call	0x228	; 0x228 <pxPortInitialiseStack>
     b2c:	99 83       	std	Y+1, r25	; 0x01
     b2e:	88 83       	st	Y, r24
     b30:	e1 14       	cp	r14, r1
     b32:	f1 04       	cpc	r15, r1
     b34:	19 f0       	breq	.+6      	; 0xb3c <xTaskCreate+0xde>
     b36:	f7 01       	movw	r30, r14
     b38:	d1 83       	std	Z+1, r29	; 0x01
     b3a:	c0 83       	st	Z, r28
     b3c:	0f b6       	in	r0, 0x3f	; 63
     b3e:	f8 94       	cli
     b40:	0f 92       	push	r0
     b42:	80 91 19 07 	lds	r24, 0x0719	; 0x800719 <uxCurrentNumberOfTasks>
     b46:	8f 5f       	subi	r24, 0xFF	; 255
     b48:	80 93 19 07 	sts	0x0719, r24	; 0x800719 <uxCurrentNumberOfTasks>
     b4c:	80 91 70 07 	lds	r24, 0x0770	; 0x800770 <pxCurrentTCB>
     b50:	90 91 71 07 	lds	r25, 0x0771	; 0x800771 <pxCurrentTCB+0x1>
     b54:	89 2b       	or	r24, r25
     b56:	d1 f5       	brne	.+116    	; 0xbcc <xTaskCreate+0x16e>
     b58:	d0 93 71 07 	sts	0x0771, r29	; 0x800771 <pxCurrentTCB+0x1>
     b5c:	c0 93 70 07 	sts	0x0770, r28	; 0x800770 <pxCurrentTCB>
     b60:	80 91 19 07 	lds	r24, 0x0719	; 0x800719 <uxCurrentNumberOfTasks>
     b64:	81 30       	cpi	r24, 0x01	; 1
     b66:	09 f0       	breq	.+2      	; 0xb6a <xTaskCreate+0x10c>
     b68:	41 c0       	rjmp	.+130    	; 0xbec <xTaskCreate+0x18e>
     b6a:	8c e4       	ldi	r24, 0x4C	; 76
     b6c:	97 e0       	ldi	r25, 0x07	; 7
     b6e:	0e 94 86 00 	call	0x10c	; 0x10c <vListInitialise>
     b72:	85 e5       	ldi	r24, 0x55	; 85
     b74:	97 e0       	ldi	r25, 0x07	; 7
     b76:	0e 94 86 00 	call	0x10c	; 0x10c <vListInitialise>
     b7a:	8e e5       	ldi	r24, 0x5E	; 94
     b7c:	97 e0       	ldi	r25, 0x07	; 7
     b7e:	0e 94 86 00 	call	0x10c	; 0x10c <vListInitialise>
     b82:	87 e6       	ldi	r24, 0x67	; 103
     b84:	97 e0       	ldi	r25, 0x07	; 7
     b86:	0e 94 86 00 	call	0x10c	; 0x10c <vListInitialise>
     b8a:	83 e4       	ldi	r24, 0x43	; 67
     b8c:	97 e0       	ldi	r25, 0x07	; 7
     b8e:	0e 94 86 00 	call	0x10c	; 0x10c <vListInitialise>
     b92:	8a e3       	ldi	r24, 0x3A	; 58
     b94:	97 e0       	ldi	r25, 0x07	; 7
     b96:	0e 94 86 00 	call	0x10c	; 0x10c <vListInitialise>
     b9a:	8d e2       	ldi	r24, 0x2D	; 45
     b9c:	97 e0       	ldi	r25, 0x07	; 7
     b9e:	0e 94 86 00 	call	0x10c	; 0x10c <vListInitialise>
     ba2:	84 e2       	ldi	r24, 0x24	; 36
     ba4:	97 e0       	ldi	r25, 0x07	; 7
     ba6:	0e 94 86 00 	call	0x10c	; 0x10c <vListInitialise>
     baa:	8a e1       	ldi	r24, 0x1A	; 26
     bac:	97 e0       	ldi	r25, 0x07	; 7
     bae:	0e 94 86 00 	call	0x10c	; 0x10c <vListInitialise>
     bb2:	83 e4       	ldi	r24, 0x43	; 67
     bb4:	97 e0       	ldi	r25, 0x07	; 7
     bb6:	90 93 39 07 	sts	0x0739, r25	; 0x800739 <pxDelayedTaskList+0x1>
     bba:	80 93 38 07 	sts	0x0738, r24	; 0x800738 <pxDelayedTaskList>
     bbe:	8a e3       	ldi	r24, 0x3A	; 58
     bc0:	97 e0       	ldi	r25, 0x07	; 7
     bc2:	90 93 37 07 	sts	0x0737, r25	; 0x800737 <pxOverflowDelayedTaskList+0x1>
     bc6:	80 93 36 07 	sts	0x0736, r24	; 0x800736 <pxOverflowDelayedTaskList>
     bca:	10 c0       	rjmp	.+32     	; 0xbec <xTaskCreate+0x18e>
     bcc:	80 91 15 07 	lds	r24, 0x0715	; 0x800715 <xSchedulerRunning>
     bd0:	81 11       	cpse	r24, r1
     bd2:	0c c0       	rjmp	.+24     	; 0xbec <xTaskCreate+0x18e>
     bd4:	e0 91 70 07 	lds	r30, 0x0770	; 0x800770 <pxCurrentTCB>
     bd8:	f0 91 71 07 	lds	r31, 0x0771	; 0x800771 <pxCurrentTCB+0x1>
     bdc:	96 89       	ldd	r25, Z+22	; 0x16
     bde:	8e 89       	ldd	r24, Y+22	; 0x16
     be0:	89 17       	cp	r24, r25
     be2:	20 f0       	brcs	.+8      	; 0xbec <xTaskCreate+0x18e>
     be4:	d0 93 71 07 	sts	0x0771, r29	; 0x800771 <pxCurrentTCB+0x1>
     be8:	c0 93 70 07 	sts	0x0770, r28	; 0x800770 <pxCurrentTCB>
     bec:	80 91 11 07 	lds	r24, 0x0711	; 0x800711 <uxTaskNumber>
     bf0:	8f 5f       	subi	r24, 0xFF	; 255
     bf2:	80 93 11 07 	sts	0x0711, r24	; 0x800711 <uxTaskNumber>
     bf6:	8e 89       	ldd	r24, Y+22	; 0x16
     bf8:	90 91 16 07 	lds	r25, 0x0716	; 0x800716 <uxTopReadyPriority>
     bfc:	98 17       	cp	r25, r24
     bfe:	10 f4       	brcc	.+4      	; 0xc04 <xTaskCreate+0x1a6>
     c00:	80 93 16 07 	sts	0x0716, r24	; 0x800716 <uxTopReadyPriority>
     c04:	f9 e0       	ldi	r31, 0x09	; 9
     c06:	8f 9f       	mul	r24, r31
     c08:	c0 01       	movw	r24, r0
     c0a:	11 24       	eor	r1, r1
     c0c:	b6 01       	movw	r22, r12
     c0e:	84 5b       	subi	r24, 0xB4	; 180
     c10:	98 4f       	sbci	r25, 0xF8	; 248
     c12:	0e 94 98 00 	call	0x130	; 0x130 <vListInsertEnd>
     c16:	0f 90       	pop	r0
     c18:	0f be       	out	0x3f, r0	; 63
     c1a:	80 91 15 07 	lds	r24, 0x0715	; 0x800715 <xSchedulerRunning>
     c1e:	88 23       	and	r24, r24
     c20:	51 f0       	breq	.+20     	; 0xc36 <xTaskCreate+0x1d8>
     c22:	e0 91 70 07 	lds	r30, 0x0770	; 0x800770 <pxCurrentTCB>
     c26:	f0 91 71 07 	lds	r31, 0x0771	; 0x800771 <pxCurrentTCB+0x1>
     c2a:	96 89       	ldd	r25, Z+22	; 0x16
     c2c:	8e 89       	ldd	r24, Y+22	; 0x16
     c2e:	98 17       	cp	r25, r24
     c30:	10 f4       	brcc	.+4      	; 0xc36 <xTaskCreate+0x1d8>
     c32:	0e 94 bc 01 	call	0x378	; 0x378 <vPortYield>
     c36:	81 e0       	ldi	r24, 0x01	; 1
     c38:	01 c0       	rjmp	.+2      	; 0xc3c <xTaskCreate+0x1de>
     c3a:	8f ef       	ldi	r24, 0xFF	; 255
     c3c:	df 91       	pop	r29
     c3e:	cf 91       	pop	r28
     c40:	1f 91       	pop	r17
     c42:	0f 91       	pop	r16
     c44:	ff 90       	pop	r15
     c46:	ef 90       	pop	r14
     c48:	df 90       	pop	r13
     c4a:	cf 90       	pop	r12
     c4c:	bf 90       	pop	r11
     c4e:	af 90       	pop	r10
     c50:	9f 90       	pop	r9
     c52:	8f 90       	pop	r8
     c54:	7f 90       	pop	r7
     c56:	6f 90       	pop	r6
     c58:	5f 90       	pop	r5
     c5a:	4f 90       	pop	r4
     c5c:	3f 90       	pop	r3
     c5e:	08 95       	ret

00000c60 <vTaskStartScheduler>:
     c60:	ef 92       	push	r14
     c62:	ff 92       	push	r15
     c64:	0f 93       	push	r16
     c66:	8d e0       	ldi	r24, 0x0D	; 13
     c68:	e8 2e       	mov	r14, r24
     c6a:	87 e0       	ldi	r24, 0x07	; 7
     c6c:	f8 2e       	mov	r15, r24
     c6e:	00 e0       	ldi	r16, 0x00	; 0
     c70:	20 e0       	ldi	r18, 0x00	; 0
     c72:	30 e0       	ldi	r19, 0x00	; 0
     c74:	44 e6       	ldi	r20, 0x64	; 100
     c76:	50 e0       	ldi	r21, 0x00	; 0
     c78:	60 e0       	ldi	r22, 0x00	; 0
     c7a:	71 e0       	ldi	r23, 0x01	; 1
     c7c:	80 e9       	ldi	r24, 0x90	; 144
     c7e:	97 e0       	ldi	r25, 0x07	; 7
     c80:	0e 94 2f 05 	call	0xa5e	; 0xa5e <xTaskCreate>
     c84:	81 30       	cpi	r24, 0x01	; 1
     c86:	91 f4       	brne	.+36     	; 0xcac <vTaskStartScheduler+0x4c>
     c88:	f8 94       	cli
     c8a:	2f ef       	ldi	r18, 0xFF	; 255
     c8c:	3f ef       	ldi	r19, 0xFF	; 255
     c8e:	30 93 10 07 	sts	0x0710, r19	; 0x800710 <xNextTaskUnblockTime+0x1>
     c92:	20 93 0f 07 	sts	0x070F, r18	; 0x80070f <xNextTaskUnblockTime>
     c96:	80 93 15 07 	sts	0x0715, r24	; 0x800715 <xSchedulerRunning>
     c9a:	10 92 18 07 	sts	0x0718, r1	; 0x800718 <xTickCount+0x1>
     c9e:	10 92 17 07 	sts	0x0717, r1	; 0x800717 <xTickCount>
     ca2:	0f 91       	pop	r16
     ca4:	ff 90       	pop	r15
     ca6:	ef 90       	pop	r14
     ca8:	0c 94 80 01 	jmp	0x300	; 0x300 <xPortStartScheduler>
     cac:	0f 91       	pop	r16
     cae:	ff 90       	pop	r15
     cb0:	ef 90       	pop	r14
     cb2:	08 95       	ret

00000cb4 <vTaskSuspendAll>:
     cb4:	80 91 0c 07 	lds	r24, 0x070C	; 0x80070c <uxSchedulerSuspended>
     cb8:	8f 5f       	subi	r24, 0xFF	; 255
     cba:	80 93 0c 07 	sts	0x070C, r24	; 0x80070c <uxSchedulerSuspended>
     cbe:	08 95       	ret

00000cc0 <xTaskIncrementTick>:
     cc0:	cf 92       	push	r12
     cc2:	df 92       	push	r13
     cc4:	ef 92       	push	r14
     cc6:	ff 92       	push	r15
     cc8:	0f 93       	push	r16
     cca:	1f 93       	push	r17
     ccc:	cf 93       	push	r28
     cce:	df 93       	push	r29
     cd0:	80 91 0c 07 	lds	r24, 0x070C	; 0x80070c <uxSchedulerSuspended>
     cd4:	81 11       	cpse	r24, r1
     cd6:	8c c0       	rjmp	.+280    	; 0xdf0 <xTaskIncrementTick+0x130>
     cd8:	00 91 17 07 	lds	r16, 0x0717	; 0x800717 <xTickCount>
     cdc:	10 91 18 07 	lds	r17, 0x0718	; 0x800718 <xTickCount+0x1>
     ce0:	0f 5f       	subi	r16, 0xFF	; 255
     ce2:	1f 4f       	sbci	r17, 0xFF	; 255
     ce4:	10 93 18 07 	sts	0x0718, r17	; 0x800718 <xTickCount+0x1>
     ce8:	00 93 17 07 	sts	0x0717, r16	; 0x800717 <xTickCount>
     cec:	01 15       	cp	r16, r1
     cee:	11 05       	cpc	r17, r1
     cf0:	b9 f4       	brne	.+46     	; 0xd20 <xTaskIncrementTick+0x60>
     cf2:	80 91 38 07 	lds	r24, 0x0738	; 0x800738 <pxDelayedTaskList>
     cf6:	90 91 39 07 	lds	r25, 0x0739	; 0x800739 <pxDelayedTaskList+0x1>
     cfa:	20 91 36 07 	lds	r18, 0x0736	; 0x800736 <pxOverflowDelayedTaskList>
     cfe:	30 91 37 07 	lds	r19, 0x0737	; 0x800737 <pxOverflowDelayedTaskList+0x1>
     d02:	30 93 39 07 	sts	0x0739, r19	; 0x800739 <pxDelayedTaskList+0x1>
     d06:	20 93 38 07 	sts	0x0738, r18	; 0x800738 <pxDelayedTaskList>
     d0a:	90 93 37 07 	sts	0x0737, r25	; 0x800737 <pxOverflowDelayedTaskList+0x1>
     d0e:	80 93 36 07 	sts	0x0736, r24	; 0x800736 <pxOverflowDelayedTaskList>
     d12:	80 91 12 07 	lds	r24, 0x0712	; 0x800712 <xNumOfOverflows>
     d16:	8f 5f       	subi	r24, 0xFF	; 255
     d18:	80 93 12 07 	sts	0x0712, r24	; 0x800712 <xNumOfOverflows>
     d1c:	0e 94 b8 04 	call	0x970	; 0x970 <prvResetNextTaskUnblockTime>
     d20:	80 91 0f 07 	lds	r24, 0x070F	; 0x80070f <xNextTaskUnblockTime>
     d24:	90 91 10 07 	lds	r25, 0x0710	; 0x800710 <xNextTaskUnblockTime+0x1>
     d28:	c0 e0       	ldi	r28, 0x00	; 0
     d2a:	08 17       	cp	r16, r24
     d2c:	19 07       	cpc	r17, r25
     d2e:	08 f4       	brcc	.+2      	; 0xd32 <xTaskIncrementTick+0x72>
     d30:	4f c0       	rjmp	.+158    	; 0xdd0 <xTaskIncrementTick+0x110>
     d32:	d9 e0       	ldi	r29, 0x09	; 9
     d34:	e0 91 38 07 	lds	r30, 0x0738	; 0x800738 <pxDelayedTaskList>
     d38:	f0 91 39 07 	lds	r31, 0x0739	; 0x800739 <pxDelayedTaskList+0x1>
     d3c:	80 81       	ld	r24, Z
     d3e:	81 11       	cpse	r24, r1
     d40:	03 c0       	rjmp	.+6      	; 0xd48 <xTaskIncrementTick+0x88>
     d42:	8f ef       	ldi	r24, 0xFF	; 255
     d44:	9f ef       	ldi	r25, 0xFF	; 255
     d46:	11 c0       	rjmp	.+34     	; 0xd6a <xTaskIncrementTick+0xaa>
     d48:	e0 91 38 07 	lds	r30, 0x0738	; 0x800738 <pxDelayedTaskList>
     d4c:	f0 91 39 07 	lds	r31, 0x0739	; 0x800739 <pxDelayedTaskList+0x1>
     d50:	05 80       	ldd	r0, Z+5	; 0x05
     d52:	f6 81       	ldd	r31, Z+6	; 0x06
     d54:	e0 2d       	mov	r30, r0
     d56:	e6 80       	ldd	r14, Z+6	; 0x06
     d58:	f7 80       	ldd	r15, Z+7	; 0x07
     d5a:	d7 01       	movw	r26, r14
     d5c:	12 96       	adiw	r26, 0x02	; 2
     d5e:	8d 91       	ld	r24, X+
     d60:	9c 91       	ld	r25, X
     d62:	13 97       	sbiw	r26, 0x03	; 3
     d64:	08 17       	cp	r16, r24
     d66:	19 07       	cpc	r17, r25
     d68:	28 f4       	brcc	.+10     	; 0xd74 <xTaskIncrementTick+0xb4>
     d6a:	90 93 10 07 	sts	0x0710, r25	; 0x800710 <xNextTaskUnblockTime+0x1>
     d6e:	80 93 0f 07 	sts	0x070F, r24	; 0x80070f <xNextTaskUnblockTime>
     d72:	2e c0       	rjmp	.+92     	; 0xdd0 <xTaskIncrementTick+0x110>
     d74:	67 01       	movw	r12, r14
     d76:	b2 e0       	ldi	r27, 0x02	; 2
     d78:	cb 0e       	add	r12, r27
     d7a:	d1 1c       	adc	r13, r1
     d7c:	c6 01       	movw	r24, r12
     d7e:	0e 94 f1 00 	call	0x1e2	; 0x1e2 <uxListRemove>
     d82:	f7 01       	movw	r30, r14
     d84:	84 89       	ldd	r24, Z+20	; 0x14
     d86:	95 89       	ldd	r25, Z+21	; 0x15
     d88:	89 2b       	or	r24, r25
     d8a:	21 f0       	breq	.+8      	; 0xd94 <xTaskIncrementTick+0xd4>
     d8c:	c7 01       	movw	r24, r14
     d8e:	0c 96       	adiw	r24, 0x0c	; 12
     d90:	0e 94 f1 00 	call	0x1e2	; 0x1e2 <uxListRemove>
     d94:	d7 01       	movw	r26, r14
     d96:	56 96       	adiw	r26, 0x16	; 22
     d98:	8c 91       	ld	r24, X
     d9a:	90 91 16 07 	lds	r25, 0x0716	; 0x800716 <uxTopReadyPriority>
     d9e:	98 17       	cp	r25, r24
     da0:	10 f4       	brcc	.+4      	; 0xda6 <xTaskIncrementTick+0xe6>
     da2:	80 93 16 07 	sts	0x0716, r24	; 0x800716 <uxTopReadyPriority>
     da6:	d8 9f       	mul	r29, r24
     da8:	c0 01       	movw	r24, r0
     daa:	11 24       	eor	r1, r1
     dac:	b6 01       	movw	r22, r12
     dae:	84 5b       	subi	r24, 0xB4	; 180
     db0:	98 4f       	sbci	r25, 0xF8	; 248
     db2:	0e 94 98 00 	call	0x130	; 0x130 <vListInsertEnd>
     db6:	e0 91 70 07 	lds	r30, 0x0770	; 0x800770 <pxCurrentTCB>
     dba:	f0 91 71 07 	lds	r31, 0x0771	; 0x800771 <pxCurrentTCB+0x1>
     dbe:	d7 01       	movw	r26, r14
     dc0:	56 96       	adiw	r26, 0x16	; 22
     dc2:	9c 91       	ld	r25, X
     dc4:	86 89       	ldd	r24, Z+22	; 0x16
     dc6:	98 17       	cp	r25, r24
     dc8:	08 f4       	brcc	.+2      	; 0xdcc <xTaskIncrementTick+0x10c>
     dca:	b4 cf       	rjmp	.-152    	; 0xd34 <xTaskIncrementTick+0x74>
     dcc:	c1 e0       	ldi	r28, 0x01	; 1
     dce:	b2 cf       	rjmp	.-156    	; 0xd34 <xTaskIncrementTick+0x74>
     dd0:	e0 91 70 07 	lds	r30, 0x0770	; 0x800770 <pxCurrentTCB>
     dd4:	f0 91 71 07 	lds	r31, 0x0771	; 0x800771 <pxCurrentTCB+0x1>
     dd8:	e6 89       	ldd	r30, Z+22	; 0x16
     dda:	b9 e0       	ldi	r27, 0x09	; 9
     ddc:	eb 9f       	mul	r30, r27
     dde:	f0 01       	movw	r30, r0
     de0:	11 24       	eor	r1, r1
     de2:	e4 5b       	subi	r30, 0xB4	; 180
     de4:	f8 4f       	sbci	r31, 0xF8	; 248
     de6:	80 81       	ld	r24, Z
     de8:	82 30       	cpi	r24, 0x02	; 2
     dea:	40 f0       	brcs	.+16     	; 0xdfc <xTaskIncrementTick+0x13c>
     dec:	c1 e0       	ldi	r28, 0x01	; 1
     dee:	06 c0       	rjmp	.+12     	; 0xdfc <xTaskIncrementTick+0x13c>
     df0:	80 91 14 07 	lds	r24, 0x0714	; 0x800714 <uxPendedTicks>
     df4:	8f 5f       	subi	r24, 0xFF	; 255
     df6:	80 93 14 07 	sts	0x0714, r24	; 0x800714 <uxPendedTicks>
     dfa:	c0 e0       	ldi	r28, 0x00	; 0
     dfc:	80 91 13 07 	lds	r24, 0x0713	; 0x800713 <xYieldPending>
     e00:	81 11       	cpse	r24, r1
     e02:	c1 e0       	ldi	r28, 0x01	; 1
     e04:	8c 2f       	mov	r24, r28
     e06:	df 91       	pop	r29
     e08:	cf 91       	pop	r28
     e0a:	1f 91       	pop	r17
     e0c:	0f 91       	pop	r16
     e0e:	ff 90       	pop	r15
     e10:	ef 90       	pop	r14
     e12:	df 90       	pop	r13
     e14:	cf 90       	pop	r12
     e16:	08 95       	ret

00000e18 <xTaskResumeAll>:
     e18:	ef 92       	push	r14
     e1a:	ff 92       	push	r15
     e1c:	0f 93       	push	r16
     e1e:	1f 93       	push	r17
     e20:	cf 93       	push	r28
     e22:	df 93       	push	r29
     e24:	0f b6       	in	r0, 0x3f	; 63
     e26:	f8 94       	cli
     e28:	0f 92       	push	r0
     e2a:	80 91 0c 07 	lds	r24, 0x070C	; 0x80070c <uxSchedulerSuspended>
     e2e:	81 50       	subi	r24, 0x01	; 1
     e30:	80 93 0c 07 	sts	0x070C, r24	; 0x80070c <uxSchedulerSuspended>
     e34:	80 91 0c 07 	lds	r24, 0x070C	; 0x80070c <uxSchedulerSuspended>
     e38:	88 23       	and	r24, r24
     e3a:	11 f0       	breq	.+4      	; 0xe40 <xTaskResumeAll+0x28>
     e3c:	80 e0       	ldi	r24, 0x00	; 0
     e3e:	52 c0       	rjmp	.+164    	; 0xee4 <xTaskResumeAll+0xcc>
     e40:	80 91 19 07 	lds	r24, 0x0719	; 0x800719 <uxCurrentNumberOfTasks>
     e44:	88 23       	and	r24, r24
     e46:	d1 f3       	breq	.-12     	; 0xe3c <xTaskResumeAll+0x24>
     e48:	c0 e0       	ldi	r28, 0x00	; 0
     e4a:	d0 e0       	ldi	r29, 0x00	; 0
     e4c:	89 e0       	ldi	r24, 0x09	; 9
     e4e:	f8 2e       	mov	r15, r24
     e50:	ee 24       	eor	r14, r14
     e52:	e3 94       	inc	r14
     e54:	80 91 2d 07 	lds	r24, 0x072D	; 0x80072d <xPendingReadyList>
     e58:	88 23       	and	r24, r24
     e5a:	51 f1       	breq	.+84     	; 0xeb0 <xTaskResumeAll+0x98>
     e5c:	e0 91 32 07 	lds	r30, 0x0732	; 0x800732 <xPendingReadyList+0x5>
     e60:	f0 91 33 07 	lds	r31, 0x0733	; 0x800733 <xPendingReadyList+0x6>
     e64:	c6 81       	ldd	r28, Z+6	; 0x06
     e66:	d7 81       	ldd	r29, Z+7	; 0x07
     e68:	ce 01       	movw	r24, r28
     e6a:	0c 96       	adiw	r24, 0x0c	; 12
     e6c:	0e 94 f1 00 	call	0x1e2	; 0x1e2 <uxListRemove>
     e70:	8e 01       	movw	r16, r28
     e72:	0e 5f       	subi	r16, 0xFE	; 254
     e74:	1f 4f       	sbci	r17, 0xFF	; 255
     e76:	c8 01       	movw	r24, r16
     e78:	0e 94 f1 00 	call	0x1e2	; 0x1e2 <uxListRemove>
     e7c:	8e 89       	ldd	r24, Y+22	; 0x16
     e7e:	90 91 16 07 	lds	r25, 0x0716	; 0x800716 <uxTopReadyPriority>
     e82:	98 17       	cp	r25, r24
     e84:	10 f4       	brcc	.+4      	; 0xe8a <xTaskResumeAll+0x72>
     e86:	80 93 16 07 	sts	0x0716, r24	; 0x800716 <uxTopReadyPriority>
     e8a:	f8 9e       	mul	r15, r24
     e8c:	c0 01       	movw	r24, r0
     e8e:	11 24       	eor	r1, r1
     e90:	b8 01       	movw	r22, r16
     e92:	84 5b       	subi	r24, 0xB4	; 180
     e94:	98 4f       	sbci	r25, 0xF8	; 248
     e96:	0e 94 98 00 	call	0x130	; 0x130 <vListInsertEnd>
     e9a:	e0 91 70 07 	lds	r30, 0x0770	; 0x800770 <pxCurrentTCB>
     e9e:	f0 91 71 07 	lds	r31, 0x0771	; 0x800771 <pxCurrentTCB+0x1>
     ea2:	9e 89       	ldd	r25, Y+22	; 0x16
     ea4:	86 89       	ldd	r24, Z+22	; 0x16
     ea6:	98 17       	cp	r25, r24
     ea8:	a8 f2       	brcs	.-86     	; 0xe54 <xTaskResumeAll+0x3c>
     eaa:	e0 92 13 07 	sts	0x0713, r14	; 0x800713 <xYieldPending>
     eae:	d2 cf       	rjmp	.-92     	; 0xe54 <xTaskResumeAll+0x3c>
     eb0:	cd 2b       	or	r28, r29
     eb2:	11 f0       	breq	.+4      	; 0xeb8 <xTaskResumeAll+0xa0>
     eb4:	0e 94 b8 04 	call	0x970	; 0x970 <prvResetNextTaskUnblockTime>
     eb8:	c0 91 14 07 	lds	r28, 0x0714	; 0x800714 <uxPendedTicks>
     ebc:	cc 23       	and	r28, r28
     ebe:	51 f0       	breq	.+20     	; 0xed4 <xTaskResumeAll+0xbc>
     ec0:	d1 e0       	ldi	r29, 0x01	; 1
     ec2:	0e 94 60 06 	call	0xcc0	; 0xcc0 <xTaskIncrementTick>
     ec6:	81 11       	cpse	r24, r1
     ec8:	d0 93 13 07 	sts	0x0713, r29	; 0x800713 <xYieldPending>
     ecc:	c1 50       	subi	r28, 0x01	; 1
     ece:	c9 f7       	brne	.-14     	; 0xec2 <xTaskResumeAll+0xaa>
     ed0:	10 92 14 07 	sts	0x0714, r1	; 0x800714 <uxPendedTicks>
     ed4:	80 91 13 07 	lds	r24, 0x0713	; 0x800713 <xYieldPending>
     ed8:	88 23       	and	r24, r24
     eda:	09 f4       	brne	.+2      	; 0xede <xTaskResumeAll+0xc6>
     edc:	af cf       	rjmp	.-162    	; 0xe3c <xTaskResumeAll+0x24>
     ede:	0e 94 bc 01 	call	0x378	; 0x378 <vPortYield>
     ee2:	81 e0       	ldi	r24, 0x01	; 1
     ee4:	0f 90       	pop	r0
     ee6:	0f be       	out	0x3f, r0	; 63
     ee8:	df 91       	pop	r29
     eea:	cf 91       	pop	r28
     eec:	1f 91       	pop	r17
     eee:	0f 91       	pop	r16
     ef0:	ff 90       	pop	r15
     ef2:	ef 90       	pop	r14
     ef4:	08 95       	ret

00000ef6 <vTaskDelay>:
     ef6:	cf 93       	push	r28
     ef8:	df 93       	push	r29
     efa:	ec 01       	movw	r28, r24
     efc:	89 2b       	or	r24, r25
     efe:	19 f4       	brne	.+6      	; 0xf06 <vTaskDelay+0x10>
     f00:	0e 94 bc 01 	call	0x378	; 0x378 <vPortYield>
     f04:	0a c0       	rjmp	.+20     	; 0xf1a <vTaskDelay+0x24>
     f06:	0e 94 5a 06 	call	0xcb4	; 0xcb4 <vTaskSuspendAll>
     f0a:	60 e0       	ldi	r22, 0x00	; 0
     f0c:	ce 01       	movw	r24, r28
     f0e:	0e 94 d3 04 	call	0x9a6	; 0x9a6 <prvAddCurrentTaskToDelayedList>
     f12:	0e 94 0c 07 	call	0xe18	; 0xe18 <xTaskResumeAll>
     f16:	88 23       	and	r24, r24
     f18:	99 f3       	breq	.-26     	; 0xf00 <vTaskDelay+0xa>
     f1a:	df 91       	pop	r29
     f1c:	cf 91       	pop	r28
     f1e:	08 95       	ret

00000f20 <prvIdleTask>:
     f20:	80 91 23 07 	lds	r24, 0x0723	; 0x800723 <uxDeletedTasksWaitingCleanUp>
     f24:	88 23       	and	r24, r24
     f26:	49 f1       	breq	.+82     	; 0xf7a <prvIdleTask+0x5a>
     f28:	0e 94 5a 06 	call	0xcb4	; 0xcb4 <vTaskSuspendAll>
     f2c:	c0 91 24 07 	lds	r28, 0x0724	; 0x800724 <xTasksWaitingTermination>
     f30:	0e 94 0c 07 	call	0xe18	; 0xe18 <xTaskResumeAll>
     f34:	cc 23       	and	r28, r28
     f36:	a1 f3       	breq	.-24     	; 0xf20 <prvIdleTask>
     f38:	0f b6       	in	r0, 0x3f	; 63
     f3a:	f8 94       	cli
     f3c:	0f 92       	push	r0
     f3e:	e0 91 29 07 	lds	r30, 0x0729	; 0x800729 <xTasksWaitingTermination+0x5>
     f42:	f0 91 2a 07 	lds	r31, 0x072A	; 0x80072a <xTasksWaitingTermination+0x6>
     f46:	c6 81       	ldd	r28, Z+6	; 0x06
     f48:	d7 81       	ldd	r29, Z+7	; 0x07
     f4a:	ce 01       	movw	r24, r28
     f4c:	02 96       	adiw	r24, 0x02	; 2
     f4e:	0e 94 f1 00 	call	0x1e2	; 0x1e2 <uxListRemove>
     f52:	80 91 19 07 	lds	r24, 0x0719	; 0x800719 <uxCurrentNumberOfTasks>
     f56:	81 50       	subi	r24, 0x01	; 1
     f58:	80 93 19 07 	sts	0x0719, r24	; 0x800719 <uxCurrentNumberOfTasks>
     f5c:	80 91 23 07 	lds	r24, 0x0723	; 0x800723 <uxDeletedTasksWaitingCleanUp>
     f60:	81 50       	subi	r24, 0x01	; 1
     f62:	80 93 23 07 	sts	0x0723, r24	; 0x800723 <uxDeletedTasksWaitingCleanUp>
     f66:	0f 90       	pop	r0
     f68:	0f be       	out	0x3f, r0	; 63
     f6a:	8f 89       	ldd	r24, Y+23	; 0x17
     f6c:	98 8d       	ldd	r25, Y+24	; 0x18
     f6e:	0e 94 85 00 	call	0x10a	; 0x10a <vPortFree>
     f72:	ce 01       	movw	r24, r28
     f74:	0e 94 85 00 	call	0x10a	; 0x10a <vPortFree>
     f78:	d3 cf       	rjmp	.-90     	; 0xf20 <prvIdleTask>
     f7a:	80 91 4c 07 	lds	r24, 0x074C	; 0x80074c <pxReadyTasksLists>
     f7e:	82 30       	cpi	r24, 0x02	; 2
     f80:	78 f2       	brcs	.-98     	; 0xf20 <prvIdleTask>
     f82:	0e 94 bc 01 	call	0x378	; 0x378 <vPortYield>
     f86:	cc cf       	rjmp	.-104    	; 0xf20 <prvIdleTask>

00000f88 <vTaskSwitchContext>:
     f88:	80 91 0c 07 	lds	r24, 0x070C	; 0x80070c <uxSchedulerSuspended>
     f8c:	88 23       	and	r24, r24
     f8e:	21 f0       	breq	.+8      	; 0xf98 <vTaskSwitchContext+0x10>
     f90:	81 e0       	ldi	r24, 0x01	; 1
     f92:	80 93 13 07 	sts	0x0713, r24	; 0x800713 <xYieldPending>
     f96:	08 95       	ret
     f98:	10 92 13 07 	sts	0x0713, r1	; 0x800713 <xYieldPending>
     f9c:	80 91 16 07 	lds	r24, 0x0716	; 0x800716 <uxTopReadyPriority>
     fa0:	69 e0       	ldi	r22, 0x09	; 9
     fa2:	48 2f       	mov	r20, r24
     fa4:	50 e0       	ldi	r21, 0x00	; 0
     fa6:	64 9f       	mul	r22, r20
     fa8:	90 01       	movw	r18, r0
     faa:	65 9f       	mul	r22, r21
     fac:	30 0d       	add	r19, r0
     fae:	11 24       	eor	r1, r1
     fb0:	f9 01       	movw	r30, r18
     fb2:	e4 5b       	subi	r30, 0xB4	; 180
     fb4:	f8 4f       	sbci	r31, 0xF8	; 248
     fb6:	90 81       	ld	r25, Z
     fb8:	91 11       	cpse	r25, r1
     fba:	02 c0       	rjmp	.+4      	; 0xfc0 <vTaskSwitchContext+0x38>
     fbc:	81 50       	subi	r24, 0x01	; 1
     fbe:	f1 cf       	rjmp	.-30     	; 0xfa2 <vTaskSwitchContext+0x1a>
     fc0:	a1 81       	ldd	r26, Z+1	; 0x01
     fc2:	b2 81       	ldd	r27, Z+2	; 0x02
     fc4:	12 96       	adiw	r26, 0x02	; 2
     fc6:	0d 90       	ld	r0, X+
     fc8:	bc 91       	ld	r27, X
     fca:	a0 2d       	mov	r26, r0
     fcc:	b2 83       	std	Z+2, r27	; 0x02
     fce:	a1 83       	std	Z+1, r26	; 0x01
     fd0:	21 5b       	subi	r18, 0xB1	; 177
     fd2:	38 4f       	sbci	r19, 0xF8	; 248
     fd4:	a2 17       	cp	r26, r18
     fd6:	b3 07       	cpc	r27, r19
     fd8:	31 f4       	brne	.+12     	; 0xfe6 <vTaskSwitchContext+0x5e>
     fda:	12 96       	adiw	r26, 0x02	; 2
     fdc:	2d 91       	ld	r18, X+
     fde:	3c 91       	ld	r19, X
     fe0:	13 97       	sbiw	r26, 0x03	; 3
     fe2:	32 83       	std	Z+2, r19	; 0x02
     fe4:	21 83       	std	Z+1, r18	; 0x01
     fe6:	99 e0       	ldi	r25, 0x09	; 9
     fe8:	94 9f       	mul	r25, r20
     fea:	f0 01       	movw	r30, r0
     fec:	95 9f       	mul	r25, r21
     fee:	f0 0d       	add	r31, r0
     ff0:	11 24       	eor	r1, r1
     ff2:	e4 5b       	subi	r30, 0xB4	; 180
     ff4:	f8 4f       	sbci	r31, 0xF8	; 248
     ff6:	01 80       	ldd	r0, Z+1	; 0x01
     ff8:	f2 81       	ldd	r31, Z+2	; 0x02
     ffa:	e0 2d       	mov	r30, r0
     ffc:	26 81       	ldd	r18, Z+6	; 0x06
     ffe:	37 81       	ldd	r19, Z+7	; 0x07
    1000:	30 93 71 07 	sts	0x0771, r19	; 0x800771 <pxCurrentTCB+0x1>
    1004:	20 93 70 07 	sts	0x0770, r18	; 0x800770 <pxCurrentTCB>
    1008:	80 93 16 07 	sts	0x0716, r24	; 0x800716 <uxTopReadyPriority>
    100c:	08 95       	ret

0000100e <vTaskPlaceOnEventList>:
    100e:	cf 93       	push	r28
    1010:	df 93       	push	r29
    1012:	eb 01       	movw	r28, r22
    1014:	60 91 70 07 	lds	r22, 0x0770	; 0x800770 <pxCurrentTCB>
    1018:	70 91 71 07 	lds	r23, 0x0771	; 0x800771 <pxCurrentTCB+0x1>
    101c:	64 5f       	subi	r22, 0xF4	; 244
    101e:	7f 4f       	sbci	r23, 0xFF	; 255
    1020:	0e 94 b9 00 	call	0x172	; 0x172 <vListInsert>
    1024:	61 e0       	ldi	r22, 0x01	; 1
    1026:	ce 01       	movw	r24, r28
    1028:	df 91       	pop	r29
    102a:	cf 91       	pop	r28
    102c:	0c 94 d3 04 	jmp	0x9a6	; 0x9a6 <prvAddCurrentTaskToDelayedList>

00001030 <xTaskRemoveFromEventList>:
    1030:	0f 93       	push	r16
    1032:	1f 93       	push	r17
    1034:	cf 93       	push	r28
    1036:	df 93       	push	r29
    1038:	dc 01       	movw	r26, r24
    103a:	15 96       	adiw	r26, 0x05	; 5
    103c:	ed 91       	ld	r30, X+
    103e:	fc 91       	ld	r31, X
    1040:	16 97       	sbiw	r26, 0x06	; 6
    1042:	c6 81       	ldd	r28, Z+6	; 0x06
    1044:	d7 81       	ldd	r29, Z+7	; 0x07
    1046:	8e 01       	movw	r16, r28
    1048:	04 5f       	subi	r16, 0xF4	; 244
    104a:	1f 4f       	sbci	r17, 0xFF	; 255
    104c:	c8 01       	movw	r24, r16
    104e:	0e 94 f1 00 	call	0x1e2	; 0x1e2 <uxListRemove>
    1052:	80 91 0c 07 	lds	r24, 0x070C	; 0x80070c <uxSchedulerSuspended>
    1056:	81 11       	cpse	r24, r1
    1058:	14 c0       	rjmp	.+40     	; 0x1082 <xTaskRemoveFromEventList+0x52>
    105a:	0a 50       	subi	r16, 0x0A	; 10
    105c:	11 09       	sbc	r17, r1
    105e:	c8 01       	movw	r24, r16
    1060:	0e 94 f1 00 	call	0x1e2	; 0x1e2 <uxListRemove>
    1064:	8e 89       	ldd	r24, Y+22	; 0x16
    1066:	90 91 16 07 	lds	r25, 0x0716	; 0x800716 <uxTopReadyPriority>
    106a:	98 17       	cp	r25, r24
    106c:	10 f4       	brcc	.+4      	; 0x1072 <xTaskRemoveFromEventList+0x42>
    106e:	80 93 16 07 	sts	0x0716, r24	; 0x800716 <uxTopReadyPriority>
    1072:	b9 e0       	ldi	r27, 0x09	; 9
    1074:	8b 9f       	mul	r24, r27
    1076:	c0 01       	movw	r24, r0
    1078:	11 24       	eor	r1, r1
    107a:	b8 01       	movw	r22, r16
    107c:	84 5b       	subi	r24, 0xB4	; 180
    107e:	98 4f       	sbci	r25, 0xF8	; 248
    1080:	03 c0       	rjmp	.+6      	; 0x1088 <xTaskRemoveFromEventList+0x58>
    1082:	b8 01       	movw	r22, r16
    1084:	8d e2       	ldi	r24, 0x2D	; 45
    1086:	97 e0       	ldi	r25, 0x07	; 7
    1088:	0e 94 98 00 	call	0x130	; 0x130 <vListInsertEnd>
    108c:	e0 91 70 07 	lds	r30, 0x0770	; 0x800770 <pxCurrentTCB>
    1090:	f0 91 71 07 	lds	r31, 0x0771	; 0x800771 <pxCurrentTCB+0x1>
    1094:	9e 89       	ldd	r25, Y+22	; 0x16
    1096:	86 89       	ldd	r24, Z+22	; 0x16
    1098:	89 17       	cp	r24, r25
    109a:	20 f4       	brcc	.+8      	; 0x10a4 <xTaskRemoveFromEventList+0x74>
    109c:	81 e0       	ldi	r24, 0x01	; 1
    109e:	80 93 13 07 	sts	0x0713, r24	; 0x800713 <xYieldPending>
    10a2:	01 c0       	rjmp	.+2      	; 0x10a6 <xTaskRemoveFromEventList+0x76>
    10a4:	80 e0       	ldi	r24, 0x00	; 0
    10a6:	df 91       	pop	r29
    10a8:	cf 91       	pop	r28
    10aa:	1f 91       	pop	r17
    10ac:	0f 91       	pop	r16
    10ae:	08 95       	ret

000010b0 <vTaskSetTimeOutState>:
    10b0:	20 91 12 07 	lds	r18, 0x0712	; 0x800712 <xNumOfOverflows>
    10b4:	fc 01       	movw	r30, r24
    10b6:	20 83       	st	Z, r18
    10b8:	20 91 17 07 	lds	r18, 0x0717	; 0x800717 <xTickCount>
    10bc:	30 91 18 07 	lds	r19, 0x0718	; 0x800718 <xTickCount+0x1>
    10c0:	32 83       	std	Z+2, r19	; 0x02
    10c2:	21 83       	std	Z+1, r18	; 0x01
    10c4:	08 95       	ret

000010c6 <xTaskCheckForTimeOut>:
    10c6:	cf 93       	push	r28
    10c8:	df 93       	push	r29
    10ca:	0f b6       	in	r0, 0x3f	; 63
    10cc:	f8 94       	cli
    10ce:	0f 92       	push	r0
    10d0:	e0 91 17 07 	lds	r30, 0x0717	; 0x800717 <xTickCount>
    10d4:	f0 91 18 07 	lds	r31, 0x0718	; 0x800718 <xTickCount+0x1>
    10d8:	db 01       	movw	r26, r22
    10da:	2d 91       	ld	r18, X+
    10dc:	3c 91       	ld	r19, X
    10de:	2f 3f       	cpi	r18, 0xFF	; 255
    10e0:	bf ef       	ldi	r27, 0xFF	; 255
    10e2:	3b 07       	cpc	r19, r27
    10e4:	d1 f0       	breq	.+52     	; 0x111a <xTaskCheckForTimeOut+0x54>
    10e6:	a0 91 12 07 	lds	r26, 0x0712	; 0x800712 <xNumOfOverflows>
    10ea:	ec 01       	movw	r28, r24
    10ec:	b8 81       	ld	r27, Y
    10ee:	49 81       	ldd	r20, Y+1	; 0x01
    10f0:	5a 81       	ldd	r21, Y+2	; 0x02
    10f2:	ba 17       	cp	r27, r26
    10f4:	19 f0       	breq	.+6      	; 0x10fc <xTaskCheckForTimeOut+0x36>
    10f6:	e4 17       	cp	r30, r20
    10f8:	f5 07       	cpc	r31, r21
    10fa:	88 f4       	brcc	.+34     	; 0x111e <xTaskCheckForTimeOut+0x58>
    10fc:	df 01       	movw	r26, r30
    10fe:	a4 1b       	sub	r26, r20
    1100:	b5 0b       	sbc	r27, r21
    1102:	a2 17       	cp	r26, r18
    1104:	b3 07       	cpc	r27, r19
    1106:	58 f4       	brcc	.+22     	; 0x111e <xTaskCheckForTimeOut+0x58>
    1108:	db 01       	movw	r26, r22
    110a:	4e 1b       	sub	r20, r30
    110c:	5f 0b       	sbc	r21, r31
    110e:	24 0f       	add	r18, r20
    1110:	35 1f       	adc	r19, r21
    1112:	2d 93       	st	X+, r18
    1114:	3c 93       	st	X, r19
    1116:	0e 94 58 08 	call	0x10b0	; 0x10b0 <vTaskSetTimeOutState>
    111a:	80 e0       	ldi	r24, 0x00	; 0
    111c:	01 c0       	rjmp	.+2      	; 0x1120 <xTaskCheckForTimeOut+0x5a>
    111e:	81 e0       	ldi	r24, 0x01	; 1
    1120:	0f 90       	pop	r0
    1122:	0f be       	out	0x3f, r0	; 63
    1124:	df 91       	pop	r29
    1126:	cf 91       	pop	r28
    1128:	08 95       	ret

0000112a <vTaskMissedYield>:
    112a:	81 e0       	ldi	r24, 0x01	; 1
    112c:	80 93 13 07 	sts	0x0713, r24	; 0x800713 <xYieldPending>
    1130:	08 95       	ret

00001132 <vMoter1Task>:
    1132:	cf 93       	push	r28
    1134:	df 93       	push	r29
    1136:	00 d0       	rcall	.+0      	; 0x1138 <vMoter1Task+0x6>
    1138:	00 d0       	rcall	.+0      	; 0x113a <vMoter1Task+0x8>
    113a:	cd b7       	in	r28, 0x3d	; 61
    113c:	de b7       	in	r29, 0x3e	; 62
    113e:	20 e0       	ldi	r18, 0x00	; 0
    1140:	4f ef       	ldi	r20, 0xFF	; 255
    1142:	5f ef       	ldi	r21, 0xFF	; 255
    1144:	be 01       	movw	r22, r28
    1146:	6f 5f       	subi	r22, 0xFF	; 255
    1148:	7f 4f       	sbci	r23, 0xFF	; 255
    114a:	80 91 74 07 	lds	r24, 0x0774	; 0x800774 <xMoter1Queue>
    114e:	90 91 75 07 	lds	r25, 0x0775	; 0x800775 <xMoter1Queue+0x1>
    1152:	0e 94 0c 04 	call	0x818	; 0x818 <xQueueGenericReceive>
    1156:	81 30       	cpi	r24, 0x01	; 1
    1158:	91 f7       	brne	.-28     	; 0x113e <vMoter1Task+0xc>
    115a:	69 81       	ldd	r22, Y+1	; 0x01
    115c:	7a 81       	ldd	r23, Y+2	; 0x02
    115e:	8b 81       	ldd	r24, Y+3	; 0x03
    1160:	9c 81       	ldd	r25, Y+4	; 0x04
    1162:	0e 94 84 09 	call	0x1308	; 0x1308 <motor_W1>
    1166:	eb cf       	rjmp	.-42     	; 0x113e <vMoter1Task+0xc>

00001168 <vMoter2Task>:
    1168:	cf 93       	push	r28
    116a:	df 93       	push	r29
    116c:	00 d0       	rcall	.+0      	; 0x116e <vMoter2Task+0x6>
    116e:	00 d0       	rcall	.+0      	; 0x1170 <vMoter2Task+0x8>
    1170:	cd b7       	in	r28, 0x3d	; 61
    1172:	de b7       	in	r29, 0x3e	; 62
    1174:	20 e0       	ldi	r18, 0x00	; 0
    1176:	4f ef       	ldi	r20, 0xFF	; 255
    1178:	5f ef       	ldi	r21, 0xFF	; 255
    117a:	be 01       	movw	r22, r28
    117c:	6f 5f       	subi	r22, 0xFF	; 255
    117e:	7f 4f       	sbci	r23, 0xFF	; 255
    1180:	80 91 72 07 	lds	r24, 0x0772	; 0x800772 <xMoter2Queue>
    1184:	90 91 73 07 	lds	r25, 0x0773	; 0x800773 <xMoter2Queue+0x1>
    1188:	0e 94 0c 04 	call	0x818	; 0x818 <xQueueGenericReceive>
    118c:	81 30       	cpi	r24, 0x01	; 1
    118e:	91 f7       	brne	.-28     	; 0x1174 <vMoter2Task+0xc>
    1190:	69 81       	ldd	r22, Y+1	; 0x01
    1192:	7a 81       	ldd	r23, Y+2	; 0x02
    1194:	8b 81       	ldd	r24, Y+3	; 0x03
    1196:	9c 81       	ldd	r25, Y+4	; 0x04
    1198:	0e 94 97 09 	call	0x132e	; 0x132e <motor_W2>
    119c:	eb cf       	rjmp	.-42     	; 0x1174 <vMoter2Task+0xc>

0000119e <vRxTask>:
    119e:	cf 93       	push	r28
    11a0:	df 93       	push	r29
    11a2:	1f 92       	push	r1
    11a4:	cd b7       	in	r28, 0x3d	; 61
    11a6:	de b7       	in	r29, 0x3e	; 62
    11a8:	0e 94 bf 0b 	call	0x177e	; 0x177e <uart_rx>
    11ac:	89 83       	std	Y+1, r24	; 0x01
    11ae:	20 e0       	ldi	r18, 0x00	; 0
    11b0:	4a e0       	ldi	r20, 0x0A	; 10
    11b2:	50 e0       	ldi	r21, 0x00	; 0
    11b4:	be 01       	movw	r22, r28
    11b6:	6f 5f       	subi	r22, 0xFF	; 255
    11b8:	7f 4f       	sbci	r23, 0xFF	; 255
    11ba:	80 91 76 07 	lds	r24, 0x0776	; 0x800776 <xUartQueue>
    11be:	90 91 77 07 	lds	r25, 0x0777	; 0x800777 <xUartQueue+0x1>
    11c2:	0e 94 76 03 	call	0x6ec	; 0x6ec <xQueueGenericSend>
    11c6:	f0 cf       	rjmp	.-32     	; 0x11a8 <vRxTask+0xa>

000011c8 <vProtocolTask>:
    11c8:	cf 93       	push	r28
    11ca:	df 93       	push	r29
    11cc:	cd b7       	in	r28, 0x3d	; 61
    11ce:	de b7       	in	r29, 0x3e	; 62
    11d0:	61 97       	sbiw	r28, 0x11	; 17
    11d2:	0f b6       	in	r0, 0x3f	; 63
    11d4:	f8 94       	cli
    11d6:	de bf       	out	0x3e, r29	; 62
    11d8:	0f be       	out	0x3f, r0	; 63
    11da:	cd bf       	out	0x3d, r28	; 61
    11dc:	00 e0       	ldi	r16, 0x00	; 0
    11de:	10 e0       	ldi	r17, 0x00	; 0
    11e0:	20 e0       	ldi	r18, 0x00	; 0
    11e2:	4f ef       	ldi	r20, 0xFF	; 255
    11e4:	5f ef       	ldi	r21, 0xFF	; 255
    11e6:	be 01       	movw	r22, r28
    11e8:	6f 5e       	subi	r22, 0xEF	; 239
    11ea:	7f 4f       	sbci	r23, 0xFF	; 255
    11ec:	80 91 76 07 	lds	r24, 0x0776	; 0x800776 <xUartQueue>
    11f0:	90 91 77 07 	lds	r25, 0x0777	; 0x800777 <xUartQueue+0x1>
    11f4:	0e 94 0c 04 	call	0x818	; 0x818 <xQueueGenericReceive>
    11f8:	81 30       	cpi	r24, 0x01	; 1
    11fa:	91 f7       	brne	.-28     	; 0x11e0 <vProtocolTask+0x18>
    11fc:	01 11       	cpse	r16, r1
    11fe:	07 c0       	rjmp	.+14     	; 0x120e <vProtocolTask+0x46>
    1200:	89 89       	ldd	r24, Y+17	; 0x11
    1202:	84 32       	cpi	r24, 0x24	; 36
    1204:	69 f7       	brne	.-38     	; 0x11e0 <vProtocolTask+0x18>
    1206:	89 83       	std	Y+1, r24	; 0x01
    1208:	01 e0       	ldi	r16, 0x01	; 1
    120a:	11 e0       	ldi	r17, 0x01	; 1
    120c:	e9 cf       	rjmp	.-46     	; 0x11e0 <vProtocolTask+0x18>
    120e:	10 31       	cpi	r17, 0x10	; 16
    1210:	a8 f4       	brcc	.+42     	; 0x123c <vProtocolTask+0x74>
    1212:	01 e0       	ldi	r16, 0x01	; 1
    1214:	01 0f       	add	r16, r17
    1216:	89 89       	ldd	r24, Y+17	; 0x11
    1218:	e1 e0       	ldi	r30, 0x01	; 1
    121a:	f0 e0       	ldi	r31, 0x00	; 0
    121c:	ec 0f       	add	r30, r28
    121e:	fd 1f       	adc	r31, r29
    1220:	e1 0f       	add	r30, r17
    1222:	f1 1d       	adc	r31, r1
    1224:	80 83       	st	Z, r24
    1226:	8a 30       	cpi	r24, 0x0A	; 10
    1228:	19 f0       	breq	.+6      	; 0x1230 <vProtocolTask+0x68>
    122a:	10 2f       	mov	r17, r16
    122c:	01 e0       	ldi	r16, 0x01	; 1
    122e:	d8 cf       	rjmp	.-80     	; 0x11e0 <vProtocolTask+0x18>
    1230:	60 2f       	mov	r22, r16
    1232:	ce 01       	movw	r24, r28
    1234:	01 96       	adiw	r24, 0x01	; 1
    1236:	0e 94 f3 09 	call	0x13e6	; 0x13e6 <process_packet>
    123a:	10 2f       	mov	r17, r16
    123c:	00 e0       	ldi	r16, 0x00	; 0
    123e:	d0 cf       	rjmp	.-96     	; 0x11e0 <vProtocolTask+0x18>

00001240 <main>:
    1240:	60 e8       	ldi	r22, 0x80	; 128
    1242:	75 e2       	ldi	r23, 0x25	; 37
    1244:	80 e0       	ldi	r24, 0x00	; 0
    1246:	90 e0       	ldi	r25, 0x00	; 0
    1248:	0e 94 87 0b 	call	0x170e	; 0x170e <uart_init>
    124c:	0e 94 81 09 	call	0x1302	; 0x1302 <motor_init>
    1250:	0e 94 cc 0a 	call	0x1598	; 0x1598 <timer0_init>
    1254:	40 e0       	ldi	r20, 0x00	; 0
    1256:	61 e0       	ldi	r22, 0x01	; 1
    1258:	80 e4       	ldi	r24, 0x40	; 64
    125a:	0e 94 4e 03 	call	0x69c	; 0x69c <xQueueGenericCreate>
    125e:	90 93 77 07 	sts	0x0777, r25	; 0x800777 <xUartQueue+0x1>
    1262:	80 93 76 07 	sts	0x0776, r24	; 0x800776 <xUartQueue>
    1266:	40 e0       	ldi	r20, 0x00	; 0
    1268:	64 e0       	ldi	r22, 0x04	; 4
    126a:	88 e0       	ldi	r24, 0x08	; 8
    126c:	0e 94 4e 03 	call	0x69c	; 0x69c <xQueueGenericCreate>
    1270:	90 93 75 07 	sts	0x0775, r25	; 0x800775 <xMoter1Queue+0x1>
    1274:	80 93 74 07 	sts	0x0774, r24	; 0x800774 <xMoter1Queue>
    1278:	40 e0       	ldi	r20, 0x00	; 0
    127a:	64 e0       	ldi	r22, 0x04	; 4
    127c:	88 e0       	ldi	r24, 0x08	; 8
    127e:	0e 94 4e 03 	call	0x69c	; 0x69c <xQueueGenericCreate>
    1282:	90 93 73 07 	sts	0x0773, r25	; 0x800773 <xMoter2Queue+0x1>
    1286:	80 93 72 07 	sts	0x0772, r24	; 0x800772 <xMoter2Queue>
    128a:	80 91 76 07 	lds	r24, 0x0776	; 0x800776 <xUartQueue>
    128e:	90 91 77 07 	lds	r25, 0x0777	; 0x800777 <xUartQueue+0x1>
    1292:	89 2b       	or	r24, r25
    1294:	a9 f1       	breq	.+106    	; 0x1300 <main+0xc0>
    1296:	80 91 74 07 	lds	r24, 0x0774	; 0x800774 <xMoter1Queue>
    129a:	90 91 75 07 	lds	r25, 0x0775	; 0x800775 <xMoter1Queue+0x1>
    129e:	89 2b       	or	r24, r25
    12a0:	79 f1       	breq	.+94     	; 0x1300 <main+0xc0>
    12a2:	e1 2c       	mov	r14, r1
    12a4:	f1 2c       	mov	r15, r1
    12a6:	02 e0       	ldi	r16, 0x02	; 2
    12a8:	20 e0       	ldi	r18, 0x00	; 0
    12aa:	30 e0       	ldi	r19, 0x00	; 0
    12ac:	44 e6       	ldi	r20, 0x64	; 100
    12ae:	50 e0       	ldi	r21, 0x00	; 0
    12b0:	65 e0       	ldi	r22, 0x05	; 5
    12b2:	71 e0       	ldi	r23, 0x01	; 1
    12b4:	8f ec       	ldi	r24, 0xCF	; 207
    12b6:	98 e0       	ldi	r25, 0x08	; 8
    12b8:	0e 94 2f 05 	call	0xa5e	; 0xa5e <xTaskCreate>
    12bc:	01 e0       	ldi	r16, 0x01	; 1
    12be:	20 e0       	ldi	r18, 0x00	; 0
    12c0:	30 e0       	ldi	r19, 0x00	; 0
    12c2:	48 ec       	ldi	r20, 0xC8	; 200
    12c4:	50 e0       	ldi	r21, 0x00	; 0
    12c6:	6c e0       	ldi	r22, 0x0C	; 12
    12c8:	71 e0       	ldi	r23, 0x01	; 1
    12ca:	84 ee       	ldi	r24, 0xE4	; 228
    12cc:	98 e0       	ldi	r25, 0x08	; 8
    12ce:	0e 94 2f 05 	call	0xa5e	; 0xa5e <xTaskCreate>
    12d2:	00 e0       	ldi	r16, 0x00	; 0
    12d4:	20 e0       	ldi	r18, 0x00	; 0
    12d6:	30 e0       	ldi	r19, 0x00	; 0
    12d8:	44 e6       	ldi	r20, 0x64	; 100
    12da:	50 e0       	ldi	r21, 0x00	; 0
    12dc:	66 e1       	ldi	r22, 0x16	; 22
    12de:	71 e0       	ldi	r23, 0x01	; 1
    12e0:	89 e9       	ldi	r24, 0x99	; 153
    12e2:	98 e0       	ldi	r25, 0x08	; 8
    12e4:	0e 94 2f 05 	call	0xa5e	; 0xa5e <xTaskCreate>
    12e8:	20 e0       	ldi	r18, 0x00	; 0
    12ea:	30 e0       	ldi	r19, 0x00	; 0
    12ec:	44 e6       	ldi	r20, 0x64	; 100
    12ee:	50 e0       	ldi	r21, 0x00	; 0
    12f0:	61 e2       	ldi	r22, 0x21	; 33
    12f2:	71 e0       	ldi	r23, 0x01	; 1
    12f4:	84 eb       	ldi	r24, 0xB4	; 180
    12f6:	98 e0       	ldi	r25, 0x08	; 8
    12f8:	0e 94 2f 05 	call	0xa5e	; 0xa5e <xTaskCreate>
    12fc:	0e 94 30 06 	call	0xc60	; 0xc60 <vTaskStartScheduler>
    1300:	ff cf       	rjmp	.-2      	; 0x1300 <main+0xc0>

00001302 <motor_init>:
    1302:	20 9a       	sbi	0x04, 0	; 4
    1304:	21 9a       	sbi	0x04, 1	; 4
    1306:	08 95       	ret

00001308 <motor_W1>:
    1308:	28 9a       	sbi	0x05, 0	; 5
    130a:	0e 94 51 0c 	call	0x18a2	; 0x18a2 <__floatunsisf>
    130e:	2b e7       	ldi	r18, 0x7B	; 123
    1310:	34 e1       	ldi	r19, 0x14	; 20
    1312:	4e e4       	ldi	r20, 0x4E	; 78
    1314:	50 e4       	ldi	r21, 0x40	; 64
    1316:	0e 94 df 0b 	call	0x17be	; 0x17be <__divsf3>
    131a:	20 e0       	ldi	r18, 0x00	; 0
    131c:	30 e0       	ldi	r19, 0x00	; 0
    131e:	4a e7       	ldi	r20, 0x7A	; 122
    1320:	54 e4       	ldi	r21, 0x44	; 68
    1322:	0e 94 03 0d 	call	0x1a06	; 0x1a06 <__mulsf3>
    1326:	0e 94 f5 0a 	call	0x15ea	; 0x15ea <delay>
    132a:	28 98       	cbi	0x05, 0	; 5
    132c:	08 95       	ret

0000132e <motor_W2>:
    132e:	29 9a       	sbi	0x05, 1	; 5
    1330:	0e 94 51 0c 	call	0x18a2	; 0x18a2 <__floatunsisf>
    1334:	28 e4       	ldi	r18, 0x48	; 72
    1336:	31 ee       	ldi	r19, 0xE1	; 225
    1338:	4a e3       	ldi	r20, 0x3A	; 58
    133a:	50 e4       	ldi	r21, 0x40	; 64
    133c:	0e 94 df 0b 	call	0x17be	; 0x17be <__divsf3>
    1340:	20 e0       	ldi	r18, 0x00	; 0
    1342:	30 e0       	ldi	r19, 0x00	; 0
    1344:	4a e7       	ldi	r20, 0x7A	; 122
    1346:	54 e4       	ldi	r21, 0x44	; 68
    1348:	0e 94 03 0d 	call	0x1a06	; 0x1a06 <__mulsf3>
    134c:	0e 94 f5 0a 	call	0x15ea	; 0x15ea <delay>
    1350:	29 98       	cbi	0x05, 1	; 5
    1352:	08 95       	ret

00001354 <all_stop_motor>:
    1354:	28 98       	cbi	0x05, 0	; 5
    1356:	29 98       	cbi	0x05, 1	; 5
    1358:	08 95       	ret

0000135a <calculate_checksum>:
    135a:	28 2f       	mov	r18, r24
    135c:	fc 01       	movw	r30, r24
    135e:	80 e0       	ldi	r24, 0x00	; 0
    1360:	9e 2f       	mov	r25, r30
    1362:	92 1b       	sub	r25, r18
    1364:	96 17       	cp	r25, r22
    1366:	18 f4       	brcc	.+6      	; 0x136e <calculate_checksum+0x14>
    1368:	91 91       	ld	r25, Z+
    136a:	89 0f       	add	r24, r25
    136c:	f9 cf       	rjmp	.-14     	; 0x1360 <calculate_checksum+0x6>
    136e:	08 95       	ret

00001370 <send_response>:
    1370:	ef 92       	push	r14
    1372:	ff 92       	push	r15
    1374:	0f 93       	push	r16
    1376:	1f 93       	push	r17
    1378:	cf 93       	push	r28
    137a:	df 93       	push	r29
    137c:	cd b7       	in	r28, 0x3d	; 61
    137e:	de b7       	in	r29, 0x3e	; 62
    1380:	2a 97       	sbiw	r28, 0x0a	; 10
    1382:	0f b6       	in	r0, 0x3f	; 63
    1384:	f8 94       	cli
    1386:	de bf       	out	0x3e, r29	; 62
    1388:	0f be       	out	0x3f, r0	; 63
    138a:	cd bf       	out	0x3d, r28	; 61
    138c:	94 e2       	ldi	r25, 0x24	; 36
    138e:	99 83       	std	Y+1, r25	; 0x01
    1390:	8a 83       	std	Y+2, r24	; 0x02
    1392:	6b 83       	std	Y+3, r22	; 0x03
    1394:	4c 83       	std	Y+4, r20	; 0x04
    1396:	3d 83       	std	Y+5, r19	; 0x05
    1398:	2e 83       	std	Y+6, r18	; 0x06
    139a:	1f 83       	std	Y+7, r17	; 0x07
    139c:	08 87       	std	Y+8, r16	; 0x08
    139e:	67 e0       	ldi	r22, 0x07	; 7
    13a0:	ce 01       	movw	r24, r28
    13a2:	02 96       	adiw	r24, 0x02	; 2
    13a4:	0e 94 ad 09 	call	0x135a	; 0x135a <calculate_checksum>
    13a8:	89 87       	std	Y+9, r24	; 0x09
    13aa:	8a e0       	ldi	r24, 0x0A	; 10
    13ac:	8a 87       	std	Y+10, r24	; 0x0a
    13ae:	8e 01       	movw	r16, r28
    13b0:	0f 5f       	subi	r16, 0xFF	; 255
    13b2:	1f 4f       	sbci	r17, 0xFF	; 255
    13b4:	7e 01       	movw	r14, r28
    13b6:	8b e0       	ldi	r24, 0x0B	; 11
    13b8:	e8 0e       	add	r14, r24
    13ba:	f1 1c       	adc	r15, r1
    13bc:	f8 01       	movw	r30, r16
    13be:	81 91       	ld	r24, Z+
    13c0:	8f 01       	movw	r16, r30
    13c2:	0e 94 9e 0b 	call	0x173c	; 0x173c <uart_tx>
    13c6:	0e 15       	cp	r16, r14
    13c8:	1f 05       	cpc	r17, r15
    13ca:	c1 f7       	brne	.-16     	; 0x13bc <send_response+0x4c>
    13cc:	2a 96       	adiw	r28, 0x0a	; 10
    13ce:	0f b6       	in	r0, 0x3f	; 63
    13d0:	f8 94       	cli
    13d2:	de bf       	out	0x3e, r29	; 62
    13d4:	0f be       	out	0x3f, r0	; 63
    13d6:	cd bf       	out	0x3d, r28	; 61
    13d8:	df 91       	pop	r29
    13da:	cf 91       	pop	r28
    13dc:	1f 91       	pop	r17
    13de:	0f 91       	pop	r16
    13e0:	ff 90       	pop	r15
    13e2:	ef 90       	pop	r14
    13e4:	08 95       	ret

000013e6 <process_packet>:
    13e6:	ef 92       	push	r14
    13e8:	ff 92       	push	r15
    13ea:	0f 93       	push	r16
    13ec:	1f 93       	push	r17
    13ee:	cf 93       	push	r28
    13f0:	df 93       	push	r29
    13f2:	00 d0       	rcall	.+0      	; 0x13f4 <process_packet+0xe>
    13f4:	00 d0       	rcall	.+0      	; 0x13f6 <process_packet+0x10>
    13f6:	cd b7       	in	r28, 0x3d	; 61
    13f8:	de b7       	in	r29, 0x3e	; 62
    13fa:	fc 01       	movw	r30, r24
    13fc:	66 30       	cpi	r22, 0x06	; 6
    13fe:	08 f4       	brcc	.+2      	; 0x1402 <process_packet+0x1c>
    1400:	76 c0       	rjmp	.+236    	; 0x14ee <process_packet+0x108>
    1402:	81 81       	ldd	r24, Z+1	; 0x01
    1404:	81 30       	cpi	r24, 0x01	; 1
    1406:	09 f0       	breq	.+2      	; 0x140a <process_packet+0x24>
    1408:	72 c0       	rjmp	.+228    	; 0x14ee <process_packet+0x108>
    140a:	e2 80       	ldd	r14, Z+2	; 0x02
    140c:	87 e5       	ldi	r24, 0x57	; 87
    140e:	e8 12       	cpse	r14, r24
    1410:	06 c0       	rjmp	.+12     	; 0x141e <process_packet+0x38>
    1412:	6a 30       	cpi	r22, 0x0A	; 10
    1414:	09 f0       	breq	.+2      	; 0x1418 <process_packet+0x32>
    1416:	6b c0       	rjmp	.+214    	; 0x14ee <process_packet+0x108>
    1418:	f0 84       	ldd	r15, Z+8	; 0x08
    141a:	67 e0       	ldi	r22, 0x07	; 7
    141c:	08 c0       	rjmp	.+16     	; 0x142e <process_packet+0x48>
    141e:	82 e5       	ldi	r24, 0x52	; 82
    1420:	e8 12       	cpse	r14, r24
    1422:	65 c0       	rjmp	.+202    	; 0x14ee <process_packet+0x108>
    1424:	66 30       	cpi	r22, 0x06	; 6
    1426:	09 f0       	breq	.+2      	; 0x142a <process_packet+0x44>
    1428:	62 c0       	rjmp	.+196    	; 0x14ee <process_packet+0x108>
    142a:	f4 80       	ldd	r15, Z+4	; 0x04
    142c:	63 e0       	ldi	r22, 0x03	; 3
    142e:	8f 01       	movw	r16, r30
    1430:	cf 01       	movw	r24, r30
    1432:	01 96       	adiw	r24, 0x01	; 1
    1434:	0e 94 ad 09 	call	0x135a	; 0x135a <calculate_checksum>
    1438:	f8 12       	cpse	r15, r24
    143a:	59 c0       	rjmp	.+178    	; 0x14ee <process_packet+0x108>
    143c:	f8 01       	movw	r30, r16
    143e:	f3 80       	ldd	r15, Z+3	; 0x03
    1440:	19 82       	std	Y+1, r1	; 0x01
    1442:	1a 82       	std	Y+2, r1	; 0x02
    1444:	1b 82       	std	Y+3, r1	; 0x03
    1446:	1c 82       	std	Y+4, r1	; 0x04
    1448:	f7 e5       	ldi	r31, 0x57	; 87
    144a:	ef 12       	cpse	r14, r31
    144c:	35 c0       	rjmp	.+106    	; 0x14b8 <process_packet+0xd2>
    144e:	f8 01       	movw	r30, r16
    1450:	64 81       	ldd	r22, Z+4	; 0x04
    1452:	75 81       	ldd	r23, Z+5	; 0x05
    1454:	86 81       	ldd	r24, Z+6	; 0x06
    1456:	97 81       	ldd	r25, Z+7	; 0x07
    1458:	0e 94 70 0d 	call	0x1ae0	; 0x1ae0 <__bswapsi2>
    145c:	69 83       	std	Y+1, r22	; 0x01
    145e:	7a 83       	std	Y+2, r23	; 0x02
    1460:	8b 83       	std	Y+3, r24	; 0x03
    1462:	9c 83       	std	Y+4, r25	; 0x04
    1464:	f1 e0       	ldi	r31, 0x01	; 1
    1466:	ff 12       	cpse	r15, r31
    1468:	0b c0       	rjmp	.+22     	; 0x1480 <process_packet+0x9a>
    146a:	20 e0       	ldi	r18, 0x00	; 0
    146c:	4f ef       	ldi	r20, 0xFF	; 255
    146e:	5f ef       	ldi	r21, 0xFF	; 255
    1470:	be 01       	movw	r22, r28
    1472:	6f 5f       	subi	r22, 0xFF	; 255
    1474:	7f 4f       	sbci	r23, 0xFF	; 255
    1476:	80 91 74 07 	lds	r24, 0x0774	; 0x800774 <xMoter1Queue>
    147a:	90 91 75 07 	lds	r25, 0x0775	; 0x800775 <xMoter1Queue+0x1>
    147e:	0d c0       	rjmp	.+26     	; 0x149a <process_packet+0xb4>
    1480:	82 e0       	ldi	r24, 0x02	; 2
    1482:	f8 12       	cpse	r15, r24
    1484:	0d c0       	rjmp	.+26     	; 0x14a0 <process_packet+0xba>
    1486:	20 e0       	ldi	r18, 0x00	; 0
    1488:	4f ef       	ldi	r20, 0xFF	; 255
    148a:	5f ef       	ldi	r21, 0xFF	; 255
    148c:	be 01       	movw	r22, r28
    148e:	6f 5f       	subi	r22, 0xFF	; 255
    1490:	7f 4f       	sbci	r23, 0xFF	; 255
    1492:	80 91 72 07 	lds	r24, 0x0772	; 0x800772 <xMoter2Queue>
    1496:	90 91 73 07 	lds	r25, 0x0773	; 0x800773 <xMoter2Queue+0x1>
    149a:	0e 94 76 03 	call	0x6ec	; 0x6ec <xQueueGenericSend>
    149e:	05 c0       	rjmp	.+10     	; 0x14aa <process_packet+0xc4>
    14a0:	e3 e0       	ldi	r30, 0x03	; 3
    14a2:	fe 12       	cpse	r15, r30
    14a4:	02 c0       	rjmp	.+4      	; 0x14aa <process_packet+0xc4>
    14a6:	0e 94 aa 09 	call	0x1354	; 0x1354 <all_stop_motor>
    14aa:	09 81       	ldd	r16, Y+1	; 0x01
    14ac:	1a 81       	ldd	r17, Y+2	; 0x02
    14ae:	2b 81       	ldd	r18, Y+3	; 0x03
    14b0:	3c 81       	ldd	r19, Y+4	; 0x04
    14b2:	4f 2d       	mov	r20, r15
    14b4:	67 e5       	ldi	r22, 0x57	; 87
    14b6:	18 c0       	rjmp	.+48     	; 0x14e8 <process_packet+0x102>
    14b8:	f2 e5       	ldi	r31, 0x52	; 82
    14ba:	ef 12       	cpse	r14, r31
    14bc:	18 c0       	rjmp	.+48     	; 0x14ee <process_packet+0x108>
    14be:	83 e0       	ldi	r24, 0x03	; 3
    14c0:	8f 15       	cp	r24, r15
    14c2:	60 f0       	brcs	.+24     	; 0x14dc <process_packet+0xf6>
    14c4:	ef 2d       	mov	r30, r15
    14c6:	f0 e0       	ldi	r31, 0x00	; 0
    14c8:	e8 58       	subi	r30, 0x88	; 136
    14ca:	f8 4f       	sbci	r31, 0xF8	; 248
    14cc:	80 81       	ld	r24, Z
    14ce:	90 e0       	ldi	r25, 0x00	; 0
    14d0:	a0 e0       	ldi	r26, 0x00	; 0
    14d2:	b0 e0       	ldi	r27, 0x00	; 0
    14d4:	89 83       	std	Y+1, r24	; 0x01
    14d6:	9a 83       	std	Y+2, r25	; 0x02
    14d8:	ab 83       	std	Y+3, r26	; 0x03
    14da:	bc 83       	std	Y+4, r27	; 0x04
    14dc:	09 81       	ldd	r16, Y+1	; 0x01
    14de:	1a 81       	ldd	r17, Y+2	; 0x02
    14e0:	2b 81       	ldd	r18, Y+3	; 0x03
    14e2:	3c 81       	ldd	r19, Y+4	; 0x04
    14e4:	4f 2d       	mov	r20, r15
    14e6:	62 e5       	ldi	r22, 0x52	; 82
    14e8:	81 e0       	ldi	r24, 0x01	; 1
    14ea:	0e 94 b8 09 	call	0x1370	; 0x1370 <send_response>
    14ee:	0f 90       	pop	r0
    14f0:	0f 90       	pop	r0
    14f2:	0f 90       	pop	r0
    14f4:	0f 90       	pop	r0
    14f6:	df 91       	pop	r29
    14f8:	cf 91       	pop	r28
    14fa:	1f 91       	pop	r17
    14fc:	0f 91       	pop	r16
    14fe:	ff 90       	pop	r15
    1500:	ef 90       	pop	r14
    1502:	08 95       	ret

00001504 <__vector_16>:
    1504:	1f 92       	push	r1
    1506:	0f 92       	push	r0
    1508:	0f b6       	in	r0, 0x3f	; 63
    150a:	0f 92       	push	r0
    150c:	11 24       	eor	r1, r1
    150e:	2f 93       	push	r18
    1510:	3f 93       	push	r19
    1512:	8f 93       	push	r24
    1514:	9f 93       	push	r25
    1516:	af 93       	push	r26
    1518:	bf 93       	push	r27
    151a:	80 91 89 07 	lds	r24, 0x0789	; 0x800789 <timer0_millis>
    151e:	90 91 8a 07 	lds	r25, 0x078A	; 0x80078a <timer0_millis+0x1>
    1522:	a0 91 8b 07 	lds	r26, 0x078B	; 0x80078b <timer0_millis+0x2>
    1526:	b0 91 8c 07 	lds	r27, 0x078C	; 0x80078c <timer0_millis+0x3>
    152a:	30 91 88 07 	lds	r19, 0x0788	; 0x800788 <timer0_fract>
    152e:	23 e0       	ldi	r18, 0x03	; 3
    1530:	23 0f       	add	r18, r19
    1532:	2d 37       	cpi	r18, 0x7D	; 125
    1534:	20 f4       	brcc	.+8      	; 0x153e <__vector_16+0x3a>
    1536:	01 96       	adiw	r24, 0x01	; 1
    1538:	a1 1d       	adc	r26, r1
    153a:	b1 1d       	adc	r27, r1
    153c:	05 c0       	rjmp	.+10     	; 0x1548 <__vector_16+0x44>
    153e:	26 e8       	ldi	r18, 0x86	; 134
    1540:	23 0f       	add	r18, r19
    1542:	02 96       	adiw	r24, 0x02	; 2
    1544:	a1 1d       	adc	r26, r1
    1546:	b1 1d       	adc	r27, r1
    1548:	20 93 88 07 	sts	0x0788, r18	; 0x800788 <timer0_fract>
    154c:	80 93 89 07 	sts	0x0789, r24	; 0x800789 <timer0_millis>
    1550:	90 93 8a 07 	sts	0x078A, r25	; 0x80078a <timer0_millis+0x1>
    1554:	a0 93 8b 07 	sts	0x078B, r26	; 0x80078b <timer0_millis+0x2>
    1558:	b0 93 8c 07 	sts	0x078C, r27	; 0x80078c <timer0_millis+0x3>
    155c:	80 91 8d 07 	lds	r24, 0x078D	; 0x80078d <timer0_overflow_count>
    1560:	90 91 8e 07 	lds	r25, 0x078E	; 0x80078e <timer0_overflow_count+0x1>
    1564:	a0 91 8f 07 	lds	r26, 0x078F	; 0x80078f <timer0_overflow_count+0x2>
    1568:	b0 91 90 07 	lds	r27, 0x0790	; 0x800790 <timer0_overflow_count+0x3>
    156c:	01 96       	adiw	r24, 0x01	; 1
    156e:	a1 1d       	adc	r26, r1
    1570:	b1 1d       	adc	r27, r1
    1572:	80 93 8d 07 	sts	0x078D, r24	; 0x80078d <timer0_overflow_count>
    1576:	90 93 8e 07 	sts	0x078E, r25	; 0x80078e <timer0_overflow_count+0x1>
    157a:	a0 93 8f 07 	sts	0x078F, r26	; 0x80078f <timer0_overflow_count+0x2>
    157e:	b0 93 90 07 	sts	0x0790, r27	; 0x800790 <timer0_overflow_count+0x3>
    1582:	bf 91       	pop	r27
    1584:	af 91       	pop	r26
    1586:	9f 91       	pop	r25
    1588:	8f 91       	pop	r24
    158a:	3f 91       	pop	r19
    158c:	2f 91       	pop	r18
    158e:	0f 90       	pop	r0
    1590:	0f be       	out	0x3f, r0	; 63
    1592:	0f 90       	pop	r0
    1594:	1f 90       	pop	r1
    1596:	18 95       	reti

00001598 <timer0_init>:
    1598:	f8 94       	cli
    159a:	14 bc       	out	0x24, r1	; 36
    159c:	83 e0       	ldi	r24, 0x03	; 3
    159e:	85 bd       	out	0x25, r24	; 37
    15a0:	ee e6       	ldi	r30, 0x6E	; 110
    15a2:	f0 e0       	ldi	r31, 0x00	; 0
    15a4:	80 81       	ld	r24, Z
    15a6:	81 60       	ori	r24, 0x01	; 1
    15a8:	80 83       	st	Z, r24
    15aa:	10 92 8d 07 	sts	0x078D, r1	; 0x80078d <timer0_overflow_count>
    15ae:	10 92 8e 07 	sts	0x078E, r1	; 0x80078e <timer0_overflow_count+0x1>
    15b2:	10 92 8f 07 	sts	0x078F, r1	; 0x80078f <timer0_overflow_count+0x2>
    15b6:	10 92 90 07 	sts	0x0790, r1	; 0x800790 <timer0_overflow_count+0x3>
    15ba:	10 92 89 07 	sts	0x0789, r1	; 0x800789 <timer0_millis>
    15be:	10 92 8a 07 	sts	0x078A, r1	; 0x80078a <timer0_millis+0x1>
    15c2:	10 92 8b 07 	sts	0x078B, r1	; 0x80078b <timer0_millis+0x2>
    15c6:	10 92 8c 07 	sts	0x078C, r1	; 0x80078c <timer0_millis+0x3>
    15ca:	10 92 88 07 	sts	0x0788, r1	; 0x800788 <timer0_fract>
    15ce:	78 94       	sei
    15d0:	08 95       	ret

000015d2 <millis>:
    15d2:	2f b7       	in	r18, 0x3f	; 63
    15d4:	f8 94       	cli
    15d6:	60 91 89 07 	lds	r22, 0x0789	; 0x800789 <timer0_millis>
    15da:	70 91 8a 07 	lds	r23, 0x078A	; 0x80078a <timer0_millis+0x1>
    15de:	80 91 8b 07 	lds	r24, 0x078B	; 0x80078b <timer0_millis+0x2>
    15e2:	90 91 8c 07 	lds	r25, 0x078C	; 0x80078c <timer0_millis+0x3>
    15e6:	2f bf       	out	0x3f, r18	; 63
    15e8:	08 95       	ret

000015ea <delay>:
    15ea:	8f 92       	push	r8
    15ec:	9f 92       	push	r9
    15ee:	af 92       	push	r10
    15f0:	bf 92       	push	r11
    15f2:	cf 92       	push	r12
    15f4:	df 92       	push	r13
    15f6:	ef 92       	push	r14
    15f8:	ff 92       	push	r15
    15fa:	6b 01       	movw	r12, r22
    15fc:	7c 01       	movw	r14, r24
    15fe:	0e 94 e9 0a 	call	0x15d2	; 0x15d2 <millis>
    1602:	4b 01       	movw	r8, r22
    1604:	5c 01       	movw	r10, r24
    1606:	0e 94 e9 0a 	call	0x15d2	; 0x15d2 <millis>
    160a:	68 19       	sub	r22, r8
    160c:	79 09       	sbc	r23, r9
    160e:	8a 09       	sbc	r24, r10
    1610:	9b 09       	sbc	r25, r11
    1612:	0e 94 51 0c 	call	0x18a2	; 0x18a2 <__floatunsisf>
    1616:	a7 01       	movw	r20, r14
    1618:	96 01       	movw	r18, r12
    161a:	0e 94 da 0b 	call	0x17b4	; 0x17b4 <__cmpsf2>
    161e:	87 fd       	sbrc	r24, 7
    1620:	f2 cf       	rjmp	.-28     	; 0x1606 <delay+0x1c>
    1622:	ff 90       	pop	r15
    1624:	ef 90       	pop	r14
    1626:	df 90       	pop	r13
    1628:	cf 90       	pop	r12
    162a:	bf 90       	pop	r11
    162c:	af 90       	pop	r10
    162e:	9f 90       	pop	r9
    1630:	8f 90       	pop	r8
    1632:	08 95       	ret

00001634 <__vector_18>:
    1634:	1f 92       	push	r1
    1636:	0f 92       	push	r0
    1638:	0f b6       	in	r0, 0x3f	; 63
    163a:	0f 92       	push	r0
    163c:	11 24       	eor	r1, r1
    163e:	2f 93       	push	r18
    1640:	3f 93       	push	r19
    1642:	8f 93       	push	r24
    1644:	9f 93       	push	r25
    1646:	ef 93       	push	r30
    1648:	ff 93       	push	r31
    164a:	20 91 c6 00 	lds	r18, 0x00C6	; 0x8000c6 <__TEXT_REGION_LENGTH__+0x7f80c6>
    164e:	80 91 92 07 	lds	r24, 0x0792	; 0x800792 <rx_head>
    1652:	90 e0       	ldi	r25, 0x00	; 0
    1654:	01 96       	adiw	r24, 0x01	; 1
    1656:	8f 73       	andi	r24, 0x3F	; 63
    1658:	99 27       	eor	r25, r25
    165a:	30 91 91 07 	lds	r19, 0x0791	; 0x800791 <rx_tail>
    165e:	38 17       	cp	r19, r24
    1660:	41 f0       	breq	.+16     	; 0x1672 <__vector_18+0x3e>
    1662:	e0 91 92 07 	lds	r30, 0x0792	; 0x800792 <rx_head>
    1666:	f0 e0       	ldi	r31, 0x00	; 0
    1668:	eb 56       	subi	r30, 0x6B	; 107
    166a:	f8 4f       	sbci	r31, 0xF8	; 248
    166c:	20 83       	st	Z, r18
    166e:	80 93 92 07 	sts	0x0792, r24	; 0x800792 <rx_head>
    1672:	ff 91       	pop	r31
    1674:	ef 91       	pop	r30
    1676:	9f 91       	pop	r25
    1678:	8f 91       	pop	r24
    167a:	3f 91       	pop	r19
    167c:	2f 91       	pop	r18
    167e:	0f 90       	pop	r0
    1680:	0f be       	out	0x3f, r0	; 63
    1682:	0f 90       	pop	r0
    1684:	1f 90       	pop	r1
    1686:	18 95       	reti

00001688 <__vector_19>:
    1688:	1f 92       	push	r1
    168a:	0f 92       	push	r0
    168c:	0f b6       	in	r0, 0x3f	; 63
    168e:	0f 92       	push	r0
    1690:	11 24       	eor	r1, r1
    1692:	8f 93       	push	r24
    1694:	9f 93       	push	r25
    1696:	ef 93       	push	r30
    1698:	ff 93       	push	r31
    169a:	90 91 94 07 	lds	r25, 0x0794	; 0x800794 <tx_head>
    169e:	80 91 93 07 	lds	r24, 0x0793	; 0x800793 <tx_tail>
    16a2:	98 13       	cpse	r25, r24
    16a4:	06 c0       	rjmp	.+12     	; 0x16b2 <__vector_19+0x2a>
    16a6:	80 91 c1 00 	lds	r24, 0x00C1	; 0x8000c1 <__TEXT_REGION_LENGTH__+0x7f80c1>
    16aa:	8f 7d       	andi	r24, 0xDF	; 223
    16ac:	80 93 c1 00 	sts	0x00C1, r24	; 0x8000c1 <__TEXT_REGION_LENGTH__+0x7f80c1>
    16b0:	0e c0       	rjmp	.+28     	; 0x16ce <__vector_19+0x46>
    16b2:	e0 91 93 07 	lds	r30, 0x0793	; 0x800793 <tx_tail>
    16b6:	f0 e0       	ldi	r31, 0x00	; 0
    16b8:	eb 52       	subi	r30, 0x2B	; 43
    16ba:	f8 4f       	sbci	r31, 0xF8	; 248
    16bc:	80 81       	ld	r24, Z
    16be:	80 93 c6 00 	sts	0x00C6, r24	; 0x8000c6 <__TEXT_REGION_LENGTH__+0x7f80c6>
    16c2:	80 91 93 07 	lds	r24, 0x0793	; 0x800793 <tx_tail>
    16c6:	90 e0       	ldi	r25, 0x00	; 0
    16c8:	01 96       	adiw	r24, 0x01	; 1
    16ca:	80 93 93 07 	sts	0x0793, r24	; 0x800793 <tx_tail>
    16ce:	ff 91       	pop	r31
    16d0:	ef 91       	pop	r30
    16d2:	9f 91       	pop	r25
    16d4:	8f 91       	pop	r24
    16d6:	0f 90       	pop	r0
    16d8:	0f be       	out	0x3f, r0	; 63
    16da:	0f 90       	pop	r0
    16dc:	1f 90       	pop	r1
    16de:	18 95       	reti

000016e0 <__vector_20>:
    16e0:	1f 92       	push	r1
    16e2:	0f 92       	push	r0
    16e4:	0f b6       	in	r0, 0x3f	; 63
    16e6:	0f 92       	push	r0
    16e8:	11 24       	eor	r1, r1
    16ea:	8f 93       	push	r24
    16ec:	9f 93       	push	r25
    16ee:	90 91 94 07 	lds	r25, 0x0794	; 0x800794 <tx_head>
    16f2:	80 91 93 07 	lds	r24, 0x0793	; 0x800793 <tx_tail>
    16f6:	98 13       	cpse	r25, r24
    16f8:	03 c0       	rjmp	.+6      	; 0x1700 <__vector_20+0x20>
    16fa:	8b b1       	in	r24, 0x0b	; 11
    16fc:	83 7f       	andi	r24, 0xF3	; 243
    16fe:	8b b9       	out	0x0b, r24	; 11
    1700:	9f 91       	pop	r25
    1702:	8f 91       	pop	r24
    1704:	0f 90       	pop	r0
    1706:	0f be       	out	0x3f, r0	; 63
    1708:	0f 90       	pop	r0
    170a:	1f 90       	pop	r1
    170c:	18 95       	reti

0000170e <uart_init>:
    170e:	10 92 c5 00 	sts	0x00C5, r1	; 0x8000c5 <__TEXT_REGION_LENGTH__+0x7f80c5>
    1712:	87 e6       	ldi	r24, 0x67	; 103
    1714:	80 93 c4 00 	sts	0x00C4, r24	; 0x8000c4 <__TEXT_REGION_LENGTH__+0x7f80c4>
    1718:	88 ed       	ldi	r24, 0xD8	; 216
    171a:	80 93 c1 00 	sts	0x00C1, r24	; 0x8000c1 <__TEXT_REGION_LENGTH__+0x7f80c1>
    171e:	86 e0       	ldi	r24, 0x06	; 6
    1720:	80 93 c2 00 	sts	0x00C2, r24	; 0x8000c2 <__TEXT_REGION_LENGTH__+0x7f80c2>
    1724:	8a b1       	in	r24, 0x0a	; 10
    1726:	8c 60       	ori	r24, 0x0C	; 12
    1728:	8a b9       	out	0x0a, r24	; 10
    172a:	8b b1       	in	r24, 0x0b	; 11
    172c:	83 7f       	andi	r24, 0xF3	; 243
    172e:	8b b9       	out	0x0b, r24	; 11
    1730:	e0 ec       	ldi	r30, 0xC0	; 192
    1732:	f0 e0       	ldi	r31, 0x00	; 0
    1734:	80 81       	ld	r24, Z
    1736:	80 64       	ori	r24, 0x40	; 64
    1738:	80 83       	st	Z, r24
    173a:	08 95       	ret

0000173c <uart_tx>:
    173c:	cf 93       	push	r28
    173e:	c8 2f       	mov	r28, r24
    1740:	8b b1       	in	r24, 0x0b	; 11
    1742:	8c 60       	ori	r24, 0x0C	; 12
    1744:	8b b9       	out	0x0b, r24	; 11
    1746:	80 91 94 07 	lds	r24, 0x0794	; 0x800794 <tx_head>
    174a:	90 e0       	ldi	r25, 0x00	; 0
    174c:	01 96       	adiw	r24, 0x01	; 1
    174e:	20 91 93 07 	lds	r18, 0x0793	; 0x800793 <tx_tail>
    1752:	28 13       	cpse	r18, r24
    1754:	05 c0       	rjmp	.+10     	; 0x1760 <uart_tx+0x24>
    1756:	81 e0       	ldi	r24, 0x01	; 1
    1758:	90 e0       	ldi	r25, 0x00	; 0
    175a:	0e 94 7b 07 	call	0xef6	; 0xef6 <vTaskDelay>
    175e:	f3 cf       	rjmp	.-26     	; 0x1746 <uart_tx+0xa>
    1760:	e0 91 94 07 	lds	r30, 0x0794	; 0x800794 <tx_head>
    1764:	f0 e0       	ldi	r31, 0x00	; 0
    1766:	eb 52       	subi	r30, 0x2B	; 43
    1768:	f8 4f       	sbci	r31, 0xF8	; 248
    176a:	c0 83       	st	Z, r28
    176c:	80 93 94 07 	sts	0x0794, r24	; 0x800794 <tx_head>
    1770:	80 91 c1 00 	lds	r24, 0x00C1	; 0x8000c1 <__TEXT_REGION_LENGTH__+0x7f80c1>
    1774:	80 62       	ori	r24, 0x20	; 32
    1776:	80 93 c1 00 	sts	0x00C1, r24	; 0x8000c1 <__TEXT_REGION_LENGTH__+0x7f80c1>
    177a:	cf 91       	pop	r28
    177c:	08 95       	ret

0000177e <uart_rx>:
    177e:	90 91 92 07 	lds	r25, 0x0792	; 0x800792 <rx_head>
    1782:	80 91 91 07 	lds	r24, 0x0791	; 0x800791 <rx_tail>
    1786:	98 13       	cpse	r25, r24
    1788:	05 c0       	rjmp	.+10     	; 0x1794 <uart_rx+0x16>
    178a:	81 e0       	ldi	r24, 0x01	; 1
    178c:	90 e0       	ldi	r25, 0x00	; 0
    178e:	0e 94 7b 07 	call	0xef6	; 0xef6 <vTaskDelay>
    1792:	f5 cf       	rjmp	.-22     	; 0x177e <uart_rx>
    1794:	e0 91 91 07 	lds	r30, 0x0791	; 0x800791 <rx_tail>
    1798:	f0 e0       	ldi	r31, 0x00	; 0
    179a:	eb 56       	subi	r30, 0x6B	; 107
    179c:	f8 4f       	sbci	r31, 0xF8	; 248
    179e:	80 81       	ld	r24, Z
    17a0:	20 91 91 07 	lds	r18, 0x0791	; 0x800791 <rx_tail>
    17a4:	30 e0       	ldi	r19, 0x00	; 0
    17a6:	2f 5f       	subi	r18, 0xFF	; 255
    17a8:	3f 4f       	sbci	r19, 0xFF	; 255
    17aa:	2f 73       	andi	r18, 0x3F	; 63
    17ac:	33 27       	eor	r19, r19
    17ae:	20 93 91 07 	sts	0x0791, r18	; 0x800791 <rx_tail>
    17b2:	08 95       	ret

000017b4 <__cmpsf2>:
    17b4:	0e 94 8e 0c 	call	0x191c	; 0x191c <__fp_cmp>
    17b8:	08 f4       	brcc	.+2      	; 0x17bc <__cmpsf2+0x8>
    17ba:	81 e0       	ldi	r24, 0x01	; 1
    17bc:	08 95       	ret

000017be <__divsf3>:
    17be:	0e 94 f3 0b 	call	0x17e6	; 0x17e6 <__divsf3x>
    17c2:	0c 94 c9 0c 	jmp	0x1992	; 0x1992 <__fp_round>
    17c6:	0e 94 c2 0c 	call	0x1984	; 0x1984 <__fp_pscB>
    17ca:	58 f0       	brcs	.+22     	; 0x17e2 <__divsf3+0x24>
    17cc:	0e 94 bb 0c 	call	0x1976	; 0x1976 <__fp_pscA>
    17d0:	40 f0       	brcs	.+16     	; 0x17e2 <__divsf3+0x24>
    17d2:	29 f4       	brne	.+10     	; 0x17de <__divsf3+0x20>
    17d4:	5f 3f       	cpi	r21, 0xFF	; 255
    17d6:	29 f0       	breq	.+10     	; 0x17e2 <__divsf3+0x24>
    17d8:	0c 94 b2 0c 	jmp	0x1964	; 0x1964 <__fp_inf>
    17dc:	51 11       	cpse	r21, r1
    17de:	0c 94 fd 0c 	jmp	0x19fa	; 0x19fa <__fp_szero>
    17e2:	0c 94 b8 0c 	jmp	0x1970	; 0x1970 <__fp_nan>

000017e6 <__divsf3x>:
    17e6:	0e 94 da 0c 	call	0x19b4	; 0x19b4 <__fp_split3>
    17ea:	68 f3       	brcs	.-38     	; 0x17c6 <__divsf3+0x8>

000017ec <__divsf3_pse>:
    17ec:	99 23       	and	r25, r25
    17ee:	b1 f3       	breq	.-20     	; 0x17dc <__divsf3+0x1e>
    17f0:	55 23       	and	r21, r21
    17f2:	91 f3       	breq	.-28     	; 0x17d8 <__divsf3+0x1a>
    17f4:	95 1b       	sub	r25, r21
    17f6:	55 0b       	sbc	r21, r21
    17f8:	bb 27       	eor	r27, r27
    17fa:	aa 27       	eor	r26, r26
    17fc:	62 17       	cp	r22, r18
    17fe:	73 07       	cpc	r23, r19
    1800:	84 07       	cpc	r24, r20
    1802:	38 f0       	brcs	.+14     	; 0x1812 <__divsf3_pse+0x26>
    1804:	9f 5f       	subi	r25, 0xFF	; 255
    1806:	5f 4f       	sbci	r21, 0xFF	; 255
    1808:	22 0f       	add	r18, r18
    180a:	33 1f       	adc	r19, r19
    180c:	44 1f       	adc	r20, r20
    180e:	aa 1f       	adc	r26, r26
    1810:	a9 f3       	breq	.-22     	; 0x17fc <__divsf3_pse+0x10>
    1812:	35 d0       	rcall	.+106    	; 0x187e <__divsf3_pse+0x92>
    1814:	0e 2e       	mov	r0, r30
    1816:	3a f0       	brmi	.+14     	; 0x1826 <__divsf3_pse+0x3a>
    1818:	e0 e8       	ldi	r30, 0x80	; 128
    181a:	32 d0       	rcall	.+100    	; 0x1880 <__divsf3_pse+0x94>
    181c:	91 50       	subi	r25, 0x01	; 1
    181e:	50 40       	sbci	r21, 0x00	; 0
    1820:	e6 95       	lsr	r30
    1822:	00 1c       	adc	r0, r0
    1824:	ca f7       	brpl	.-14     	; 0x1818 <__divsf3_pse+0x2c>
    1826:	2b d0       	rcall	.+86     	; 0x187e <__divsf3_pse+0x92>
    1828:	fe 2f       	mov	r31, r30
    182a:	29 d0       	rcall	.+82     	; 0x187e <__divsf3_pse+0x92>
    182c:	66 0f       	add	r22, r22
    182e:	77 1f       	adc	r23, r23
    1830:	88 1f       	adc	r24, r24
    1832:	bb 1f       	adc	r27, r27
    1834:	26 17       	cp	r18, r22
    1836:	37 07       	cpc	r19, r23
    1838:	48 07       	cpc	r20, r24
    183a:	ab 07       	cpc	r26, r27
    183c:	b0 e8       	ldi	r27, 0x80	; 128
    183e:	09 f0       	breq	.+2      	; 0x1842 <__divsf3_pse+0x56>
    1840:	bb 0b       	sbc	r27, r27
    1842:	80 2d       	mov	r24, r0
    1844:	bf 01       	movw	r22, r30
    1846:	ff 27       	eor	r31, r31
    1848:	93 58       	subi	r25, 0x83	; 131
    184a:	5f 4f       	sbci	r21, 0xFF	; 255
    184c:	3a f0       	brmi	.+14     	; 0x185c <__divsf3_pse+0x70>
    184e:	9e 3f       	cpi	r25, 0xFE	; 254
    1850:	51 05       	cpc	r21, r1
    1852:	78 f0       	brcs	.+30     	; 0x1872 <__divsf3_pse+0x86>
    1854:	0c 94 b2 0c 	jmp	0x1964	; 0x1964 <__fp_inf>
    1858:	0c 94 fd 0c 	jmp	0x19fa	; 0x19fa <__fp_szero>
    185c:	5f 3f       	cpi	r21, 0xFF	; 255
    185e:	e4 f3       	brlt	.-8      	; 0x1858 <__divsf3_pse+0x6c>
    1860:	98 3e       	cpi	r25, 0xE8	; 232
    1862:	d4 f3       	brlt	.-12     	; 0x1858 <__divsf3_pse+0x6c>
    1864:	86 95       	lsr	r24
    1866:	77 95       	ror	r23
    1868:	67 95       	ror	r22
    186a:	b7 95       	ror	r27
    186c:	f7 95       	ror	r31
    186e:	9f 5f       	subi	r25, 0xFF	; 255
    1870:	c9 f7       	brne	.-14     	; 0x1864 <__divsf3_pse+0x78>
    1872:	88 0f       	add	r24, r24
    1874:	91 1d       	adc	r25, r1
    1876:	96 95       	lsr	r25
    1878:	87 95       	ror	r24
    187a:	97 f9       	bld	r25, 7
    187c:	08 95       	ret
    187e:	e1 e0       	ldi	r30, 0x01	; 1
    1880:	66 0f       	add	r22, r22
    1882:	77 1f       	adc	r23, r23
    1884:	88 1f       	adc	r24, r24
    1886:	bb 1f       	adc	r27, r27
    1888:	62 17       	cp	r22, r18
    188a:	73 07       	cpc	r23, r19
    188c:	84 07       	cpc	r24, r20
    188e:	ba 07       	cpc	r27, r26
    1890:	20 f0       	brcs	.+8      	; 0x189a <__divsf3_pse+0xae>
    1892:	62 1b       	sub	r22, r18
    1894:	73 0b       	sbc	r23, r19
    1896:	84 0b       	sbc	r24, r20
    1898:	ba 0b       	sbc	r27, r26
    189a:	ee 1f       	adc	r30, r30
    189c:	88 f7       	brcc	.-30     	; 0x1880 <__divsf3_pse+0x94>
    189e:	e0 95       	com	r30
    18a0:	08 95       	ret

000018a2 <__floatunsisf>:
    18a2:	e8 94       	clt
    18a4:	09 c0       	rjmp	.+18     	; 0x18b8 <__floatsisf+0x12>

000018a6 <__floatsisf>:
    18a6:	97 fb       	bst	r25, 7
    18a8:	3e f4       	brtc	.+14     	; 0x18b8 <__floatsisf+0x12>
    18aa:	90 95       	com	r25
    18ac:	80 95       	com	r24
    18ae:	70 95       	com	r23
    18b0:	61 95       	neg	r22
    18b2:	7f 4f       	sbci	r23, 0xFF	; 255
    18b4:	8f 4f       	sbci	r24, 0xFF	; 255
    18b6:	9f 4f       	sbci	r25, 0xFF	; 255
    18b8:	99 23       	and	r25, r25
    18ba:	a9 f0       	breq	.+42     	; 0x18e6 <__floatsisf+0x40>
    18bc:	f9 2f       	mov	r31, r25
    18be:	96 e9       	ldi	r25, 0x96	; 150
    18c0:	bb 27       	eor	r27, r27
    18c2:	93 95       	inc	r25
    18c4:	f6 95       	lsr	r31
    18c6:	87 95       	ror	r24
    18c8:	77 95       	ror	r23
    18ca:	67 95       	ror	r22
    18cc:	b7 95       	ror	r27
    18ce:	f1 11       	cpse	r31, r1
    18d0:	f8 cf       	rjmp	.-16     	; 0x18c2 <__floatsisf+0x1c>
    18d2:	fa f4       	brpl	.+62     	; 0x1912 <__floatsisf+0x6c>
    18d4:	bb 0f       	add	r27, r27
    18d6:	11 f4       	brne	.+4      	; 0x18dc <__floatsisf+0x36>
    18d8:	60 ff       	sbrs	r22, 0
    18da:	1b c0       	rjmp	.+54     	; 0x1912 <__floatsisf+0x6c>
    18dc:	6f 5f       	subi	r22, 0xFF	; 255
    18de:	7f 4f       	sbci	r23, 0xFF	; 255
    18e0:	8f 4f       	sbci	r24, 0xFF	; 255
    18e2:	9f 4f       	sbci	r25, 0xFF	; 255
    18e4:	16 c0       	rjmp	.+44     	; 0x1912 <__floatsisf+0x6c>
    18e6:	88 23       	and	r24, r24
    18e8:	11 f0       	breq	.+4      	; 0x18ee <__floatsisf+0x48>
    18ea:	96 e9       	ldi	r25, 0x96	; 150
    18ec:	11 c0       	rjmp	.+34     	; 0x1910 <__floatsisf+0x6a>
    18ee:	77 23       	and	r23, r23
    18f0:	21 f0       	breq	.+8      	; 0x18fa <__floatsisf+0x54>
    18f2:	9e e8       	ldi	r25, 0x8E	; 142
    18f4:	87 2f       	mov	r24, r23
    18f6:	76 2f       	mov	r23, r22
    18f8:	05 c0       	rjmp	.+10     	; 0x1904 <__floatsisf+0x5e>
    18fa:	66 23       	and	r22, r22
    18fc:	71 f0       	breq	.+28     	; 0x191a <__floatsisf+0x74>
    18fe:	96 e8       	ldi	r25, 0x86	; 134
    1900:	86 2f       	mov	r24, r22
    1902:	70 e0       	ldi	r23, 0x00	; 0
    1904:	60 e0       	ldi	r22, 0x00	; 0
    1906:	2a f0       	brmi	.+10     	; 0x1912 <__floatsisf+0x6c>
    1908:	9a 95       	dec	r25
    190a:	66 0f       	add	r22, r22
    190c:	77 1f       	adc	r23, r23
    190e:	88 1f       	adc	r24, r24
    1910:	da f7       	brpl	.-10     	; 0x1908 <__floatsisf+0x62>
    1912:	88 0f       	add	r24, r24
    1914:	96 95       	lsr	r25
    1916:	87 95       	ror	r24
    1918:	97 f9       	bld	r25, 7
    191a:	08 95       	ret

0000191c <__fp_cmp>:
    191c:	99 0f       	add	r25, r25
    191e:	00 08       	sbc	r0, r0
    1920:	55 0f       	add	r21, r21
    1922:	aa 0b       	sbc	r26, r26
    1924:	e0 e8       	ldi	r30, 0x80	; 128
    1926:	fe ef       	ldi	r31, 0xFE	; 254
    1928:	16 16       	cp	r1, r22
    192a:	17 06       	cpc	r1, r23
    192c:	e8 07       	cpc	r30, r24
    192e:	f9 07       	cpc	r31, r25
    1930:	c0 f0       	brcs	.+48     	; 0x1962 <__fp_cmp+0x46>
    1932:	12 16       	cp	r1, r18
    1934:	13 06       	cpc	r1, r19
    1936:	e4 07       	cpc	r30, r20
    1938:	f5 07       	cpc	r31, r21
    193a:	98 f0       	brcs	.+38     	; 0x1962 <__fp_cmp+0x46>
    193c:	62 1b       	sub	r22, r18
    193e:	73 0b       	sbc	r23, r19
    1940:	84 0b       	sbc	r24, r20
    1942:	95 0b       	sbc	r25, r21
    1944:	39 f4       	brne	.+14     	; 0x1954 <__fp_cmp+0x38>
    1946:	0a 26       	eor	r0, r26
    1948:	61 f0       	breq	.+24     	; 0x1962 <__fp_cmp+0x46>
    194a:	23 2b       	or	r18, r19
    194c:	24 2b       	or	r18, r20
    194e:	25 2b       	or	r18, r21
    1950:	21 f4       	brne	.+8      	; 0x195a <__fp_cmp+0x3e>
    1952:	08 95       	ret
    1954:	0a 26       	eor	r0, r26
    1956:	09 f4       	brne	.+2      	; 0x195a <__fp_cmp+0x3e>
    1958:	a1 40       	sbci	r26, 0x01	; 1
    195a:	a6 95       	lsr	r26
    195c:	8f ef       	ldi	r24, 0xFF	; 255
    195e:	81 1d       	adc	r24, r1
    1960:	81 1d       	adc	r24, r1
    1962:	08 95       	ret

00001964 <__fp_inf>:
    1964:	97 f9       	bld	r25, 7
    1966:	9f 67       	ori	r25, 0x7F	; 127
    1968:	80 e8       	ldi	r24, 0x80	; 128
    196a:	70 e0       	ldi	r23, 0x00	; 0
    196c:	60 e0       	ldi	r22, 0x00	; 0
    196e:	08 95       	ret

00001970 <__fp_nan>:
    1970:	9f ef       	ldi	r25, 0xFF	; 255
    1972:	80 ec       	ldi	r24, 0xC0	; 192
    1974:	08 95       	ret

00001976 <__fp_pscA>:
    1976:	00 24       	eor	r0, r0
    1978:	0a 94       	dec	r0
    197a:	16 16       	cp	r1, r22
    197c:	17 06       	cpc	r1, r23
    197e:	18 06       	cpc	r1, r24
    1980:	09 06       	cpc	r0, r25
    1982:	08 95       	ret

00001984 <__fp_pscB>:
    1984:	00 24       	eor	r0, r0
    1986:	0a 94       	dec	r0
    1988:	12 16       	cp	r1, r18
    198a:	13 06       	cpc	r1, r19
    198c:	14 06       	cpc	r1, r20
    198e:	05 06       	cpc	r0, r21
    1990:	08 95       	ret

00001992 <__fp_round>:
    1992:	09 2e       	mov	r0, r25
    1994:	03 94       	inc	r0
    1996:	00 0c       	add	r0, r0
    1998:	11 f4       	brne	.+4      	; 0x199e <__fp_round+0xc>
    199a:	88 23       	and	r24, r24
    199c:	52 f0       	brmi	.+20     	; 0x19b2 <__fp_round+0x20>
    199e:	bb 0f       	add	r27, r27
    19a0:	40 f4       	brcc	.+16     	; 0x19b2 <__fp_round+0x20>
    19a2:	bf 2b       	or	r27, r31
    19a4:	11 f4       	brne	.+4      	; 0x19aa <__fp_round+0x18>
    19a6:	60 ff       	sbrs	r22, 0
    19a8:	04 c0       	rjmp	.+8      	; 0x19b2 <__fp_round+0x20>
    19aa:	6f 5f       	subi	r22, 0xFF	; 255
    19ac:	7f 4f       	sbci	r23, 0xFF	; 255
    19ae:	8f 4f       	sbci	r24, 0xFF	; 255
    19b0:	9f 4f       	sbci	r25, 0xFF	; 255
    19b2:	08 95       	ret

000019b4 <__fp_split3>:
    19b4:	57 fd       	sbrc	r21, 7
    19b6:	90 58       	subi	r25, 0x80	; 128
    19b8:	44 0f       	add	r20, r20
    19ba:	55 1f       	adc	r21, r21
    19bc:	59 f0       	breq	.+22     	; 0x19d4 <__fp_splitA+0x10>
    19be:	5f 3f       	cpi	r21, 0xFF	; 255
    19c0:	71 f0       	breq	.+28     	; 0x19de <__fp_splitA+0x1a>
    19c2:	47 95       	ror	r20

000019c4 <__fp_splitA>:
    19c4:	88 0f       	add	r24, r24
    19c6:	97 fb       	bst	r25, 7
    19c8:	99 1f       	adc	r25, r25
    19ca:	61 f0       	breq	.+24     	; 0x19e4 <__fp_splitA+0x20>
    19cc:	9f 3f       	cpi	r25, 0xFF	; 255
    19ce:	79 f0       	breq	.+30     	; 0x19ee <__fp_splitA+0x2a>
    19d0:	87 95       	ror	r24
    19d2:	08 95       	ret
    19d4:	12 16       	cp	r1, r18
    19d6:	13 06       	cpc	r1, r19
    19d8:	14 06       	cpc	r1, r20
    19da:	55 1f       	adc	r21, r21
    19dc:	f2 cf       	rjmp	.-28     	; 0x19c2 <__fp_split3+0xe>
    19de:	46 95       	lsr	r20
    19e0:	f1 df       	rcall	.-30     	; 0x19c4 <__fp_splitA>
    19e2:	08 c0       	rjmp	.+16     	; 0x19f4 <__fp_splitA+0x30>
    19e4:	16 16       	cp	r1, r22
    19e6:	17 06       	cpc	r1, r23
    19e8:	18 06       	cpc	r1, r24
    19ea:	99 1f       	adc	r25, r25
    19ec:	f1 cf       	rjmp	.-30     	; 0x19d0 <__fp_splitA+0xc>
    19ee:	86 95       	lsr	r24
    19f0:	71 05       	cpc	r23, r1
    19f2:	61 05       	cpc	r22, r1
    19f4:	08 94       	sec
    19f6:	08 95       	ret

000019f8 <__fp_zero>:
    19f8:	e8 94       	clt

000019fa <__fp_szero>:
    19fa:	bb 27       	eor	r27, r27
    19fc:	66 27       	eor	r22, r22
    19fe:	77 27       	eor	r23, r23
    1a00:	cb 01       	movw	r24, r22
    1a02:	97 f9       	bld	r25, 7
    1a04:	08 95       	ret

00001a06 <__mulsf3>:
    1a06:	0e 94 16 0d 	call	0x1a2c	; 0x1a2c <__mulsf3x>
    1a0a:	0c 94 c9 0c 	jmp	0x1992	; 0x1992 <__fp_round>
    1a0e:	0e 94 bb 0c 	call	0x1976	; 0x1976 <__fp_pscA>
    1a12:	38 f0       	brcs	.+14     	; 0x1a22 <__mulsf3+0x1c>
    1a14:	0e 94 c2 0c 	call	0x1984	; 0x1984 <__fp_pscB>
    1a18:	20 f0       	brcs	.+8      	; 0x1a22 <__mulsf3+0x1c>
    1a1a:	95 23       	and	r25, r21
    1a1c:	11 f0       	breq	.+4      	; 0x1a22 <__mulsf3+0x1c>
    1a1e:	0c 94 b2 0c 	jmp	0x1964	; 0x1964 <__fp_inf>
    1a22:	0c 94 b8 0c 	jmp	0x1970	; 0x1970 <__fp_nan>
    1a26:	11 24       	eor	r1, r1
    1a28:	0c 94 fd 0c 	jmp	0x19fa	; 0x19fa <__fp_szero>

00001a2c <__mulsf3x>:
    1a2c:	0e 94 da 0c 	call	0x19b4	; 0x19b4 <__fp_split3>
    1a30:	70 f3       	brcs	.-36     	; 0x1a0e <__mulsf3+0x8>

00001a32 <__mulsf3_pse>:
    1a32:	95 9f       	mul	r25, r21
    1a34:	c1 f3       	breq	.-16     	; 0x1a26 <__mulsf3+0x20>
    1a36:	95 0f       	add	r25, r21
    1a38:	50 e0       	ldi	r21, 0x00	; 0
    1a3a:	55 1f       	adc	r21, r21
    1a3c:	62 9f       	mul	r22, r18
    1a3e:	f0 01       	movw	r30, r0
    1a40:	72 9f       	mul	r23, r18
    1a42:	bb 27       	eor	r27, r27
    1a44:	f0 0d       	add	r31, r0
    1a46:	b1 1d       	adc	r27, r1
    1a48:	63 9f       	mul	r22, r19
    1a4a:	aa 27       	eor	r26, r26
    1a4c:	f0 0d       	add	r31, r0
    1a4e:	b1 1d       	adc	r27, r1
    1a50:	aa 1f       	adc	r26, r26
    1a52:	64 9f       	mul	r22, r20
    1a54:	66 27       	eor	r22, r22
    1a56:	b0 0d       	add	r27, r0
    1a58:	a1 1d       	adc	r26, r1
    1a5a:	66 1f       	adc	r22, r22
    1a5c:	82 9f       	mul	r24, r18
    1a5e:	22 27       	eor	r18, r18
    1a60:	b0 0d       	add	r27, r0
    1a62:	a1 1d       	adc	r26, r1
    1a64:	62 1f       	adc	r22, r18
    1a66:	73 9f       	mul	r23, r19
    1a68:	b0 0d       	add	r27, r0
    1a6a:	a1 1d       	adc	r26, r1
    1a6c:	62 1f       	adc	r22, r18
    1a6e:	83 9f       	mul	r24, r19
    1a70:	a0 0d       	add	r26, r0
    1a72:	61 1d       	adc	r22, r1
    1a74:	22 1f       	adc	r18, r18
    1a76:	74 9f       	mul	r23, r20
    1a78:	33 27       	eor	r19, r19
    1a7a:	a0 0d       	add	r26, r0
    1a7c:	61 1d       	adc	r22, r1
    1a7e:	23 1f       	adc	r18, r19
    1a80:	84 9f       	mul	r24, r20
    1a82:	60 0d       	add	r22, r0
    1a84:	21 1d       	adc	r18, r1
    1a86:	82 2f       	mov	r24, r18
    1a88:	76 2f       	mov	r23, r22
    1a8a:	6a 2f       	mov	r22, r26
    1a8c:	11 24       	eor	r1, r1
    1a8e:	9f 57       	subi	r25, 0x7F	; 127
    1a90:	50 40       	sbci	r21, 0x00	; 0
    1a92:	9a f0       	brmi	.+38     	; 0x1aba <__mulsf3_pse+0x88>
    1a94:	f1 f0       	breq	.+60     	; 0x1ad2 <__mulsf3_pse+0xa0>
    1a96:	88 23       	and	r24, r24
    1a98:	4a f0       	brmi	.+18     	; 0x1aac <__mulsf3_pse+0x7a>
    1a9a:	ee 0f       	add	r30, r30
    1a9c:	ff 1f       	adc	r31, r31
    1a9e:	bb 1f       	adc	r27, r27
    1aa0:	66 1f       	adc	r22, r22
    1aa2:	77 1f       	adc	r23, r23
    1aa4:	88 1f       	adc	r24, r24
    1aa6:	91 50       	subi	r25, 0x01	; 1
    1aa8:	50 40       	sbci	r21, 0x00	; 0
    1aaa:	a9 f7       	brne	.-22     	; 0x1a96 <__mulsf3_pse+0x64>
    1aac:	9e 3f       	cpi	r25, 0xFE	; 254
    1aae:	51 05       	cpc	r21, r1
    1ab0:	80 f0       	brcs	.+32     	; 0x1ad2 <__mulsf3_pse+0xa0>
    1ab2:	0c 94 b2 0c 	jmp	0x1964	; 0x1964 <__fp_inf>
    1ab6:	0c 94 fd 0c 	jmp	0x19fa	; 0x19fa <__fp_szero>
    1aba:	5f 3f       	cpi	r21, 0xFF	; 255
    1abc:	e4 f3       	brlt	.-8      	; 0x1ab6 <__mulsf3_pse+0x84>
    1abe:	98 3e       	cpi	r25, 0xE8	; 232
    1ac0:	d4 f3       	brlt	.-12     	; 0x1ab6 <__mulsf3_pse+0x84>
    1ac2:	86 95       	lsr	r24
    1ac4:	77 95       	ror	r23
    1ac6:	67 95       	ror	r22
    1ac8:	b7 95       	ror	r27
    1aca:	f7 95       	ror	r31
    1acc:	e7 95       	ror	r30
    1ace:	9f 5f       	subi	r25, 0xFF	; 255
    1ad0:	c1 f7       	brne	.-16     	; 0x1ac2 <__mulsf3_pse+0x90>
    1ad2:	fe 2b       	or	r31, r30
    1ad4:	88 0f       	add	r24, r24
    1ad6:	91 1d       	adc	r25, r1
    1ad8:	96 95       	lsr	r25
    1ada:	87 95       	ror	r24
    1adc:	97 f9       	bld	r25, 7
    1ade:	08 95       	ret

00001ae0 <__bswapsi2>:
    1ae0:	69 27       	eor	r22, r25
    1ae2:	96 27       	eor	r25, r22
    1ae4:	69 27       	eor	r22, r25
    1ae6:	78 27       	eor	r23, r24
    1ae8:	87 27       	eor	r24, r23
    1aea:	78 27       	eor	r23, r24
    1aec:	08 95       	ret

00001aee <memcpy>:
    1aee:	fb 01       	movw	r30, r22
    1af0:	dc 01       	movw	r26, r24
    1af2:	02 c0       	rjmp	.+4      	; 0x1af8 <memcpy+0xa>
    1af4:	01 90       	ld	r0, Z+
    1af6:	0d 92       	st	X+, r0
    1af8:	41 50       	subi	r20, 0x01	; 1
    1afa:	50 40       	sbci	r21, 0x00	; 0
    1afc:	d8 f7       	brcc	.-10     	; 0x1af4 <memcpy+0x6>
    1afe:	08 95       	ret

00001b00 <_exit>:
    1b00:	f8 94       	cli

00001b02 <__stop_program>:
    1b02:	ff cf       	rjmp	.-2      	; 0x1b02 <__stop_program>
