
freeRtos_uart.elf:     file format elf32-avr

Sections:
Idx Name          Size      VMA       LMA       File off  Algn
  0 .data         0000002c  00800100  00001d56  00001dea  2**0
                  CONTENTS, ALLOC, LOAD, DATA
  1 .text         00001d56  00000000  00000000  00000094  2**1
                  CONTENTS, ALLOC, LOAD, READONLY, CODE
  2 .bss          000007a9  0080012c  0080012c  00001e16  2**0
                  ALLOC
  3 .comment      00000030  00000000  00000000  00001e16  2**0
                  CONTENTS, READONLY
  4 .note.gnu.avr.deviceinfo 00000040  00000000  00000000  00001e48  2**2
                  CONTENTS, READONLY
  5 .debug_aranges 00000428  00000000  00000000  00001e88  2**0
                  CONTENTS, READONLY, DEBUGGING
  6 .debug_info   00004884  00000000  00000000  000022b0  2**0
                  CONTENTS, READONLY, DEBUGGING
  7 .debug_abbrev 00001459  00000000  00000000  00006b34  2**0
                  CONTENTS, READONLY, DEBUGGING
  8 .debug_line   000029d1  00000000  00000000  00007f8d  2**0
                  CONTENTS, READONLY, DEBUGGING
  9 .debug_frame  00000cb4  00000000  00000000  0000a960  2**2
                  CONTENTS, READONLY, DEBUGGING
 10 .debug_str    00001565  00000000  00000000  0000b614  2**0
                  CONTENTS, READONLY, DEBUGGING
 11 .debug_loc    00004155  00000000  00000000  0000cb79  2**0
                  CONTENTS, READONLY, DEBUGGING
 12 .debug_ranges 00000428  00000000  00000000  00010cce  2**0
                  CONTENTS, READONLY, DEBUGGING

Disassembly of section .text:

00000000 <__vectors>:
       0:	0c 94 34 00 	jmp	0x68	; 0x68 <__ctors_end>
       4:	0c 94 51 00 	jmp	0xa2	; 0xa2 <__bad_interrupt>
       8:	0c 94 51 00 	jmp	0xa2	; 0xa2 <__bad_interrupt>
       c:	0c 94 51 00 	jmp	0xa2	; 0xa2 <__bad_interrupt>
      10:	0c 94 51 00 	jmp	0xa2	; 0xa2 <__bad_interrupt>
      14:	0c 94 51 00 	jmp	0xa2	; 0xa2 <__bad_interrupt>
      18:	0c 94 51 00 	jmp	0xa2	; 0xa2 <__bad_interrupt>
      1c:	0c 94 51 00 	jmp	0xa2	; 0xa2 <__bad_interrupt>
      20:	0c 94 51 00 	jmp	0xa2	; 0xa2 <__bad_interrupt>
      24:	0c 94 51 00 	jmp	0xa2	; 0xa2 <__bad_interrupt>
      28:	0c 94 51 00 	jmp	0xa2	; 0xa2 <__bad_interrupt>
      2c:	0c 94 73 02 	jmp	0x4e6	; 0x4e6 <__vector_11>
      30:	0c 94 51 00 	jmp	0xa2	; 0xa2 <__bad_interrupt>
      34:	0c 94 51 00 	jmp	0xa2	; 0xa2 <__bad_interrupt>
      38:	0c 94 51 00 	jmp	0xa2	; 0xa2 <__bad_interrupt>
      3c:	0c 94 51 00 	jmp	0xa2	; 0xa2 <__bad_interrupt>
      40:	0c 94 82 0b 	jmp	0x1704	; 0x1704 <__vector_16>
      44:	0c 94 51 00 	jmp	0xa2	; 0xa2 <__bad_interrupt>
      48:	0c 94 30 0c 	jmp	0x1860	; 0x1860 <__vector_18>
      4c:	0c 94 60 0c 	jmp	0x18c0	; 0x18c0 <__vector_19>
      50:	0c 94 92 0c 	jmp	0x1924	; 0x1924 <__vector_20>
      54:	0c 94 51 00 	jmp	0xa2	; 0xa2 <__bad_interrupt>
      58:	0c 94 51 00 	jmp	0xa2	; 0xa2 <__bad_interrupt>
      5c:	0c 94 51 00 	jmp	0xa2	; 0xa2 <__bad_interrupt>
      60:	0c 94 51 00 	jmp	0xa2	; 0xa2 <__bad_interrupt>
      64:	0c 94 51 00 	jmp	0xa2	; 0xa2 <__bad_interrupt>

00000068 <__ctors_end>:
      68:	11 24       	eor	r1, r1
      6a:	1f be       	out	0x3f, r1	; 63
      6c:	cf ef       	ldi	r28, 0xFF	; 255
      6e:	d8 e0       	ldi	r29, 0x08	; 8
      70:	de bf       	out	0x3e, r29	; 62
      72:	cd bf       	out	0x3d, r28	; 61

00000074 <__do_copy_data>:
      74:	11 e0       	ldi	r17, 0x01	; 1
      76:	a0 e0       	ldi	r26, 0x00	; 0
      78:	b1 e0       	ldi	r27, 0x01	; 1
      7a:	e6 e5       	ldi	r30, 0x56	; 86
      7c:	fd e1       	ldi	r31, 0x1D	; 29
      7e:	02 c0       	rjmp	.+4      	; 0x84 <__do_copy_data+0x10>
      80:	05 90       	lpm	r0, Z+
      82:	0d 92       	st	X+, r0
      84:	ac 32       	cpi	r26, 0x2C	; 44
      86:	b1 07       	cpc	r27, r17
      88:	d9 f7       	brne	.-10     	; 0x80 <__do_copy_data+0xc>

0000008a <__do_clear_bss>:
      8a:	28 e0       	ldi	r18, 0x08	; 8
      8c:	ac e2       	ldi	r26, 0x2C	; 44
      8e:	b1 e0       	ldi	r27, 0x01	; 1
      90:	01 c0       	rjmp	.+2      	; 0x94 <.do_clear_bss_start>

00000092 <.do_clear_bss_loop>:
      92:	1d 92       	st	X+, r1

00000094 <.do_clear_bss_start>:
      94:	a5 3d       	cpi	r26, 0xD5	; 213
      96:	b2 07       	cpc	r27, r18
      98:	e1 f7       	brne	.-8      	; 0x92 <.do_clear_bss_loop>
      9a:	0e 94 e5 09 	call	0x13ca	; 0x13ca <main>
      9e:	0c 94 a9 0e 	jmp	0x1d52	; 0x1d52 <_exit>

000000a2 <__bad_interrupt>:
      a2:	0c 94 00 00 	jmp	0	; 0x0 <__vectors>

000000a6 <pvPortMalloc>:
static size_t xNextFreeByte = ( size_t ) 0;

/*-----------------------------------------------------------*/

void *pvPortMalloc( size_t xWantedSize )
{
      a6:	cf 93       	push	r28
      a8:	df 93       	push	r29
      aa:	ec 01       	movw	r28, r24
			xWantedSize += ( portBYTE_ALIGNMENT - ( xWantedSize & portBYTE_ALIGNMENT_MASK ) );
		}
	}
	#endif

	vTaskSuspendAll();
      ac:	0e 94 e5 06 	call	0xdca	; 0xdca <vTaskSuspendAll>
	{
		if( pucAlignedHeap == NULL )
      b0:	80 91 2c 01 	lds	r24, 0x012C	; 0x80012c <__data_end>
      b4:	90 91 2d 01 	lds	r25, 0x012D	; 0x80012d <__data_end+0x1>
      b8:	89 2b       	or	r24, r25
      ba:	31 f4       	brne	.+12     	; 0xc8 <pvPortMalloc+0x22>
		{
			/* Ensure the heap starts on a correctly aligned boundary. */
			pucAlignedHeap = ( uint8_t * ) ( ( ( portPOINTER_SIZE_TYPE ) &ucHeap[ portBYTE_ALIGNMENT ] ) & ( ~( ( portPOINTER_SIZE_TYPE ) portBYTE_ALIGNMENT_MASK ) ) );
      bc:	81 e3       	ldi	r24, 0x31	; 49
      be:	91 e0       	ldi	r25, 0x01	; 1
      c0:	90 93 2d 01 	sts	0x012D, r25	; 0x80012d <__data_end+0x1>
      c4:	80 93 2c 01 	sts	0x012C, r24	; 0x80012c <__data_end>
		}

		/* Check there is enough room left for the allocation. */
		if( ( ( xNextFreeByte + xWantedSize ) < configADJUSTED_HEAP_SIZE ) &&
      c8:	20 91 2e 01 	lds	r18, 0x012E	; 0x80012e <xNextFreeByte>
      cc:	30 91 2f 01 	lds	r19, 0x012F	; 0x80012f <xNextFreeByte+0x1>
      d0:	c9 01       	movw	r24, r18
      d2:	8c 0f       	add	r24, r28
      d4:	9d 1f       	adc	r25, r29
      d6:	8b 3d       	cpi	r24, 0xDB	; 219
      d8:	45 e0       	ldi	r20, 0x05	; 5
      da:	94 07       	cpc	r25, r20
      dc:	70 f4       	brcc	.+28     	; 0xfa <pvPortMalloc+0x54>
      de:	28 17       	cp	r18, r24
      e0:	39 07       	cpc	r19, r25
      e2:	70 f4       	brcc	.+28     	; 0x100 <pvPortMalloc+0x5a>
			( ( xNextFreeByte + xWantedSize ) > xNextFreeByte )	)/* Check for overflow. */
		{
			/* Return the next free byte then increment the index past this
			block. */
			pvReturn = pucAlignedHeap + xNextFreeByte;
      e4:	c0 91 2c 01 	lds	r28, 0x012C	; 0x80012c <__data_end>
      e8:	d0 91 2d 01 	lds	r29, 0x012D	; 0x80012d <__data_end+0x1>
      ec:	c2 0f       	add	r28, r18
      ee:	d3 1f       	adc	r29, r19
			xNextFreeByte += xWantedSize;
      f0:	90 93 2f 01 	sts	0x012F, r25	; 0x80012f <xNextFreeByte+0x1>
      f4:	80 93 2e 01 	sts	0x012E, r24	; 0x80012e <xNextFreeByte>
      f8:	05 c0       	rjmp	.+10     	; 0x104 <pvPortMalloc+0x5e>

/*-----------------------------------------------------------*/

void *pvPortMalloc( size_t xWantedSize )
{
void *pvReturn = NULL;
      fa:	c0 e0       	ldi	r28, 0x00	; 0
      fc:	d0 e0       	ldi	r29, 0x00	; 0
      fe:	02 c0       	rjmp	.+4      	; 0x104 <pvPortMalloc+0x5e>
     100:	c0 e0       	ldi	r28, 0x00	; 0
     102:	d0 e0       	ldi	r29, 0x00	; 0
			xNextFreeByte += xWantedSize;
		}

		traceMALLOC( pvReturn, xWantedSize );
	}
	( void ) xTaskResumeAll();
     104:	0e 94 a5 07 	call	0xf4a	; 0xf4a <xTaskResumeAll>
		}
	}
	#endif

	return pvReturn;
}
     108:	ce 01       	movw	r24, r28
     10a:	df 91       	pop	r29
     10c:	cf 91       	pop	r28
     10e:	08 95       	ret

00000110 <vPortFree>:
/*-----------------------------------------------------------*/

void vPortFree( void *pv )
{
     110:	08 95       	ret

00000112 <vListInitialise>:
     112:	fc 01       	movw	r30, r24
     114:	03 96       	adiw	r24, 0x03	; 3
     116:	92 83       	std	Z+2, r25	; 0x02
     118:	81 83       	std	Z+1, r24	; 0x01
     11a:	2f ef       	ldi	r18, 0xFF	; 255
     11c:	3f ef       	ldi	r19, 0xFF	; 255
     11e:	34 83       	std	Z+4, r19	; 0x04
     120:	23 83       	std	Z+3, r18	; 0x03
     122:	96 83       	std	Z+6, r25	; 0x06
     124:	85 83       	std	Z+5, r24	; 0x05
     126:	90 87       	std	Z+8, r25	; 0x08
     128:	87 83       	std	Z+7, r24	; 0x07
     12a:	10 82       	st	Z, r1
     12c:	08 95       	ret

0000012e <vListInitialiseItem>:
     12e:	fc 01       	movw	r30, r24
     130:	11 86       	std	Z+9, r1	; 0x09
     132:	10 86       	std	Z+8, r1	; 0x08
     134:	08 95       	ret

00000136 <vListInsertEnd>:
     136:	cf 93       	push	r28
     138:	df 93       	push	r29
     13a:	9c 01       	movw	r18, r24
     13c:	fb 01       	movw	r30, r22
     13e:	dc 01       	movw	r26, r24
     140:	11 96       	adiw	r26, 0x01	; 1
     142:	cd 91       	ld	r28, X+
     144:	dc 91       	ld	r29, X
     146:	12 97       	sbiw	r26, 0x02	; 2
     148:	d3 83       	std	Z+3, r29	; 0x03
     14a:	c2 83       	std	Z+2, r28	; 0x02
     14c:	8c 81       	ldd	r24, Y+4	; 0x04
     14e:	9d 81       	ldd	r25, Y+5	; 0x05
     150:	95 83       	std	Z+5, r25	; 0x05
     152:	84 83       	std	Z+4, r24	; 0x04
     154:	8c 81       	ldd	r24, Y+4	; 0x04
     156:	9d 81       	ldd	r25, Y+5	; 0x05
     158:	dc 01       	movw	r26, r24
     15a:	13 96       	adiw	r26, 0x03	; 3
     15c:	7c 93       	st	X, r23
     15e:	6e 93       	st	-X, r22
     160:	12 97       	sbiw	r26, 0x02	; 2
     162:	7d 83       	std	Y+5, r23	; 0x05
     164:	6c 83       	std	Y+4, r22	; 0x04
     166:	31 87       	std	Z+9, r19	; 0x09
     168:	20 87       	std	Z+8, r18	; 0x08
     16a:	f9 01       	movw	r30, r18
     16c:	80 81       	ld	r24, Z
     16e:	8f 5f       	subi	r24, 0xFF	; 255
     170:	80 83       	st	Z, r24
     172:	df 91       	pop	r29
     174:	cf 91       	pop	r28
     176:	08 95       	ret

00000178 <vListInsert>:
     178:	cf 93       	push	r28
     17a:	df 93       	push	r29
     17c:	eb 01       	movw	r28, r22
     17e:	48 81       	ld	r20, Y
     180:	59 81       	ldd	r21, Y+1	; 0x01
     182:	4f 3f       	cpi	r20, 0xFF	; 255
     184:	2f ef       	ldi	r18, 0xFF	; 255
     186:	52 07       	cpc	r21, r18
     188:	21 f4       	brne	.+8      	; 0x192 <vListInsert+0x1a>
     18a:	fc 01       	movw	r30, r24
     18c:	a7 81       	ldd	r26, Z+7	; 0x07
     18e:	b0 85       	ldd	r27, Z+8	; 0x08
     190:	0d c0       	rjmp	.+26     	; 0x1ac <vListInsert+0x34>
     192:	dc 01       	movw	r26, r24
     194:	13 96       	adiw	r26, 0x03	; 3
     196:	01 c0       	rjmp	.+2      	; 0x19a <vListInsert+0x22>
     198:	df 01       	movw	r26, r30
     19a:	12 96       	adiw	r26, 0x02	; 2
     19c:	ed 91       	ld	r30, X+
     19e:	fc 91       	ld	r31, X
     1a0:	13 97       	sbiw	r26, 0x03	; 3
     1a2:	20 81       	ld	r18, Z
     1a4:	31 81       	ldd	r19, Z+1	; 0x01
     1a6:	42 17       	cp	r20, r18
     1a8:	53 07       	cpc	r21, r19
     1aa:	b0 f7       	brcc	.-20     	; 0x198 <vListInsert+0x20>
     1ac:	12 96       	adiw	r26, 0x02	; 2
     1ae:	ed 91       	ld	r30, X+
     1b0:	fc 91       	ld	r31, X
     1b2:	13 97       	sbiw	r26, 0x03	; 3
     1b4:	fb 83       	std	Y+3, r31	; 0x03
     1b6:	ea 83       	std	Y+2, r30	; 0x02
     1b8:	d5 83       	std	Z+5, r29	; 0x05
     1ba:	c4 83       	std	Z+4, r28	; 0x04
     1bc:	bd 83       	std	Y+5, r27	; 0x05
     1be:	ac 83       	std	Y+4, r26	; 0x04
     1c0:	13 96       	adiw	r26, 0x03	; 3
     1c2:	dc 93       	st	X, r29
     1c4:	ce 93       	st	-X, r28
     1c6:	12 97       	sbiw	r26, 0x02	; 2
     1c8:	99 87       	std	Y+9, r25	; 0x09
     1ca:	88 87       	std	Y+8, r24	; 0x08
     1cc:	fc 01       	movw	r30, r24
     1ce:	20 81       	ld	r18, Z
     1d0:	2f 5f       	subi	r18, 0xFF	; 255
     1d2:	20 83       	st	Z, r18
     1d4:	df 91       	pop	r29
     1d6:	cf 91       	pop	r28
     1d8:	08 95       	ret

000001da <uxListRemove>:
     1da:	cf 93       	push	r28
     1dc:	df 93       	push	r29
     1de:	fc 01       	movw	r30, r24
     1e0:	a0 85       	ldd	r26, Z+8	; 0x08
     1e2:	b1 85       	ldd	r27, Z+9	; 0x09
     1e4:	c2 81       	ldd	r28, Z+2	; 0x02
     1e6:	d3 81       	ldd	r29, Z+3	; 0x03
     1e8:	84 81       	ldd	r24, Z+4	; 0x04
     1ea:	95 81       	ldd	r25, Z+5	; 0x05
     1ec:	9d 83       	std	Y+5, r25	; 0x05
     1ee:	8c 83       	std	Y+4, r24	; 0x04
     1f0:	c4 81       	ldd	r28, Z+4	; 0x04
     1f2:	d5 81       	ldd	r29, Z+5	; 0x05
     1f4:	82 81       	ldd	r24, Z+2	; 0x02
     1f6:	93 81       	ldd	r25, Z+3	; 0x03
     1f8:	9b 83       	std	Y+3, r25	; 0x03
     1fa:	8a 83       	std	Y+2, r24	; 0x02
     1fc:	11 96       	adiw	r26, 0x01	; 1
     1fe:	8d 91       	ld	r24, X+
     200:	9c 91       	ld	r25, X
     202:	12 97       	sbiw	r26, 0x02	; 2
     204:	e8 17       	cp	r30, r24
     206:	f9 07       	cpc	r31, r25
     208:	31 f4       	brne	.+12     	; 0x216 <uxListRemove+0x3c>
     20a:	84 81       	ldd	r24, Z+4	; 0x04
     20c:	95 81       	ldd	r25, Z+5	; 0x05
     20e:	12 96       	adiw	r26, 0x02	; 2
     210:	9c 93       	st	X, r25
     212:	8e 93       	st	-X, r24
     214:	11 97       	sbiw	r26, 0x01	; 1
     216:	11 86       	std	Z+9, r1	; 0x09
     218:	10 86       	std	Z+8, r1	; 0x08
     21a:	8c 91       	ld	r24, X
     21c:	81 50       	subi	r24, 0x01	; 1
     21e:	8c 93       	st	X, r24
     220:	df 91       	pop	r29
     222:	cf 91       	pop	r28
     224:	08 95       	ret

00000226 <prvSetupTimerInterrupt>:
     226:	10 92 89 00 	sts	0x0089, r1	; 0x800089 <__TEXT_REGION_LENGTH__+0x7f8089>
     22a:	89 ef       	ldi	r24, 0xF9	; 249
     22c:	80 93 88 00 	sts	0x0088, r24	; 0x800088 <__TEXT_REGION_LENGTH__+0x7f8088>
     230:	e1 e8       	ldi	r30, 0x81	; 129
     232:	f0 e0       	ldi	r31, 0x00	; 0
     234:	80 81       	ld	r24, Z
     236:	8b 60       	ori	r24, 0x0B	; 11
     238:	80 83       	st	Z, r24
     23a:	ef e6       	ldi	r30, 0x6F	; 111
     23c:	f0 e0       	ldi	r31, 0x00	; 0
     23e:	80 81       	ld	r24, Z
     240:	82 60       	ori	r24, 0x02	; 2
     242:	80 83       	st	Z, r24
     244:	08 95       	ret

00000246 <pxPortInitialiseStack>:
     246:	31 e1       	ldi	r19, 0x11	; 17
     248:	fc 01       	movw	r30, r24
     24a:	30 83       	st	Z, r19
     24c:	31 97       	sbiw	r30, 0x01	; 1
     24e:	22 e2       	ldi	r18, 0x22	; 34
     250:	20 83       	st	Z, r18
     252:	31 97       	sbiw	r30, 0x01	; 1
     254:	a3 e3       	ldi	r26, 0x33	; 51
     256:	a0 83       	st	Z, r26
     258:	31 97       	sbiw	r30, 0x01	; 1
     25a:	60 83       	st	Z, r22
     25c:	31 97       	sbiw	r30, 0x01	; 1
     25e:	70 83       	st	Z, r23
     260:	31 97       	sbiw	r30, 0x01	; 1
     262:	10 82       	st	Z, r1
     264:	31 97       	sbiw	r30, 0x01	; 1
     266:	60 e8       	ldi	r22, 0x80	; 128
     268:	60 83       	st	Z, r22
     26a:	31 97       	sbiw	r30, 0x01	; 1
     26c:	10 82       	st	Z, r1
     26e:	31 97       	sbiw	r30, 0x01	; 1
     270:	62 e0       	ldi	r22, 0x02	; 2
     272:	60 83       	st	Z, r22
     274:	31 97       	sbiw	r30, 0x01	; 1
     276:	63 e0       	ldi	r22, 0x03	; 3
     278:	60 83       	st	Z, r22
     27a:	31 97       	sbiw	r30, 0x01	; 1
     27c:	64 e0       	ldi	r22, 0x04	; 4
     27e:	60 83       	st	Z, r22
     280:	31 97       	sbiw	r30, 0x01	; 1
     282:	65 e0       	ldi	r22, 0x05	; 5
     284:	60 83       	st	Z, r22
     286:	31 97       	sbiw	r30, 0x01	; 1
     288:	66 e0       	ldi	r22, 0x06	; 6
     28a:	60 83       	st	Z, r22
     28c:	31 97       	sbiw	r30, 0x01	; 1
     28e:	67 e0       	ldi	r22, 0x07	; 7
     290:	60 83       	st	Z, r22
     292:	31 97       	sbiw	r30, 0x01	; 1
     294:	68 e0       	ldi	r22, 0x08	; 8
     296:	60 83       	st	Z, r22
     298:	31 97       	sbiw	r30, 0x01	; 1
     29a:	69 e0       	ldi	r22, 0x09	; 9
     29c:	60 83       	st	Z, r22
     29e:	31 97       	sbiw	r30, 0x01	; 1
     2a0:	60 e1       	ldi	r22, 0x10	; 16
     2a2:	60 83       	st	Z, r22
     2a4:	31 97       	sbiw	r30, 0x01	; 1
     2a6:	30 83       	st	Z, r19
     2a8:	31 97       	sbiw	r30, 0x01	; 1
     2aa:	32 e1       	ldi	r19, 0x12	; 18
     2ac:	30 83       	st	Z, r19
     2ae:	31 97       	sbiw	r30, 0x01	; 1
     2b0:	33 e1       	ldi	r19, 0x13	; 19
     2b2:	30 83       	st	Z, r19
     2b4:	31 97       	sbiw	r30, 0x01	; 1
     2b6:	34 e1       	ldi	r19, 0x14	; 20
     2b8:	30 83       	st	Z, r19
     2ba:	31 97       	sbiw	r30, 0x01	; 1
     2bc:	35 e1       	ldi	r19, 0x15	; 21
     2be:	30 83       	st	Z, r19
     2c0:	31 97       	sbiw	r30, 0x01	; 1
     2c2:	36 e1       	ldi	r19, 0x16	; 22
     2c4:	30 83       	st	Z, r19
     2c6:	31 97       	sbiw	r30, 0x01	; 1
     2c8:	37 e1       	ldi	r19, 0x17	; 23
     2ca:	30 83       	st	Z, r19
     2cc:	31 97       	sbiw	r30, 0x01	; 1
     2ce:	38 e1       	ldi	r19, 0x18	; 24
     2d0:	30 83       	st	Z, r19
     2d2:	31 97       	sbiw	r30, 0x01	; 1
     2d4:	39 e1       	ldi	r19, 0x19	; 25
     2d6:	30 83       	st	Z, r19
     2d8:	31 97       	sbiw	r30, 0x01	; 1
     2da:	30 e2       	ldi	r19, 0x20	; 32
     2dc:	30 83       	st	Z, r19
     2de:	31 97       	sbiw	r30, 0x01	; 1
     2e0:	31 e2       	ldi	r19, 0x21	; 33
     2e2:	30 83       	st	Z, r19
     2e4:	31 97       	sbiw	r30, 0x01	; 1
     2e6:	20 83       	st	Z, r18
     2e8:	31 97       	sbiw	r30, 0x01	; 1
     2ea:	23 e2       	ldi	r18, 0x23	; 35
     2ec:	20 83       	st	Z, r18
     2ee:	31 97       	sbiw	r30, 0x01	; 1
     2f0:	40 83       	st	Z, r20
     2f2:	31 97       	sbiw	r30, 0x01	; 1
     2f4:	50 83       	st	Z, r21
     2f6:	31 97       	sbiw	r30, 0x01	; 1
     2f8:	26 e2       	ldi	r18, 0x26	; 38
     2fa:	20 83       	st	Z, r18
     2fc:	31 97       	sbiw	r30, 0x01	; 1
     2fe:	27 e2       	ldi	r18, 0x27	; 39
     300:	20 83       	st	Z, r18
     302:	31 97       	sbiw	r30, 0x01	; 1
     304:	28 e2       	ldi	r18, 0x28	; 40
     306:	20 83       	st	Z, r18
     308:	31 97       	sbiw	r30, 0x01	; 1
     30a:	29 e2       	ldi	r18, 0x29	; 41
     30c:	20 83       	st	Z, r18
     30e:	31 97       	sbiw	r30, 0x01	; 1
     310:	20 e3       	ldi	r18, 0x30	; 48
     312:	20 83       	st	Z, r18
     314:	31 97       	sbiw	r30, 0x01	; 1
     316:	21 e3       	ldi	r18, 0x31	; 49
     318:	20 83       	st	Z, r18
     31a:	86 97       	sbiw	r24, 0x26	; 38
     31c:	08 95       	ret

0000031e <xPortStartScheduler>:
     31e:	0e 94 13 01 	call	0x226	; 0x226 <prvSetupTimerInterrupt>
     322:	a0 91 70 07 	lds	r26, 0x0770	; 0x800770 <pxCurrentTCB>
     326:	b0 91 71 07 	lds	r27, 0x0771	; 0x800771 <pxCurrentTCB+0x1>
     32a:	cd 91       	ld	r28, X+
     32c:	cd bf       	out	0x3d, r28	; 61
     32e:	dd 91       	ld	r29, X+
     330:	de bf       	out	0x3e, r29	; 62
     332:	ff 91       	pop	r31
     334:	ef 91       	pop	r30
     336:	df 91       	pop	r29
     338:	cf 91       	pop	r28
     33a:	bf 91       	pop	r27
     33c:	af 91       	pop	r26
     33e:	9f 91       	pop	r25
     340:	8f 91       	pop	r24
     342:	7f 91       	pop	r23
     344:	6f 91       	pop	r22
     346:	5f 91       	pop	r21
     348:	4f 91       	pop	r20
     34a:	3f 91       	pop	r19
     34c:	2f 91       	pop	r18
     34e:	1f 91       	pop	r17
     350:	0f 91       	pop	r16
     352:	ff 90       	pop	r15
     354:	ef 90       	pop	r14
     356:	df 90       	pop	r13
     358:	cf 90       	pop	r12
     35a:	bf 90       	pop	r11
     35c:	af 90       	pop	r10
     35e:	9f 90       	pop	r9
     360:	8f 90       	pop	r8
     362:	7f 90       	pop	r7
     364:	6f 90       	pop	r6
     366:	5f 90       	pop	r5
     368:	4f 90       	pop	r4
     36a:	3f 90       	pop	r3
     36c:	2f 90       	pop	r2
     36e:	1f 90       	pop	r1
     370:	0f 90       	pop	r0
     372:	0f be       	out	0x3f, r0	; 63
     374:	0f 90       	pop	r0
     376:	08 95       	ret
     378:	81 e0       	ldi	r24, 0x01	; 1
     37a:	08 95       	ret

0000037c <vPortYield>:
     37c:	0f 92       	push	r0
     37e:	0f b6       	in	r0, 0x3f	; 63
     380:	f8 94       	cli
     382:	0f 92       	push	r0
     384:	1f 92       	push	r1
     386:	11 24       	eor	r1, r1
     388:	2f 92       	push	r2
     38a:	3f 92       	push	r3
     38c:	4f 92       	push	r4
     38e:	5f 92       	push	r5
     390:	6f 92       	push	r6
     392:	7f 92       	push	r7
     394:	8f 92       	push	r8
     396:	9f 92       	push	r9
     398:	af 92       	push	r10
     39a:	bf 92       	push	r11
     39c:	cf 92       	push	r12
     39e:	df 92       	push	r13
     3a0:	ef 92       	push	r14
     3a2:	ff 92       	push	r15
     3a4:	0f 93       	push	r16
     3a6:	1f 93       	push	r17
     3a8:	2f 93       	push	r18
     3aa:	3f 93       	push	r19
     3ac:	4f 93       	push	r20
     3ae:	5f 93       	push	r21
     3b0:	6f 93       	push	r22
     3b2:	7f 93       	push	r23
     3b4:	8f 93       	push	r24
     3b6:	9f 93       	push	r25
     3b8:	af 93       	push	r26
     3ba:	bf 93       	push	r27
     3bc:	cf 93       	push	r28
     3be:	df 93       	push	r29
     3c0:	ef 93       	push	r30
     3c2:	ff 93       	push	r31
     3c4:	a0 91 70 07 	lds	r26, 0x0770	; 0x800770 <pxCurrentTCB>
     3c8:	b0 91 71 07 	lds	r27, 0x0771	; 0x800771 <pxCurrentTCB+0x1>
     3cc:	0d b6       	in	r0, 0x3d	; 61
     3ce:	0d 92       	st	X+, r0
     3d0:	0e b6       	in	r0, 0x3e	; 62
     3d2:	0d 92       	st	X+, r0
     3d4:	0e 94 64 08 	call	0x10c8	; 0x10c8 <vTaskSwitchContext>
     3d8:	a0 91 70 07 	lds	r26, 0x0770	; 0x800770 <pxCurrentTCB>
     3dc:	b0 91 71 07 	lds	r27, 0x0771	; 0x800771 <pxCurrentTCB+0x1>
     3e0:	cd 91       	ld	r28, X+
     3e2:	cd bf       	out	0x3d, r28	; 61
     3e4:	dd 91       	ld	r29, X+
     3e6:	de bf       	out	0x3e, r29	; 62
     3e8:	ff 91       	pop	r31
     3ea:	ef 91       	pop	r30
     3ec:	df 91       	pop	r29
     3ee:	cf 91       	pop	r28
     3f0:	bf 91       	pop	r27
     3f2:	af 91       	pop	r26
     3f4:	9f 91       	pop	r25
     3f6:	8f 91       	pop	r24
     3f8:	7f 91       	pop	r23
     3fa:	6f 91       	pop	r22
     3fc:	5f 91       	pop	r21
     3fe:	4f 91       	pop	r20
     400:	3f 91       	pop	r19
     402:	2f 91       	pop	r18
     404:	1f 91       	pop	r17
     406:	0f 91       	pop	r16
     408:	ff 90       	pop	r15
     40a:	ef 90       	pop	r14
     40c:	df 90       	pop	r13
     40e:	cf 90       	pop	r12
     410:	bf 90       	pop	r11
     412:	af 90       	pop	r10
     414:	9f 90       	pop	r9
     416:	8f 90       	pop	r8
     418:	7f 90       	pop	r7
     41a:	6f 90       	pop	r6
     41c:	5f 90       	pop	r5
     41e:	4f 90       	pop	r4
     420:	3f 90       	pop	r3
     422:	2f 90       	pop	r2
     424:	1f 90       	pop	r1
     426:	0f 90       	pop	r0
     428:	0f be       	out	0x3f, r0	; 63
     42a:	0f 90       	pop	r0
     42c:	08 95       	ret

0000042e <vPortYieldFromTick>:
     42e:	0f 92       	push	r0
     430:	0f b6       	in	r0, 0x3f	; 63
     432:	f8 94       	cli
     434:	0f 92       	push	r0
     436:	1f 92       	push	r1
     438:	11 24       	eor	r1, r1
     43a:	2f 92       	push	r2
     43c:	3f 92       	push	r3
     43e:	4f 92       	push	r4
     440:	5f 92       	push	r5
     442:	6f 92       	push	r6
     444:	7f 92       	push	r7
     446:	8f 92       	push	r8
     448:	9f 92       	push	r9
     44a:	af 92       	push	r10
     44c:	bf 92       	push	r11
     44e:	cf 92       	push	r12
     450:	df 92       	push	r13
     452:	ef 92       	push	r14
     454:	ff 92       	push	r15
     456:	0f 93       	push	r16
     458:	1f 93       	push	r17
     45a:	2f 93       	push	r18
     45c:	3f 93       	push	r19
     45e:	4f 93       	push	r20
     460:	5f 93       	push	r21
     462:	6f 93       	push	r22
     464:	7f 93       	push	r23
     466:	8f 93       	push	r24
     468:	9f 93       	push	r25
     46a:	af 93       	push	r26
     46c:	bf 93       	push	r27
     46e:	cf 93       	push	r28
     470:	df 93       	push	r29
     472:	ef 93       	push	r30
     474:	ff 93       	push	r31
     476:	a0 91 70 07 	lds	r26, 0x0770	; 0x800770 <pxCurrentTCB>
     47a:	b0 91 71 07 	lds	r27, 0x0771	; 0x800771 <pxCurrentTCB+0x1>
     47e:	0d b6       	in	r0, 0x3d	; 61
     480:	0d 92       	st	X+, r0
     482:	0e b6       	in	r0, 0x3e	; 62
     484:	0d 92       	st	X+, r0
     486:	0e 94 eb 06 	call	0xdd6	; 0xdd6 <xTaskIncrementTick>
     48a:	81 11       	cpse	r24, r1
     48c:	0e 94 64 08 	call	0x10c8	; 0x10c8 <vTaskSwitchContext>
     490:	a0 91 70 07 	lds	r26, 0x0770	; 0x800770 <pxCurrentTCB>
     494:	b0 91 71 07 	lds	r27, 0x0771	; 0x800771 <pxCurrentTCB+0x1>
     498:	cd 91       	ld	r28, X+
     49a:	cd bf       	out	0x3d, r28	; 61
     49c:	dd 91       	ld	r29, X+
     49e:	de bf       	out	0x3e, r29	; 62
     4a0:	ff 91       	pop	r31
     4a2:	ef 91       	pop	r30
     4a4:	df 91       	pop	r29
     4a6:	cf 91       	pop	r28
     4a8:	bf 91       	pop	r27
     4aa:	af 91       	pop	r26
     4ac:	9f 91       	pop	r25
     4ae:	8f 91       	pop	r24
     4b0:	7f 91       	pop	r23
     4b2:	6f 91       	pop	r22
     4b4:	5f 91       	pop	r21
     4b6:	4f 91       	pop	r20
     4b8:	3f 91       	pop	r19
     4ba:	2f 91       	pop	r18
     4bc:	1f 91       	pop	r17
     4be:	0f 91       	pop	r16
     4c0:	ff 90       	pop	r15
     4c2:	ef 90       	pop	r14
     4c4:	df 90       	pop	r13
     4c6:	cf 90       	pop	r12
     4c8:	bf 90       	pop	r11
     4ca:	af 90       	pop	r10
     4cc:	9f 90       	pop	r9
     4ce:	8f 90       	pop	r8
     4d0:	7f 90       	pop	r7
     4d2:	6f 90       	pop	r6
     4d4:	5f 90       	pop	r5
     4d6:	4f 90       	pop	r4
     4d8:	3f 90       	pop	r3
     4da:	2f 90       	pop	r2
     4dc:	1f 90       	pop	r1
     4de:	0f 90       	pop	r0
     4e0:	0f be       	out	0x3f, r0	; 63
     4e2:	0f 90       	pop	r0
     4e4:	08 95       	ret

000004e6 <__vector_11>:
     4e6:	0e 94 17 02 	call	0x42e	; 0x42e <vPortYieldFromTick>
     4ea:	18 95       	reti

000004ec <prvIsQueueEmpty>:
     4ec:	0f b6       	in	r0, 0x3f	; 63
     4ee:	f8 94       	cli
     4f0:	0f 92       	push	r0
     4f2:	fc 01       	movw	r30, r24
     4f4:	82 8d       	ldd	r24, Z+26	; 0x1a
     4f6:	81 11       	cpse	r24, r1
     4f8:	02 c0       	rjmp	.+4      	; 0x4fe <prvIsQueueEmpty+0x12>
     4fa:	81 e0       	ldi	r24, 0x01	; 1
     4fc:	01 c0       	rjmp	.+2      	; 0x500 <prvIsQueueEmpty+0x14>
     4fe:	80 e0       	ldi	r24, 0x00	; 0
     500:	0f 90       	pop	r0
     502:	0f be       	out	0x3f, r0	; 63
     504:	08 95       	ret

00000506 <prvIsQueueFull>:
     506:	0f b6       	in	r0, 0x3f	; 63
     508:	f8 94       	cli
     50a:	0f 92       	push	r0
     50c:	fc 01       	movw	r30, r24
     50e:	22 8d       	ldd	r18, Z+26	; 0x1a
     510:	83 8d       	ldd	r24, Z+27	; 0x1b
     512:	28 13       	cpse	r18, r24
     514:	02 c0       	rjmp	.+4      	; 0x51a <prvIsQueueFull+0x14>
     516:	81 e0       	ldi	r24, 0x01	; 1
     518:	01 c0       	rjmp	.+2      	; 0x51c <prvIsQueueFull+0x16>
     51a:	80 e0       	ldi	r24, 0x00	; 0
     51c:	0f 90       	pop	r0
     51e:	0f be       	out	0x3f, r0	; 63
     520:	08 95       	ret

00000522 <prvCopyDataToQueue>:
     522:	0f 93       	push	r16
     524:	1f 93       	push	r17
     526:	cf 93       	push	r28
     528:	df 93       	push	r29
     52a:	ec 01       	movw	r28, r24
     52c:	04 2f       	mov	r16, r20
     52e:	1a 8d       	ldd	r17, Y+26	; 0x1a
     530:	4c 8d       	ldd	r20, Y+28	; 0x1c
     532:	44 23       	and	r20, r20
     534:	b9 f1       	breq	.+110    	; 0x5a4 <prvCopyDataToQueue+0x82>
     536:	01 11       	cpse	r16, r1
     538:	16 c0       	rjmp	.+44     	; 0x566 <prvCopyDataToQueue+0x44>
     53a:	50 e0       	ldi	r21, 0x00	; 0
     53c:	8c 81       	ldd	r24, Y+4	; 0x04
     53e:	9d 81       	ldd	r25, Y+5	; 0x05
     540:	0e 94 a0 0e 	call	0x1d40	; 0x1d40 <memcpy>
     544:	2c 8d       	ldd	r18, Y+28	; 0x1c
     546:	8c 81       	ldd	r24, Y+4	; 0x04
     548:	9d 81       	ldd	r25, Y+5	; 0x05
     54a:	82 0f       	add	r24, r18
     54c:	91 1d       	adc	r25, r1
     54e:	9d 83       	std	Y+5, r25	; 0x05
     550:	8c 83       	std	Y+4, r24	; 0x04
     552:	2a 81       	ldd	r18, Y+2	; 0x02
     554:	3b 81       	ldd	r19, Y+3	; 0x03
     556:	82 17       	cp	r24, r18
     558:	93 07       	cpc	r25, r19
     55a:	20 f1       	brcs	.+72     	; 0x5a4 <prvCopyDataToQueue+0x82>
     55c:	88 81       	ld	r24, Y
     55e:	99 81       	ldd	r25, Y+1	; 0x01
     560:	9d 83       	std	Y+5, r25	; 0x05
     562:	8c 83       	std	Y+4, r24	; 0x04
     564:	1f c0       	rjmp	.+62     	; 0x5a4 <prvCopyDataToQueue+0x82>
     566:	50 e0       	ldi	r21, 0x00	; 0
     568:	8e 81       	ldd	r24, Y+6	; 0x06
     56a:	9f 81       	ldd	r25, Y+7	; 0x07
     56c:	0e 94 a0 0e 	call	0x1d40	; 0x1d40 <memcpy>
     570:	8c 8d       	ldd	r24, Y+28	; 0x1c
     572:	90 e0       	ldi	r25, 0x00	; 0
     574:	91 95       	neg	r25
     576:	81 95       	neg	r24
     578:	91 09       	sbc	r25, r1
     57a:	2e 81       	ldd	r18, Y+6	; 0x06
     57c:	3f 81       	ldd	r19, Y+7	; 0x07
     57e:	28 0f       	add	r18, r24
     580:	39 1f       	adc	r19, r25
     582:	3f 83       	std	Y+7, r19	; 0x07
     584:	2e 83       	std	Y+6, r18	; 0x06
     586:	48 81       	ld	r20, Y
     588:	59 81       	ldd	r21, Y+1	; 0x01
     58a:	24 17       	cp	r18, r20
     58c:	35 07       	cpc	r19, r21
     58e:	30 f4       	brcc	.+12     	; 0x59c <prvCopyDataToQueue+0x7a>
     590:	2a 81       	ldd	r18, Y+2	; 0x02
     592:	3b 81       	ldd	r19, Y+3	; 0x03
     594:	82 0f       	add	r24, r18
     596:	93 1f       	adc	r25, r19
     598:	9f 83       	std	Y+7, r25	; 0x07
     59a:	8e 83       	std	Y+6, r24	; 0x06
     59c:	02 30       	cpi	r16, 0x02	; 2
     59e:	11 f4       	brne	.+4      	; 0x5a4 <prvCopyDataToQueue+0x82>
     5a0:	11 11       	cpse	r17, r1
     5a2:	11 50       	subi	r17, 0x01	; 1
     5a4:	1f 5f       	subi	r17, 0xFF	; 255
     5a6:	1a 8f       	std	Y+26, r17	; 0x1a
     5a8:	80 e0       	ldi	r24, 0x00	; 0
     5aa:	df 91       	pop	r29
     5ac:	cf 91       	pop	r28
     5ae:	1f 91       	pop	r17
     5b0:	0f 91       	pop	r16
     5b2:	08 95       	ret

000005b4 <prvCopyDataFromQueue>:
     5b4:	fc 01       	movw	r30, r24
     5b6:	44 8d       	ldd	r20, Z+28	; 0x1c
     5b8:	44 23       	and	r20, r20
     5ba:	a9 f0       	breq	.+42     	; 0x5e6 <prvCopyDataFromQueue+0x32>
     5bc:	50 e0       	ldi	r21, 0x00	; 0
     5be:	26 81       	ldd	r18, Z+6	; 0x06
     5c0:	37 81       	ldd	r19, Z+7	; 0x07
     5c2:	24 0f       	add	r18, r20
     5c4:	35 1f       	adc	r19, r21
     5c6:	37 83       	std	Z+7, r19	; 0x07
     5c8:	26 83       	std	Z+6, r18	; 0x06
     5ca:	82 81       	ldd	r24, Z+2	; 0x02
     5cc:	93 81       	ldd	r25, Z+3	; 0x03
     5ce:	28 17       	cp	r18, r24
     5d0:	39 07       	cpc	r19, r25
     5d2:	20 f0       	brcs	.+8      	; 0x5dc <prvCopyDataFromQueue+0x28>
     5d4:	80 81       	ld	r24, Z
     5d6:	91 81       	ldd	r25, Z+1	; 0x01
     5d8:	97 83       	std	Z+7, r25	; 0x07
     5da:	86 83       	std	Z+6, r24	; 0x06
     5dc:	cb 01       	movw	r24, r22
     5de:	66 81       	ldd	r22, Z+6	; 0x06
     5e0:	77 81       	ldd	r23, Z+7	; 0x07
     5e2:	0e 94 a0 0e 	call	0x1d40	; 0x1d40 <memcpy>
     5e6:	08 95       	ret

000005e8 <prvUnlockQueue>:
     5e8:	1f 93       	push	r17
     5ea:	cf 93       	push	r28
     5ec:	df 93       	push	r29
     5ee:	ec 01       	movw	r28, r24
     5f0:	0f b6       	in	r0, 0x3f	; 63
     5f2:	f8 94       	cli
     5f4:	0f 92       	push	r0
     5f6:	1e 8d       	ldd	r17, Y+30	; 0x1e
     5f8:	0b c0       	rjmp	.+22     	; 0x610 <prvUnlockQueue+0x28>
     5fa:	89 89       	ldd	r24, Y+17	; 0x11
     5fc:	88 23       	and	r24, r24
     5fe:	51 f0       	breq	.+20     	; 0x614 <prvUnlockQueue+0x2c>
     600:	ce 01       	movw	r24, r28
     602:	41 96       	adiw	r24, 0x11	; 17
     604:	0e 94 ca 08 	call	0x1194	; 0x1194 <xTaskRemoveFromEventList>
     608:	81 11       	cpse	r24, r1
     60a:	0e 94 56 09 	call	0x12ac	; 0x12ac <vTaskMissedYield>
     60e:	11 50       	subi	r17, 0x01	; 1
     610:	11 16       	cp	r1, r17
     612:	9c f3       	brlt	.-26     	; 0x5fa <prvUnlockQueue+0x12>
     614:	8f ef       	ldi	r24, 0xFF	; 255
     616:	8e 8f       	std	Y+30, r24	; 0x1e
     618:	0f 90       	pop	r0
     61a:	0f be       	out	0x3f, r0	; 63
     61c:	0f b6       	in	r0, 0x3f	; 63
     61e:	f8 94       	cli
     620:	0f 92       	push	r0
     622:	1d 8d       	ldd	r17, Y+29	; 0x1d
     624:	0b c0       	rjmp	.+22     	; 0x63c <prvUnlockQueue+0x54>
     626:	88 85       	ldd	r24, Y+8	; 0x08
     628:	88 23       	and	r24, r24
     62a:	51 f0       	breq	.+20     	; 0x640 <prvUnlockQueue+0x58>
     62c:	ce 01       	movw	r24, r28
     62e:	08 96       	adiw	r24, 0x08	; 8
     630:	0e 94 ca 08 	call	0x1194	; 0x1194 <xTaskRemoveFromEventList>
     634:	81 11       	cpse	r24, r1
     636:	0e 94 56 09 	call	0x12ac	; 0x12ac <vTaskMissedYield>
     63a:	11 50       	subi	r17, 0x01	; 1
     63c:	11 16       	cp	r1, r17
     63e:	9c f3       	brlt	.-26     	; 0x626 <prvUnlockQueue+0x3e>
     640:	8f ef       	ldi	r24, 0xFF	; 255
     642:	8d 8f       	std	Y+29, r24	; 0x1d
     644:	0f 90       	pop	r0
     646:	0f be       	out	0x3f, r0	; 63
     648:	df 91       	pop	r29
     64a:	cf 91       	pop	r28
     64c:	1f 91       	pop	r17
     64e:	08 95       	ret

00000650 <xQueueGenericReset>:
     650:	cf 93       	push	r28
     652:	df 93       	push	r29
     654:	ec 01       	movw	r28, r24
     656:	0f b6       	in	r0, 0x3f	; 63
     658:	f8 94       	cli
     65a:	0f 92       	push	r0
     65c:	e8 81       	ld	r30, Y
     65e:	f9 81       	ldd	r31, Y+1	; 0x01
     660:	8b 8d       	ldd	r24, Y+27	; 0x1b
     662:	90 e0       	ldi	r25, 0x00	; 0
     664:	2c 8d       	ldd	r18, Y+28	; 0x1c
     666:	30 e0       	ldi	r19, 0x00	; 0
     668:	82 9f       	mul	r24, r18
     66a:	a0 01       	movw	r20, r0
     66c:	83 9f       	mul	r24, r19
     66e:	50 0d       	add	r21, r0
     670:	92 9f       	mul	r25, r18
     672:	50 0d       	add	r21, r0
     674:	11 24       	eor	r1, r1
     676:	4e 0f       	add	r20, r30
     678:	5f 1f       	adc	r21, r31
     67a:	5b 83       	std	Y+3, r21	; 0x03
     67c:	4a 83       	std	Y+2, r20	; 0x02
     67e:	1a 8e       	std	Y+26, r1	; 0x1a
     680:	fd 83       	std	Y+5, r31	; 0x05
     682:	ec 83       	std	Y+4, r30	; 0x04
     684:	01 97       	sbiw	r24, 0x01	; 1
     686:	28 9f       	mul	r18, r24
     688:	a0 01       	movw	r20, r0
     68a:	29 9f       	mul	r18, r25
     68c:	50 0d       	add	r21, r0
     68e:	38 9f       	mul	r19, r24
     690:	50 0d       	add	r21, r0
     692:	11 24       	eor	r1, r1
     694:	cf 01       	movw	r24, r30
     696:	84 0f       	add	r24, r20
     698:	95 1f       	adc	r25, r21
     69a:	9f 83       	std	Y+7, r25	; 0x07
     69c:	8e 83       	std	Y+6, r24	; 0x06
     69e:	8f ef       	ldi	r24, 0xFF	; 255
     6a0:	8d 8f       	std	Y+29, r24	; 0x1d
     6a2:	8e 8f       	std	Y+30, r24	; 0x1e
     6a4:	61 11       	cpse	r22, r1
     6a6:	0c c0       	rjmp	.+24     	; 0x6c0 <xQueueGenericReset+0x70>
     6a8:	88 85       	ldd	r24, Y+8	; 0x08
     6aa:	88 23       	and	r24, r24
     6ac:	89 f0       	breq	.+34     	; 0x6d0 <xQueueGenericReset+0x80>
     6ae:	ce 01       	movw	r24, r28
     6b0:	08 96       	adiw	r24, 0x08	; 8
     6b2:	0e 94 ca 08 	call	0x1194	; 0x1194 <xTaskRemoveFromEventList>
     6b6:	88 23       	and	r24, r24
     6b8:	59 f0       	breq	.+22     	; 0x6d0 <xQueueGenericReset+0x80>
     6ba:	0e 94 be 01 	call	0x37c	; 0x37c <vPortYield>
     6be:	08 c0       	rjmp	.+16     	; 0x6d0 <xQueueGenericReset+0x80>
     6c0:	ce 01       	movw	r24, r28
     6c2:	08 96       	adiw	r24, 0x08	; 8
     6c4:	0e 94 89 00 	call	0x112	; 0x112 <vListInitialise>
     6c8:	ce 01       	movw	r24, r28
     6ca:	41 96       	adiw	r24, 0x11	; 17
     6cc:	0e 94 89 00 	call	0x112	; 0x112 <vListInitialise>
     6d0:	0f 90       	pop	r0
     6d2:	0f be       	out	0x3f, r0	; 63
     6d4:	81 e0       	ldi	r24, 0x01	; 1
     6d6:	df 91       	pop	r29
     6d8:	cf 91       	pop	r28
     6da:	08 95       	ret

000006dc <prvInitialiseNewQueue>:
     6dc:	0f 93       	push	r16
     6de:	1f 93       	push	r17
     6e0:	f8 01       	movw	r30, r16
     6e2:	61 11       	cpse	r22, r1
     6e4:	03 c0       	rjmp	.+6      	; 0x6ec <prvInitialiseNewQueue+0x10>
     6e6:	11 83       	std	Z+1, r17	; 0x01
     6e8:	00 83       	st	Z, r16
     6ea:	02 c0       	rjmp	.+4      	; 0x6f0 <prvInitialiseNewQueue+0x14>
     6ec:	51 83       	std	Z+1, r21	; 0x01
     6ee:	40 83       	st	Z, r20
     6f0:	83 8f       	std	Z+27, r24	; 0x1b
     6f2:	64 8f       	std	Z+28, r22	; 0x1c
     6f4:	61 e0       	ldi	r22, 0x01	; 1
     6f6:	cf 01       	movw	r24, r30
     6f8:	0e 94 28 03 	call	0x650	; 0x650 <xQueueGenericReset>
     6fc:	1f 91       	pop	r17
     6fe:	0f 91       	pop	r16
     700:	08 95       	ret

00000702 <xQueueGenericCreate>:
     702:	df 92       	push	r13
     704:	ef 92       	push	r14
     706:	ff 92       	push	r15
     708:	0f 93       	push	r16
     70a:	1f 93       	push	r17
     70c:	cf 93       	push	r28
     70e:	df 93       	push	r29
     710:	e8 2e       	mov	r14, r24
     712:	f6 2e       	mov	r15, r22
     714:	d4 2e       	mov	r13, r20
     716:	66 23       	and	r22, r22
     718:	21 f0       	breq	.+8      	; 0x722 <xQueueGenericCreate+0x20>
     71a:	86 9f       	mul	r24, r22
     71c:	c0 01       	movw	r24, r0
     71e:	11 24       	eor	r1, r1
     720:	02 c0       	rjmp	.+4      	; 0x726 <xQueueGenericCreate+0x24>
     722:	80 e0       	ldi	r24, 0x00	; 0
     724:	90 e0       	ldi	r25, 0x00	; 0
     726:	4f 96       	adiw	r24, 0x1f	; 31
     728:	0e 94 53 00 	call	0xa6	; 0xa6 <pvPortMalloc>
     72c:	ec 01       	movw	r28, r24
     72e:	00 97       	sbiw	r24, 0x00	; 0
     730:	49 f0       	breq	.+18     	; 0x744 <xQueueGenericCreate+0x42>
     732:	8c 01       	movw	r16, r24
     734:	2d 2d       	mov	r18, r13
     736:	ac 01       	movw	r20, r24
     738:	41 5e       	subi	r20, 0xE1	; 225
     73a:	5f 4f       	sbci	r21, 0xFF	; 255
     73c:	6f 2d       	mov	r22, r15
     73e:	8e 2d       	mov	r24, r14
     740:	0e 94 6e 03 	call	0x6dc	; 0x6dc <prvInitialiseNewQueue>
     744:	ce 01       	movw	r24, r28
     746:	df 91       	pop	r29
     748:	cf 91       	pop	r28
     74a:	1f 91       	pop	r17
     74c:	0f 91       	pop	r16
     74e:	ff 90       	pop	r15
     750:	ef 90       	pop	r14
     752:	df 90       	pop	r13
     754:	08 95       	ret

00000756 <xQueueGenericSend>:
     756:	cf 92       	push	r12
     758:	df 92       	push	r13
     75a:	ef 92       	push	r14
     75c:	ff 92       	push	r15
     75e:	0f 93       	push	r16
     760:	1f 93       	push	r17
     762:	cf 93       	push	r28
     764:	df 93       	push	r29
     766:	00 d0       	rcall	.+0      	; 0x768 <xQueueGenericSend+0x12>
     768:	00 d0       	rcall	.+0      	; 0x76a <xQueueGenericSend+0x14>
     76a:	1f 92       	push	r1
     76c:	cd b7       	in	r28, 0x3d	; 61
     76e:	de b7       	in	r29, 0x3e	; 62
     770:	8c 01       	movw	r16, r24
     772:	7b 01       	movw	r14, r22
     774:	5d 83       	std	Y+5, r21	; 0x05
     776:	4c 83       	std	Y+4, r20	; 0x04
     778:	c2 2e       	mov	r12, r18
     77a:	d1 2c       	mov	r13, r1
     77c:	0f b6       	in	r0, 0x3f	; 63
     77e:	f8 94       	cli
     780:	0f 92       	push	r0
     782:	f8 01       	movw	r30, r16
     784:	92 8d       	ldd	r25, Z+26	; 0x1a
     786:	83 8d       	ldd	r24, Z+27	; 0x1b
     788:	98 17       	cp	r25, r24
     78a:	18 f0       	brcs	.+6      	; 0x792 <xQueueGenericSend+0x3c>
     78c:	f2 e0       	ldi	r31, 0x02	; 2
     78e:	cf 12       	cpse	r12, r31
     790:	19 c0       	rjmp	.+50     	; 0x7c4 <xQueueGenericSend+0x6e>
     792:	4c 2d       	mov	r20, r12
     794:	b7 01       	movw	r22, r14
     796:	c8 01       	movw	r24, r16
     798:	0e 94 91 02 	call	0x522	; 0x522 <prvCopyDataToQueue>
     79c:	f8 01       	movw	r30, r16
     79e:	91 89       	ldd	r25, Z+17	; 0x11
     7a0:	99 23       	and	r25, r25
     7a2:	49 f0       	breq	.+18     	; 0x7b6 <xQueueGenericSend+0x60>
     7a4:	c8 01       	movw	r24, r16
     7a6:	41 96       	adiw	r24, 0x11	; 17
     7a8:	0e 94 ca 08 	call	0x1194	; 0x1194 <xTaskRemoveFromEventList>
     7ac:	88 23       	and	r24, r24
     7ae:	31 f0       	breq	.+12     	; 0x7bc <xQueueGenericSend+0x66>
     7b0:	0e 94 be 01 	call	0x37c	; 0x37c <vPortYield>
     7b4:	03 c0       	rjmp	.+6      	; 0x7bc <xQueueGenericSend+0x66>
     7b6:	81 11       	cpse	r24, r1
     7b8:	0e 94 be 01 	call	0x37c	; 0x37c <vPortYield>
     7bc:	0f 90       	pop	r0
     7be:	0f be       	out	0x3f, r0	; 63
     7c0:	81 e0       	ldi	r24, 0x01	; 1
     7c2:	4d c0       	rjmp	.+154    	; 0x85e <__DATA_REGION_LENGTH__+0x5e>
     7c4:	8c 81       	ldd	r24, Y+4	; 0x04
     7c6:	9d 81       	ldd	r25, Y+5	; 0x05
     7c8:	89 2b       	or	r24, r25
     7ca:	21 f4       	brne	.+8      	; 0x7d4 <xQueueGenericSend+0x7e>
     7cc:	0f 90       	pop	r0
     7ce:	0f be       	out	0x3f, r0	; 63
     7d0:	80 e0       	ldi	r24, 0x00	; 0
     7d2:	45 c0       	rjmp	.+138    	; 0x85e <__DATA_REGION_LENGTH__+0x5e>
     7d4:	d1 10       	cpse	r13, r1
     7d6:	06 c0       	rjmp	.+12     	; 0x7e4 <xQueueGenericSend+0x8e>
     7d8:	ce 01       	movw	r24, r28
     7da:	01 96       	adiw	r24, 0x01	; 1
     7dc:	0e 94 12 09 	call	0x1224	; 0x1224 <vTaskSetTimeOutState>
     7e0:	dd 24       	eor	r13, r13
     7e2:	d3 94       	inc	r13
     7e4:	0f 90       	pop	r0
     7e6:	0f be       	out	0x3f, r0	; 63
     7e8:	0e 94 e5 06 	call	0xdca	; 0xdca <vTaskSuspendAll>
     7ec:	0f b6       	in	r0, 0x3f	; 63
     7ee:	f8 94       	cli
     7f0:	0f 92       	push	r0
     7f2:	f8 01       	movw	r30, r16
     7f4:	85 8d       	ldd	r24, Z+29	; 0x1d
     7f6:	8f 3f       	cpi	r24, 0xFF	; 255
     7f8:	09 f4       	brne	.+2      	; 0x7fc <xQueueGenericSend+0xa6>
     7fa:	15 8e       	std	Z+29, r1	; 0x1d
     7fc:	f8 01       	movw	r30, r16
     7fe:	86 8d       	ldd	r24, Z+30	; 0x1e
     800:	8f 3f       	cpi	r24, 0xFF	; 255
     802:	09 f4       	brne	.+2      	; 0x806 <__DATA_REGION_LENGTH__+0x6>
     804:	16 8e       	std	Z+30, r1	; 0x1e
     806:	0f 90       	pop	r0
     808:	0f be       	out	0x3f, r0	; 63
     80a:	be 01       	movw	r22, r28
     80c:	6c 5f       	subi	r22, 0xFC	; 252
     80e:	7f 4f       	sbci	r23, 0xFF	; 255
     810:	ce 01       	movw	r24, r28
     812:	01 96       	adiw	r24, 0x01	; 1
     814:	0e 94 1d 09 	call	0x123a	; 0x123a <xTaskCheckForTimeOut>
     818:	81 11       	cpse	r24, r1
     81a:	1b c0       	rjmp	.+54     	; 0x852 <__DATA_REGION_LENGTH__+0x52>
     81c:	c8 01       	movw	r24, r16
     81e:	0e 94 83 02 	call	0x506	; 0x506 <prvIsQueueFull>
     822:	88 23       	and	r24, r24
     824:	81 f0       	breq	.+32     	; 0x846 <__DATA_REGION_LENGTH__+0x46>
     826:	6c 81       	ldd	r22, Y+4	; 0x04
     828:	7d 81       	ldd	r23, Y+5	; 0x05
     82a:	c8 01       	movw	r24, r16
     82c:	08 96       	adiw	r24, 0x08	; 8
     82e:	0e 94 b8 08 	call	0x1170	; 0x1170 <vTaskPlaceOnEventList>
     832:	c8 01       	movw	r24, r16
     834:	0e 94 f4 02 	call	0x5e8	; 0x5e8 <prvUnlockQueue>
     838:	0e 94 a5 07 	call	0xf4a	; 0xf4a <xTaskResumeAll>
     83c:	81 11       	cpse	r24, r1
     83e:	9e cf       	rjmp	.-196    	; 0x77c <xQueueGenericSend+0x26>
     840:	0e 94 be 01 	call	0x37c	; 0x37c <vPortYield>
     844:	9b cf       	rjmp	.-202    	; 0x77c <xQueueGenericSend+0x26>
     846:	c8 01       	movw	r24, r16
     848:	0e 94 f4 02 	call	0x5e8	; 0x5e8 <prvUnlockQueue>
     84c:	0e 94 a5 07 	call	0xf4a	; 0xf4a <xTaskResumeAll>
     850:	95 cf       	rjmp	.-214    	; 0x77c <xQueueGenericSend+0x26>
     852:	c8 01       	movw	r24, r16
     854:	0e 94 f4 02 	call	0x5e8	; 0x5e8 <prvUnlockQueue>
     858:	0e 94 a5 07 	call	0xf4a	; 0xf4a <xTaskResumeAll>
     85c:	80 e0       	ldi	r24, 0x00	; 0
     85e:	0f 90       	pop	r0
     860:	0f 90       	pop	r0
     862:	0f 90       	pop	r0
     864:	0f 90       	pop	r0
     866:	0f 90       	pop	r0
     868:	df 91       	pop	r29
     86a:	cf 91       	pop	r28
     86c:	1f 91       	pop	r17
     86e:	0f 91       	pop	r16
     870:	ff 90       	pop	r15
     872:	ef 90       	pop	r14
     874:	df 90       	pop	r13
     876:	cf 90       	pop	r12
     878:	08 95       	ret

0000087a <xQueueGenericReceive>:
     87a:	8f 92       	push	r8
     87c:	9f 92       	push	r9
     87e:	bf 92       	push	r11
     880:	cf 92       	push	r12
     882:	df 92       	push	r13
     884:	ef 92       	push	r14
     886:	ff 92       	push	r15
     888:	0f 93       	push	r16
     88a:	1f 93       	push	r17
     88c:	cf 93       	push	r28
     88e:	df 93       	push	r29
     890:	00 d0       	rcall	.+0      	; 0x892 <xQueueGenericReceive+0x18>
     892:	00 d0       	rcall	.+0      	; 0x894 <xQueueGenericReceive+0x1a>
     894:	1f 92       	push	r1
     896:	cd b7       	in	r28, 0x3d	; 61
     898:	de b7       	in	r29, 0x3e	; 62
     89a:	8c 01       	movw	r16, r24
     89c:	6b 01       	movw	r12, r22
     89e:	5d 83       	std	Y+5, r21	; 0x05
     8a0:	4c 83       	std	Y+4, r20	; 0x04
     8a2:	b2 2e       	mov	r11, r18
     8a4:	e1 2c       	mov	r14, r1
     8a6:	0f b6       	in	r0, 0x3f	; 63
     8a8:	f8 94       	cli
     8aa:	0f 92       	push	r0
     8ac:	f8 01       	movw	r30, r16
     8ae:	f2 8c       	ldd	r15, Z+26	; 0x1a
     8b0:	ff 20       	and	r15, r15
     8b2:	41 f1       	breq	.+80     	; 0x904 <__stack+0x5>
     8b4:	86 80       	ldd	r8, Z+6	; 0x06
     8b6:	97 80       	ldd	r9, Z+7	; 0x07
     8b8:	b6 01       	movw	r22, r12
     8ba:	c8 01       	movw	r24, r16
     8bc:	0e 94 da 02 	call	0x5b4	; 0x5b4 <prvCopyDataFromQueue>
     8c0:	b1 10       	cpse	r11, r1
     8c2:	0f c0       	rjmp	.+30     	; 0x8e2 <xQueueGenericReceive+0x68>
     8c4:	fa 94       	dec	r15
     8c6:	f8 01       	movw	r30, r16
     8c8:	f2 8e       	std	Z+26, r15	; 0x1a
     8ca:	80 85       	ldd	r24, Z+8	; 0x08
     8cc:	88 23       	and	r24, r24
     8ce:	b1 f0       	breq	.+44     	; 0x8fc <xQueueGenericReceive+0x82>
     8d0:	c8 01       	movw	r24, r16
     8d2:	08 96       	adiw	r24, 0x08	; 8
     8d4:	0e 94 ca 08 	call	0x1194	; 0x1194 <xTaskRemoveFromEventList>
     8d8:	88 23       	and	r24, r24
     8da:	81 f0       	breq	.+32     	; 0x8fc <xQueueGenericReceive+0x82>
     8dc:	0e 94 be 01 	call	0x37c	; 0x37c <vPortYield>
     8e0:	0d c0       	rjmp	.+26     	; 0x8fc <xQueueGenericReceive+0x82>
     8e2:	f8 01       	movw	r30, r16
     8e4:	97 82       	std	Z+7, r9	; 0x07
     8e6:	86 82       	std	Z+6, r8	; 0x06
     8e8:	81 89       	ldd	r24, Z+17	; 0x11
     8ea:	88 23       	and	r24, r24
     8ec:	39 f0       	breq	.+14     	; 0x8fc <xQueueGenericReceive+0x82>
     8ee:	c8 01       	movw	r24, r16
     8f0:	41 96       	adiw	r24, 0x11	; 17
     8f2:	0e 94 ca 08 	call	0x1194	; 0x1194 <xTaskRemoveFromEventList>
     8f6:	81 11       	cpse	r24, r1
     8f8:	0e 94 be 01 	call	0x37c	; 0x37c <vPortYield>
     8fc:	0f 90       	pop	r0
     8fe:	0f be       	out	0x3f, r0	; 63
     900:	81 e0       	ldi	r24, 0x01	; 1
     902:	53 c0       	rjmp	.+166    	; 0x9aa <__stack+0xab>
     904:	8c 81       	ldd	r24, Y+4	; 0x04
     906:	9d 81       	ldd	r25, Y+5	; 0x05
     908:	89 2b       	or	r24, r25
     90a:	21 f4       	brne	.+8      	; 0x914 <__stack+0x15>
     90c:	0f 90       	pop	r0
     90e:	0f be       	out	0x3f, r0	; 63
     910:	80 e0       	ldi	r24, 0x00	; 0
     912:	4b c0       	rjmp	.+150    	; 0x9aa <__stack+0xab>
     914:	e1 10       	cpse	r14, r1
     916:	06 c0       	rjmp	.+12     	; 0x924 <__stack+0x25>
     918:	ce 01       	movw	r24, r28
     91a:	01 96       	adiw	r24, 0x01	; 1
     91c:	0e 94 12 09 	call	0x1224	; 0x1224 <vTaskSetTimeOutState>
     920:	ee 24       	eor	r14, r14
     922:	e3 94       	inc	r14
     924:	0f 90       	pop	r0
     926:	0f be       	out	0x3f, r0	; 63
     928:	0e 94 e5 06 	call	0xdca	; 0xdca <vTaskSuspendAll>
     92c:	0f b6       	in	r0, 0x3f	; 63
     92e:	f8 94       	cli
     930:	0f 92       	push	r0
     932:	f8 01       	movw	r30, r16
     934:	85 8d       	ldd	r24, Z+29	; 0x1d
     936:	8f 3f       	cpi	r24, 0xFF	; 255
     938:	09 f4       	brne	.+2      	; 0x93c <__stack+0x3d>
     93a:	15 8e       	std	Z+29, r1	; 0x1d
     93c:	f8 01       	movw	r30, r16
     93e:	86 8d       	ldd	r24, Z+30	; 0x1e
     940:	8f 3f       	cpi	r24, 0xFF	; 255
     942:	09 f4       	brne	.+2      	; 0x946 <__stack+0x47>
     944:	16 8e       	std	Z+30, r1	; 0x1e
     946:	0f 90       	pop	r0
     948:	0f be       	out	0x3f, r0	; 63
     94a:	be 01       	movw	r22, r28
     94c:	6c 5f       	subi	r22, 0xFC	; 252
     94e:	7f 4f       	sbci	r23, 0xFF	; 255
     950:	ce 01       	movw	r24, r28
     952:	01 96       	adiw	r24, 0x01	; 1
     954:	0e 94 1d 09 	call	0x123a	; 0x123a <xTaskCheckForTimeOut>
     958:	81 11       	cpse	r24, r1
     95a:	1b c0       	rjmp	.+54     	; 0x992 <__stack+0x93>
     95c:	c8 01       	movw	r24, r16
     95e:	0e 94 76 02 	call	0x4ec	; 0x4ec <prvIsQueueEmpty>
     962:	88 23       	and	r24, r24
     964:	81 f0       	breq	.+32     	; 0x986 <__stack+0x87>
     966:	6c 81       	ldd	r22, Y+4	; 0x04
     968:	7d 81       	ldd	r23, Y+5	; 0x05
     96a:	c8 01       	movw	r24, r16
     96c:	41 96       	adiw	r24, 0x11	; 17
     96e:	0e 94 b8 08 	call	0x1170	; 0x1170 <vTaskPlaceOnEventList>
     972:	c8 01       	movw	r24, r16
     974:	0e 94 f4 02 	call	0x5e8	; 0x5e8 <prvUnlockQueue>
     978:	0e 94 a5 07 	call	0xf4a	; 0xf4a <xTaskResumeAll>
     97c:	81 11       	cpse	r24, r1
     97e:	93 cf       	rjmp	.-218    	; 0x8a6 <xQueueGenericReceive+0x2c>
     980:	0e 94 be 01 	call	0x37c	; 0x37c <vPortYield>
     984:	90 cf       	rjmp	.-224    	; 0x8a6 <xQueueGenericReceive+0x2c>
     986:	c8 01       	movw	r24, r16
     988:	0e 94 f4 02 	call	0x5e8	; 0x5e8 <prvUnlockQueue>
     98c:	0e 94 a5 07 	call	0xf4a	; 0xf4a <xTaskResumeAll>
     990:	8a cf       	rjmp	.-236    	; 0x8a6 <xQueueGenericReceive+0x2c>
     992:	c8 01       	movw	r24, r16
     994:	0e 94 f4 02 	call	0x5e8	; 0x5e8 <prvUnlockQueue>
     998:	0e 94 a5 07 	call	0xf4a	; 0xf4a <xTaskResumeAll>
     99c:	c8 01       	movw	r24, r16
     99e:	0e 94 76 02 	call	0x4ec	; 0x4ec <prvIsQueueEmpty>
     9a2:	88 23       	and	r24, r24
     9a4:	09 f4       	brne	.+2      	; 0x9a8 <__stack+0xa9>
     9a6:	7f cf       	rjmp	.-258    	; 0x8a6 <xQueueGenericReceive+0x2c>
     9a8:	80 e0       	ldi	r24, 0x00	; 0
     9aa:	0f 90       	pop	r0
     9ac:	0f 90       	pop	r0
     9ae:	0f 90       	pop	r0
     9b0:	0f 90       	pop	r0
     9b2:	0f 90       	pop	r0
     9b4:	df 91       	pop	r29
     9b6:	cf 91       	pop	r28
     9b8:	1f 91       	pop	r17
     9ba:	0f 91       	pop	r16
     9bc:	ff 90       	pop	r15
     9be:	ef 90       	pop	r14
     9c0:	df 90       	pop	r13
     9c2:	cf 90       	pop	r12
     9c4:	bf 90       	pop	r11
     9c6:	9f 90       	pop	r9
     9c8:	8f 90       	pop	r8
     9ca:	08 95       	ret

000009cc <prvResetNextTaskUnblockTime>:
	{
		xReturn = pdFALSE;
	}

	return xReturn;
}
     9cc:	e0 91 38 07 	lds	r30, 0x0738	; 0x800738 <pxDelayedTaskList>
     9d0:	f0 91 39 07 	lds	r31, 0x0739	; 0x800739 <pxDelayedTaskList+0x1>
     9d4:	80 81       	ld	r24, Z
     9d6:	81 11       	cpse	r24, r1
     9d8:	07 c0       	rjmp	.+14     	; 0x9e8 <prvResetNextTaskUnblockTime+0x1c>
     9da:	8f ef       	ldi	r24, 0xFF	; 255
     9dc:	9f ef       	ldi	r25, 0xFF	; 255
     9de:	90 93 10 07 	sts	0x0710, r25	; 0x800710 <xNextTaskUnblockTime+0x1>
     9e2:	80 93 0f 07 	sts	0x070F, r24	; 0x80070f <xNextTaskUnblockTime>
     9e6:	08 95       	ret
     9e8:	e0 91 38 07 	lds	r30, 0x0738	; 0x800738 <pxDelayedTaskList>
     9ec:	f0 91 39 07 	lds	r31, 0x0739	; 0x800739 <pxDelayedTaskList+0x1>
     9f0:	05 80       	ldd	r0, Z+5	; 0x05
     9f2:	f6 81       	ldd	r31, Z+6	; 0x06
     9f4:	e0 2d       	mov	r30, r0
     9f6:	06 80       	ldd	r0, Z+6	; 0x06
     9f8:	f7 81       	ldd	r31, Z+7	; 0x07
     9fa:	e0 2d       	mov	r30, r0
     9fc:	82 81       	ldd	r24, Z+2	; 0x02
     9fe:	93 81       	ldd	r25, Z+3	; 0x03
     a00:	90 93 10 07 	sts	0x0710, r25	; 0x800710 <xNextTaskUnblockTime+0x1>
     a04:	80 93 0f 07 	sts	0x070F, r24	; 0x80070f <xNextTaskUnblockTime>
     a08:	08 95       	ret

00000a0a <prvDeleteTCB>:
     a0a:	cf 93       	push	r28
     a0c:	df 93       	push	r29
     a0e:	ec 01       	movw	r28, r24
     a10:	8f 89       	ldd	r24, Y+23	; 0x17
     a12:	98 8d       	ldd	r25, Y+24	; 0x18
     a14:	0e 94 88 00 	call	0x110	; 0x110 <vPortFree>
     a18:	ce 01       	movw	r24, r28
     a1a:	0e 94 88 00 	call	0x110	; 0x110 <vPortFree>
     a1e:	df 91       	pop	r29
     a20:	cf 91       	pop	r28
     a22:	08 95       	ret

00000a24 <prvInitialiseNewTask>:
     a24:	6f 92       	push	r6
     a26:	7f 92       	push	r7
     a28:	8f 92       	push	r8
     a2a:	9f 92       	push	r9
     a2c:	af 92       	push	r10
     a2e:	bf 92       	push	r11
     a30:	cf 92       	push	r12
     a32:	df 92       	push	r13
     a34:	ef 92       	push	r14
     a36:	0f 93       	push	r16
     a38:	1f 93       	push	r17
     a3a:	cf 93       	push	r28
     a3c:	df 93       	push	r29
     a3e:	cd b7       	in	r28, 0x3d	; 61
     a40:	de b7       	in	r29, 0x3e	; 62
     a42:	4c 01       	movw	r8, r24
     a44:	f5 01       	movw	r30, r10
     a46:	87 89       	ldd	r24, Z+23	; 0x17
     a48:	90 8d       	ldd	r25, Z+24	; 0x18
     a4a:	21 50       	subi	r18, 0x01	; 1
     a4c:	31 09       	sbc	r19, r1
     a4e:	3c 01       	movw	r6, r24
     a50:	62 0e       	add	r6, r18
     a52:	73 1e       	adc	r7, r19
     a54:	20 e0       	ldi	r18, 0x00	; 0
     a56:	0f c0       	rjmp	.+30     	; 0xa76 <prvInitialiseNewTask+0x52>
     a58:	82 2f       	mov	r24, r18
     a5a:	90 e0       	ldi	r25, 0x00	; 0
     a5c:	fb 01       	movw	r30, r22
     a5e:	e8 0f       	add	r30, r24
     a60:	f9 1f       	adc	r31, r25
     a62:	30 81       	ld	r19, Z
     a64:	d5 01       	movw	r26, r10
     a66:	a8 0f       	add	r26, r24
     a68:	b9 1f       	adc	r27, r25
     a6a:	59 96       	adiw	r26, 0x19	; 25
     a6c:	3c 93       	st	X, r19
     a6e:	80 81       	ld	r24, Z
     a70:	88 23       	and	r24, r24
     a72:	19 f0       	breq	.+6      	; 0xa7a <prvInitialiseNewTask+0x56>
     a74:	2f 5f       	subi	r18, 0xFF	; 255
     a76:	28 30       	cpi	r18, 0x08	; 8
     a78:	78 f3       	brcs	.-34     	; 0xa58 <prvInitialiseNewTask+0x34>
     a7a:	f5 01       	movw	r30, r10
     a7c:	10 a2       	std	Z+32, r1	; 0x20
     a7e:	f3 e0       	ldi	r31, 0x03	; 3
     a80:	fe 15       	cp	r31, r14
     a82:	20 f4       	brcc	.+8      	; 0xa8c <prvInitialiseNewTask+0x68>
     a84:	0f 2e       	mov	r0, r31
     a86:	f3 e0       	ldi	r31, 0x03	; 3
     a88:	ef 2e       	mov	r14, r31
     a8a:	f0 2d       	mov	r31, r0
     a8c:	f5 01       	movw	r30, r10
     a8e:	e6 8a       	std	Z+22, r14	; 0x16
     a90:	c5 01       	movw	r24, r10
     a92:	02 96       	adiw	r24, 0x02	; 2
     a94:	0e 94 97 00 	call	0x12e	; 0x12e <vListInitialiseItem>
     a98:	c5 01       	movw	r24, r10
     a9a:	0c 96       	adiw	r24, 0x0c	; 12
     a9c:	0e 94 97 00 	call	0x12e	; 0x12e <vListInitialiseItem>
     aa0:	f5 01       	movw	r30, r10
     aa2:	b1 86       	std	Z+9, r11	; 0x09
     aa4:	a0 86       	std	Z+8, r10	; 0x08
     aa6:	84 e0       	ldi	r24, 0x04	; 4
     aa8:	90 e0       	ldi	r25, 0x00	; 0
     aaa:	8e 19       	sub	r24, r14
     aac:	91 09       	sbc	r25, r1
     aae:	95 87       	std	Z+13, r25	; 0x0d
     ab0:	84 87       	std	Z+12, r24	; 0x0c
     ab2:	b3 8a       	std	Z+19, r11	; 0x13
     ab4:	a2 8a       	std	Z+18, r10	; 0x12
     ab6:	11 a2       	std	Z+33, r1	; 0x21
     ab8:	12 a2       	std	Z+34, r1	; 0x22
     aba:	13 a2       	std	Z+35, r1	; 0x23
     abc:	14 a2       	std	Z+36, r1	; 0x24
     abe:	15 a2       	std	Z+37, r1	; 0x25
     ac0:	a8 01       	movw	r20, r16
     ac2:	b4 01       	movw	r22, r8
     ac4:	c3 01       	movw	r24, r6
     ac6:	0e 94 23 01 	call	0x246	; 0x246 <pxPortInitialiseStack>
     aca:	f5 01       	movw	r30, r10
     acc:	91 83       	std	Z+1, r25	; 0x01
     ace:	80 83       	st	Z, r24
     ad0:	c1 14       	cp	r12, r1
     ad2:	d1 04       	cpc	r13, r1
     ad4:	19 f0       	breq	.+6      	; 0xadc <prvInitialiseNewTask+0xb8>
     ad6:	f6 01       	movw	r30, r12
     ad8:	b1 82       	std	Z+1, r11	; 0x01
     ada:	a0 82       	st	Z, r10
     adc:	df 91       	pop	r29
     ade:	cf 91       	pop	r28
     ae0:	1f 91       	pop	r17
     ae2:	0f 91       	pop	r16
     ae4:	ef 90       	pop	r14
     ae6:	df 90       	pop	r13
     ae8:	cf 90       	pop	r12
     aea:	bf 90       	pop	r11
     aec:	af 90       	pop	r10
     aee:	9f 90       	pop	r9
     af0:	8f 90       	pop	r8
     af2:	7f 90       	pop	r7
     af4:	6f 90       	pop	r6
     af6:	08 95       	ret

00000af8 <prvInitialiseTaskLists>:
     af8:	cf 93       	push	r28
     afa:	c0 e0       	ldi	r28, 0x00	; 0
     afc:	10 c0       	rjmp	.+32     	; 0xb1e <prvInitialiseTaskLists+0x26>
     afe:	8c 2f       	mov	r24, r28
     b00:	90 e0       	ldi	r25, 0x00	; 0
     b02:	9c 01       	movw	r18, r24
     b04:	22 0f       	add	r18, r18
     b06:	33 1f       	adc	r19, r19
     b08:	22 0f       	add	r18, r18
     b0a:	33 1f       	adc	r19, r19
     b0c:	22 0f       	add	r18, r18
     b0e:	33 1f       	adc	r19, r19
     b10:	82 0f       	add	r24, r18
     b12:	93 1f       	adc	r25, r19
     b14:	84 5b       	subi	r24, 0xB4	; 180
     b16:	98 4f       	sbci	r25, 0xF8	; 248
     b18:	0e 94 89 00 	call	0x112	; 0x112 <vListInitialise>
     b1c:	cf 5f       	subi	r28, 0xFF	; 255
     b1e:	c4 30       	cpi	r28, 0x04	; 4
     b20:	70 f3       	brcs	.-36     	; 0xafe <prvInitialiseTaskLists+0x6>
     b22:	83 e4       	ldi	r24, 0x43	; 67
     b24:	97 e0       	ldi	r25, 0x07	; 7
     b26:	0e 94 89 00 	call	0x112	; 0x112 <vListInitialise>
     b2a:	8a e3       	ldi	r24, 0x3A	; 58
     b2c:	97 e0       	ldi	r25, 0x07	; 7
     b2e:	0e 94 89 00 	call	0x112	; 0x112 <vListInitialise>
     b32:	8d e2       	ldi	r24, 0x2D	; 45
     b34:	97 e0       	ldi	r25, 0x07	; 7
     b36:	0e 94 89 00 	call	0x112	; 0x112 <vListInitialise>
     b3a:	84 e2       	ldi	r24, 0x24	; 36
     b3c:	97 e0       	ldi	r25, 0x07	; 7
     b3e:	0e 94 89 00 	call	0x112	; 0x112 <vListInitialise>
     b42:	8a e1       	ldi	r24, 0x1A	; 26
     b44:	97 e0       	ldi	r25, 0x07	; 7
     b46:	0e 94 89 00 	call	0x112	; 0x112 <vListInitialise>
     b4a:	83 e4       	ldi	r24, 0x43	; 67
     b4c:	97 e0       	ldi	r25, 0x07	; 7
     b4e:	90 93 39 07 	sts	0x0739, r25	; 0x800739 <pxDelayedTaskList+0x1>
     b52:	80 93 38 07 	sts	0x0738, r24	; 0x800738 <pxDelayedTaskList>
     b56:	8a e3       	ldi	r24, 0x3A	; 58
     b58:	97 e0       	ldi	r25, 0x07	; 7
     b5a:	90 93 37 07 	sts	0x0737, r25	; 0x800737 <pxOverflowDelayedTaskList+0x1>
     b5e:	80 93 36 07 	sts	0x0736, r24	; 0x800736 <pxOverflowDelayedTaskList>
     b62:	cf 91       	pop	r28
     b64:	08 95       	ret

00000b66 <prvAddNewTaskToReadyList>:
     b66:	cf 93       	push	r28
     b68:	df 93       	push	r29
     b6a:	ec 01       	movw	r28, r24
     b6c:	0f b6       	in	r0, 0x3f	; 63
     b6e:	f8 94       	cli
     b70:	0f 92       	push	r0
     b72:	80 91 19 07 	lds	r24, 0x0719	; 0x800719 <uxCurrentNumberOfTasks>
     b76:	8f 5f       	subi	r24, 0xFF	; 255
     b78:	80 93 19 07 	sts	0x0719, r24	; 0x800719 <uxCurrentNumberOfTasks>
     b7c:	80 91 70 07 	lds	r24, 0x0770	; 0x800770 <pxCurrentTCB>
     b80:	90 91 71 07 	lds	r25, 0x0771	; 0x800771 <pxCurrentTCB+0x1>
     b84:	89 2b       	or	r24, r25
     b86:	59 f4       	brne	.+22     	; 0xb9e <prvAddNewTaskToReadyList+0x38>
     b88:	d0 93 71 07 	sts	0x0771, r29	; 0x800771 <pxCurrentTCB+0x1>
     b8c:	c0 93 70 07 	sts	0x0770, r28	; 0x800770 <pxCurrentTCB>
     b90:	80 91 19 07 	lds	r24, 0x0719	; 0x800719 <uxCurrentNumberOfTasks>
     b94:	81 30       	cpi	r24, 0x01	; 1
     b96:	99 f4       	brne	.+38     	; 0xbbe <prvAddNewTaskToReadyList+0x58>
     b98:	0e 94 7c 05 	call	0xaf8	; 0xaf8 <prvInitialiseTaskLists>
     b9c:	10 c0       	rjmp	.+32     	; 0xbbe <prvAddNewTaskToReadyList+0x58>
     b9e:	80 91 15 07 	lds	r24, 0x0715	; 0x800715 <xSchedulerRunning>
     ba2:	81 11       	cpse	r24, r1
     ba4:	0c c0       	rjmp	.+24     	; 0xbbe <prvAddNewTaskToReadyList+0x58>
     ba6:	e0 91 70 07 	lds	r30, 0x0770	; 0x800770 <pxCurrentTCB>
     baa:	f0 91 71 07 	lds	r31, 0x0771	; 0x800771 <pxCurrentTCB+0x1>
     bae:	96 89       	ldd	r25, Z+22	; 0x16
     bb0:	8e 89       	ldd	r24, Y+22	; 0x16
     bb2:	89 17       	cp	r24, r25
     bb4:	20 f0       	brcs	.+8      	; 0xbbe <prvAddNewTaskToReadyList+0x58>
     bb6:	d0 93 71 07 	sts	0x0771, r29	; 0x800771 <pxCurrentTCB+0x1>
     bba:	c0 93 70 07 	sts	0x0770, r28	; 0x800770 <pxCurrentTCB>
     bbe:	80 91 11 07 	lds	r24, 0x0711	; 0x800711 <uxTaskNumber>
     bc2:	8f 5f       	subi	r24, 0xFF	; 255
     bc4:	80 93 11 07 	sts	0x0711, r24	; 0x800711 <uxTaskNumber>
     bc8:	8e 89       	ldd	r24, Y+22	; 0x16
     bca:	90 91 16 07 	lds	r25, 0x0716	; 0x800716 <uxTopReadyPriority>
     bce:	98 17       	cp	r25, r24
     bd0:	10 f4       	brcc	.+4      	; 0xbd6 <prvAddNewTaskToReadyList+0x70>
     bd2:	80 93 16 07 	sts	0x0716, r24	; 0x800716 <uxTopReadyPriority>
     bd6:	90 e0       	ldi	r25, 0x00	; 0
     bd8:	9c 01       	movw	r18, r24
     bda:	22 0f       	add	r18, r18
     bdc:	33 1f       	adc	r19, r19
     bde:	22 0f       	add	r18, r18
     be0:	33 1f       	adc	r19, r19
     be2:	22 0f       	add	r18, r18
     be4:	33 1f       	adc	r19, r19
     be6:	82 0f       	add	r24, r18
     be8:	93 1f       	adc	r25, r19
     bea:	be 01       	movw	r22, r28
     bec:	6e 5f       	subi	r22, 0xFE	; 254
     bee:	7f 4f       	sbci	r23, 0xFF	; 255
     bf0:	84 5b       	subi	r24, 0xB4	; 180
     bf2:	98 4f       	sbci	r25, 0xF8	; 248
     bf4:	0e 94 9b 00 	call	0x136	; 0x136 <vListInsertEnd>
     bf8:	0f 90       	pop	r0
     bfa:	0f be       	out	0x3f, r0	; 63
     bfc:	80 91 15 07 	lds	r24, 0x0715	; 0x800715 <xSchedulerRunning>
     c00:	88 23       	and	r24, r24
     c02:	51 f0       	breq	.+20     	; 0xc18 <prvAddNewTaskToReadyList+0xb2>
     c04:	e0 91 70 07 	lds	r30, 0x0770	; 0x800770 <pxCurrentTCB>
     c08:	f0 91 71 07 	lds	r31, 0x0771	; 0x800771 <pxCurrentTCB+0x1>
     c0c:	96 89       	ldd	r25, Z+22	; 0x16
     c0e:	8e 89       	ldd	r24, Y+22	; 0x16
     c10:	98 17       	cp	r25, r24
     c12:	10 f4       	brcc	.+4      	; 0xc18 <prvAddNewTaskToReadyList+0xb2>
     c14:	0e 94 be 01 	call	0x37c	; 0x37c <vPortYield>
     c18:	df 91       	pop	r29
     c1a:	cf 91       	pop	r28
     c1c:	08 95       	ret

00000c1e <prvAddCurrentTaskToDelayedList>:
     c1e:	ff 92       	push	r15
     c20:	0f 93       	push	r16
     c22:	1f 93       	push	r17
     c24:	cf 93       	push	r28
     c26:	df 93       	push	r29
     c28:	ec 01       	movw	r28, r24
     c2a:	f6 2e       	mov	r15, r22
     c2c:	00 91 17 07 	lds	r16, 0x0717	; 0x800717 <xTickCount>
     c30:	10 91 18 07 	lds	r17, 0x0718	; 0x800718 <xTickCount+0x1>
     c34:	80 91 70 07 	lds	r24, 0x0770	; 0x800770 <pxCurrentTCB>
     c38:	90 91 71 07 	lds	r25, 0x0771	; 0x800771 <pxCurrentTCB+0x1>
     c3c:	02 96       	adiw	r24, 0x02	; 2
     c3e:	0e 94 ed 00 	call	0x1da	; 0x1da <uxListRemove>
     c42:	cf 3f       	cpi	r28, 0xFF	; 255
     c44:	8f ef       	ldi	r24, 0xFF	; 255
     c46:	d8 07       	cpc	r29, r24
     c48:	69 f4       	brne	.+26     	; 0xc64 <prvAddCurrentTaskToDelayedList+0x46>
     c4a:	ff 20       	and	r15, r15
     c4c:	59 f0       	breq	.+22     	; 0xc64 <prvAddCurrentTaskToDelayedList+0x46>
     c4e:	60 91 70 07 	lds	r22, 0x0770	; 0x800770 <pxCurrentTCB>
     c52:	70 91 71 07 	lds	r23, 0x0771	; 0x800771 <pxCurrentTCB+0x1>
     c56:	6e 5f       	subi	r22, 0xFE	; 254
     c58:	7f 4f       	sbci	r23, 0xFF	; 255
     c5a:	8a e1       	ldi	r24, 0x1A	; 26
     c5c:	97 e0       	ldi	r25, 0x07	; 7
     c5e:	0e 94 9b 00 	call	0x136	; 0x136 <vListInsertEnd>
     c62:	2f c0       	rjmp	.+94     	; 0xcc2 <prvAddCurrentTaskToDelayedList+0xa4>
     c64:	c0 0f       	add	r28, r16
     c66:	d1 1f       	adc	r29, r17
     c68:	e0 91 70 07 	lds	r30, 0x0770	; 0x800770 <pxCurrentTCB>
     c6c:	f0 91 71 07 	lds	r31, 0x0771	; 0x800771 <pxCurrentTCB+0x1>
     c70:	d3 83       	std	Z+3, r29	; 0x03
     c72:	c2 83       	std	Z+2, r28	; 0x02
     c74:	c0 17       	cp	r28, r16
     c76:	d1 07       	cpc	r29, r17
     c78:	68 f4       	brcc	.+26     	; 0xc94 <prvAddCurrentTaskToDelayedList+0x76>
     c7a:	60 91 70 07 	lds	r22, 0x0770	; 0x800770 <pxCurrentTCB>
     c7e:	70 91 71 07 	lds	r23, 0x0771	; 0x800771 <pxCurrentTCB+0x1>
     c82:	80 91 36 07 	lds	r24, 0x0736	; 0x800736 <pxOverflowDelayedTaskList>
     c86:	90 91 37 07 	lds	r25, 0x0737	; 0x800737 <pxOverflowDelayedTaskList+0x1>
     c8a:	6e 5f       	subi	r22, 0xFE	; 254
     c8c:	7f 4f       	sbci	r23, 0xFF	; 255
     c8e:	0e 94 bc 00 	call	0x178	; 0x178 <vListInsert>
     c92:	17 c0       	rjmp	.+46     	; 0xcc2 <prvAddCurrentTaskToDelayedList+0xa4>
     c94:	60 91 70 07 	lds	r22, 0x0770	; 0x800770 <pxCurrentTCB>
     c98:	70 91 71 07 	lds	r23, 0x0771	; 0x800771 <pxCurrentTCB+0x1>
     c9c:	80 91 38 07 	lds	r24, 0x0738	; 0x800738 <pxDelayedTaskList>
     ca0:	90 91 39 07 	lds	r25, 0x0739	; 0x800739 <pxDelayedTaskList+0x1>
     ca4:	6e 5f       	subi	r22, 0xFE	; 254
     ca6:	7f 4f       	sbci	r23, 0xFF	; 255
     ca8:	0e 94 bc 00 	call	0x178	; 0x178 <vListInsert>
     cac:	80 91 0f 07 	lds	r24, 0x070F	; 0x80070f <xNextTaskUnblockTime>
     cb0:	90 91 10 07 	lds	r25, 0x0710	; 0x800710 <xNextTaskUnblockTime+0x1>
     cb4:	c8 17       	cp	r28, r24
     cb6:	d9 07       	cpc	r29, r25
     cb8:	20 f4       	brcc	.+8      	; 0xcc2 <prvAddCurrentTaskToDelayedList+0xa4>
     cba:	d0 93 10 07 	sts	0x0710, r29	; 0x800710 <xNextTaskUnblockTime+0x1>
     cbe:	c0 93 0f 07 	sts	0x070F, r28	; 0x80070f <xNextTaskUnblockTime>
     cc2:	df 91       	pop	r29
     cc4:	cf 91       	pop	r28
     cc6:	1f 91       	pop	r17
     cc8:	0f 91       	pop	r16
     cca:	ff 90       	pop	r15
     ccc:	08 95       	ret

00000cce <xTaskCreate>:
     cce:	2f 92       	push	r2
     cd0:	3f 92       	push	r3
     cd2:	4f 92       	push	r4
     cd4:	5f 92       	push	r5
     cd6:	6f 92       	push	r6
     cd8:	7f 92       	push	r7
     cda:	8f 92       	push	r8
     cdc:	9f 92       	push	r9
     cde:	af 92       	push	r10
     ce0:	bf 92       	push	r11
     ce2:	cf 92       	push	r12
     ce4:	df 92       	push	r13
     ce6:	ef 92       	push	r14
     ce8:	ff 92       	push	r15
     cea:	0f 93       	push	r16
     cec:	1f 93       	push	r17
     cee:	cf 93       	push	r28
     cf0:	df 93       	push	r29
     cf2:	3c 01       	movw	r6, r24
     cf4:	1b 01       	movw	r2, r22
     cf6:	5a 01       	movw	r10, r20
     cf8:	29 01       	movw	r4, r18
     cfa:	ca 01       	movw	r24, r20
     cfc:	0e 94 53 00 	call	0xa6	; 0xa6 <pvPortMalloc>
     d00:	6c 01       	movw	r12, r24
     d02:	89 2b       	or	r24, r25
     d04:	71 f0       	breq	.+28     	; 0xd22 <xTaskCreate+0x54>
     d06:	86 e2       	ldi	r24, 0x26	; 38
     d08:	90 e0       	ldi	r25, 0x00	; 0
     d0a:	0e 94 53 00 	call	0xa6	; 0xa6 <pvPortMalloc>
     d0e:	ec 01       	movw	r28, r24
     d10:	89 2b       	or	r24, r25
     d12:	19 f0       	breq	.+6      	; 0xd1a <xTaskCreate+0x4c>
     d14:	d8 8e       	std	Y+24, r13	; 0x18
     d16:	cf 8a       	std	Y+23, r12	; 0x17
     d18:	06 c0       	rjmp	.+12     	; 0xd26 <xTaskCreate+0x58>
     d1a:	c6 01       	movw	r24, r12
     d1c:	0e 94 88 00 	call	0x110	; 0x110 <vPortFree>
     d20:	02 c0       	rjmp	.+4      	; 0xd26 <xTaskCreate+0x58>
     d22:	c0 e0       	ldi	r28, 0x00	; 0
     d24:	d0 e0       	ldi	r29, 0x00	; 0
     d26:	20 97       	sbiw	r28, 0x00	; 0
     d28:	91 f0       	breq	.+36     	; 0xd4e <xTaskCreate+0x80>
     d2a:	95 01       	movw	r18, r10
     d2c:	40 e0       	ldi	r20, 0x00	; 0
     d2e:	50 e0       	ldi	r21, 0x00	; 0
     d30:	81 2c       	mov	r8, r1
     d32:	91 2c       	mov	r9, r1
     d34:	5e 01       	movw	r10, r28
     d36:	67 01       	movw	r12, r14
     d38:	e0 2e       	mov	r14, r16
     d3a:	82 01       	movw	r16, r4
     d3c:	b1 01       	movw	r22, r2
     d3e:	c3 01       	movw	r24, r6
     d40:	0e 94 12 05 	call	0xa24	; 0xa24 <prvInitialiseNewTask>
     d44:	ce 01       	movw	r24, r28
     d46:	0e 94 b3 05 	call	0xb66	; 0xb66 <prvAddNewTaskToReadyList>
     d4a:	81 e0       	ldi	r24, 0x01	; 1
     d4c:	01 c0       	rjmp	.+2      	; 0xd50 <xTaskCreate+0x82>
     d4e:	8f ef       	ldi	r24, 0xFF	; 255
     d50:	df 91       	pop	r29
     d52:	cf 91       	pop	r28
     d54:	1f 91       	pop	r17
     d56:	0f 91       	pop	r16
     d58:	ff 90       	pop	r15
     d5a:	ef 90       	pop	r14
     d5c:	df 90       	pop	r13
     d5e:	cf 90       	pop	r12
     d60:	bf 90       	pop	r11
     d62:	af 90       	pop	r10
     d64:	9f 90       	pop	r9
     d66:	8f 90       	pop	r8
     d68:	7f 90       	pop	r7
     d6a:	6f 90       	pop	r6
     d6c:	5f 90       	pop	r5
     d6e:	4f 90       	pop	r4
     d70:	3f 90       	pop	r3
     d72:	2f 90       	pop	r2
     d74:	08 95       	ret

00000d76 <vTaskStartScheduler>:
     d76:	ef 92       	push	r14
     d78:	ff 92       	push	r15
     d7a:	0f 93       	push	r16
     d7c:	0f 2e       	mov	r0, r31
     d7e:	fd e0       	ldi	r31, 0x0D	; 13
     d80:	ef 2e       	mov	r14, r31
     d82:	f7 e0       	ldi	r31, 0x07	; 7
     d84:	ff 2e       	mov	r15, r31
     d86:	f0 2d       	mov	r31, r0
     d88:	00 e0       	ldi	r16, 0x00	; 0
     d8a:	20 e0       	ldi	r18, 0x00	; 0
     d8c:	30 e0       	ldi	r19, 0x00	; 0
     d8e:	44 e6       	ldi	r20, 0x64	; 100
     d90:	50 e0       	ldi	r21, 0x00	; 0
     d92:	60 e0       	ldi	r22, 0x00	; 0
     d94:	71 e0       	ldi	r23, 0x01	; 1
     d96:	8b e5       	ldi	r24, 0x5B	; 91
     d98:	98 e0       	ldi	r25, 0x08	; 8
     d9a:	0e 94 67 06 	call	0xcce	; 0xcce <xTaskCreate>
     d9e:	81 30       	cpi	r24, 0x01	; 1
     da0:	81 f4       	brne	.+32     	; 0xdc2 <vTaskStartScheduler+0x4c>
     da2:	f8 94       	cli
     da4:	8f ef       	ldi	r24, 0xFF	; 255
     da6:	9f ef       	ldi	r25, 0xFF	; 255
     da8:	90 93 10 07 	sts	0x0710, r25	; 0x800710 <xNextTaskUnblockTime+0x1>
     dac:	80 93 0f 07 	sts	0x070F, r24	; 0x80070f <xNextTaskUnblockTime>
     db0:	81 e0       	ldi	r24, 0x01	; 1
     db2:	80 93 15 07 	sts	0x0715, r24	; 0x800715 <xSchedulerRunning>
     db6:	10 92 18 07 	sts	0x0718, r1	; 0x800718 <xTickCount+0x1>
     dba:	10 92 17 07 	sts	0x0717, r1	; 0x800717 <xTickCount>
     dbe:	0e 94 8f 01 	call	0x31e	; 0x31e <xPortStartScheduler>
     dc2:	0f 91       	pop	r16
     dc4:	ff 90       	pop	r15
     dc6:	ef 90       	pop	r14
     dc8:	08 95       	ret

00000dca <vTaskSuspendAll>:
     dca:	80 91 0c 07 	lds	r24, 0x070C	; 0x80070c <uxSchedulerSuspended>
     dce:	8f 5f       	subi	r24, 0xFF	; 255
     dd0:	80 93 0c 07 	sts	0x070C, r24	; 0x80070c <uxSchedulerSuspended>
     dd4:	08 95       	ret

00000dd6 <xTaskIncrementTick>:
     dd6:	df 92       	push	r13
     dd8:	ef 92       	push	r14
     dda:	ff 92       	push	r15
     ddc:	0f 93       	push	r16
     dde:	1f 93       	push	r17
     de0:	cf 93       	push	r28
     de2:	df 93       	push	r29
     de4:	80 91 0c 07 	lds	r24, 0x070C	; 0x80070c <uxSchedulerSuspended>
     de8:	81 11       	cpse	r24, r1
     dea:	97 c0       	rjmp	.+302    	; 0xf1a <xTaskIncrementTick+0x144>
     dec:	e0 90 17 07 	lds	r14, 0x0717	; 0x800717 <xTickCount>
     df0:	f0 90 18 07 	lds	r15, 0x0718	; 0x800718 <xTickCount+0x1>
     df4:	8f ef       	ldi	r24, 0xFF	; 255
     df6:	e8 1a       	sub	r14, r24
     df8:	f8 0a       	sbc	r15, r24
     dfa:	f0 92 18 07 	sts	0x0718, r15	; 0x800718 <xTickCount+0x1>
     dfe:	e0 92 17 07 	sts	0x0717, r14	; 0x800717 <xTickCount>
     e02:	e1 14       	cp	r14, r1
     e04:	f1 04       	cpc	r15, r1
     e06:	b9 f4       	brne	.+46     	; 0xe36 <xTaskIncrementTick+0x60>
     e08:	80 91 38 07 	lds	r24, 0x0738	; 0x800738 <pxDelayedTaskList>
     e0c:	90 91 39 07 	lds	r25, 0x0739	; 0x800739 <pxDelayedTaskList+0x1>
     e10:	20 91 36 07 	lds	r18, 0x0736	; 0x800736 <pxOverflowDelayedTaskList>
     e14:	30 91 37 07 	lds	r19, 0x0737	; 0x800737 <pxOverflowDelayedTaskList+0x1>
     e18:	30 93 39 07 	sts	0x0739, r19	; 0x800739 <pxDelayedTaskList+0x1>
     e1c:	20 93 38 07 	sts	0x0738, r18	; 0x800738 <pxDelayedTaskList>
     e20:	90 93 37 07 	sts	0x0737, r25	; 0x800737 <pxOverflowDelayedTaskList+0x1>
     e24:	80 93 36 07 	sts	0x0736, r24	; 0x800736 <pxOverflowDelayedTaskList>
     e28:	80 91 12 07 	lds	r24, 0x0712	; 0x800712 <xNumOfOverflows>
     e2c:	8f 5f       	subi	r24, 0xFF	; 255
     e2e:	80 93 12 07 	sts	0x0712, r24	; 0x800712 <xNumOfOverflows>
     e32:	0e 94 e6 04 	call	0x9cc	; 0x9cc <prvResetNextTaskUnblockTime>
     e36:	80 91 0f 07 	lds	r24, 0x070F	; 0x80070f <xNextTaskUnblockTime>
     e3a:	90 91 10 07 	lds	r25, 0x0710	; 0x800710 <xNextTaskUnblockTime+0x1>
     e3e:	e8 16       	cp	r14, r24
     e40:	f9 06       	cpc	r15, r25
     e42:	28 f4       	brcc	.+10     	; 0xe4e <xTaskIncrementTick+0x78>
     e44:	d1 2c       	mov	r13, r1
     e46:	53 c0       	rjmp	.+166    	; 0xeee <xTaskIncrementTick+0x118>
     e48:	dd 24       	eor	r13, r13
     e4a:	d3 94       	inc	r13
     e4c:	01 c0       	rjmp	.+2      	; 0xe50 <xTaskIncrementTick+0x7a>
     e4e:	d1 2c       	mov	r13, r1
     e50:	e0 91 38 07 	lds	r30, 0x0738	; 0x800738 <pxDelayedTaskList>
     e54:	f0 91 39 07 	lds	r31, 0x0739	; 0x800739 <pxDelayedTaskList+0x1>
     e58:	80 81       	ld	r24, Z
     e5a:	81 11       	cpse	r24, r1
     e5c:	07 c0       	rjmp	.+14     	; 0xe6c <xTaskIncrementTick+0x96>
     e5e:	8f ef       	ldi	r24, 0xFF	; 255
     e60:	9f ef       	ldi	r25, 0xFF	; 255
     e62:	90 93 10 07 	sts	0x0710, r25	; 0x800710 <xNextTaskUnblockTime+0x1>
     e66:	80 93 0f 07 	sts	0x070F, r24	; 0x80070f <xNextTaskUnblockTime>
     e6a:	41 c0       	rjmp	.+130    	; 0xeee <xTaskIncrementTick+0x118>
     e6c:	e0 91 38 07 	lds	r30, 0x0738	; 0x800738 <pxDelayedTaskList>
     e70:	f0 91 39 07 	lds	r31, 0x0739	; 0x800739 <pxDelayedTaskList+0x1>
     e74:	05 80       	ldd	r0, Z+5	; 0x05
     e76:	f6 81       	ldd	r31, Z+6	; 0x06
     e78:	e0 2d       	mov	r30, r0
     e7a:	c6 81       	ldd	r28, Z+6	; 0x06
     e7c:	d7 81       	ldd	r29, Z+7	; 0x07
     e7e:	8a 81       	ldd	r24, Y+2	; 0x02
     e80:	9b 81       	ldd	r25, Y+3	; 0x03
     e82:	e8 16       	cp	r14, r24
     e84:	f9 06       	cpc	r15, r25
     e86:	28 f4       	brcc	.+10     	; 0xe92 <xTaskIncrementTick+0xbc>
     e88:	90 93 10 07 	sts	0x0710, r25	; 0x800710 <xNextTaskUnblockTime+0x1>
     e8c:	80 93 0f 07 	sts	0x070F, r24	; 0x80070f <xNextTaskUnblockTime>
     e90:	2e c0       	rjmp	.+92     	; 0xeee <xTaskIncrementTick+0x118>
     e92:	8e 01       	movw	r16, r28
     e94:	0e 5f       	subi	r16, 0xFE	; 254
     e96:	1f 4f       	sbci	r17, 0xFF	; 255
     e98:	c8 01       	movw	r24, r16
     e9a:	0e 94 ed 00 	call	0x1da	; 0x1da <uxListRemove>
     e9e:	8c 89       	ldd	r24, Y+20	; 0x14
     ea0:	9d 89       	ldd	r25, Y+21	; 0x15
     ea2:	89 2b       	or	r24, r25
     ea4:	21 f0       	breq	.+8      	; 0xeae <xTaskIncrementTick+0xd8>
     ea6:	ce 01       	movw	r24, r28
     ea8:	0c 96       	adiw	r24, 0x0c	; 12
     eaa:	0e 94 ed 00 	call	0x1da	; 0x1da <uxListRemove>
     eae:	8e 89       	ldd	r24, Y+22	; 0x16
     eb0:	90 91 16 07 	lds	r25, 0x0716	; 0x800716 <uxTopReadyPriority>
     eb4:	98 17       	cp	r25, r24
     eb6:	10 f4       	brcc	.+4      	; 0xebc <xTaskIncrementTick+0xe6>
     eb8:	80 93 16 07 	sts	0x0716, r24	; 0x800716 <uxTopReadyPriority>
     ebc:	90 e0       	ldi	r25, 0x00	; 0
     ebe:	9c 01       	movw	r18, r24
     ec0:	22 0f       	add	r18, r18
     ec2:	33 1f       	adc	r19, r19
     ec4:	22 0f       	add	r18, r18
     ec6:	33 1f       	adc	r19, r19
     ec8:	22 0f       	add	r18, r18
     eca:	33 1f       	adc	r19, r19
     ecc:	82 0f       	add	r24, r18
     ece:	93 1f       	adc	r25, r19
     ed0:	b8 01       	movw	r22, r16
     ed2:	84 5b       	subi	r24, 0xB4	; 180
     ed4:	98 4f       	sbci	r25, 0xF8	; 248
     ed6:	0e 94 9b 00 	call	0x136	; 0x136 <vListInsertEnd>
     eda:	9e 89       	ldd	r25, Y+22	; 0x16
     edc:	e0 91 70 07 	lds	r30, 0x0770	; 0x800770 <pxCurrentTCB>
     ee0:	f0 91 71 07 	lds	r31, 0x0771	; 0x800771 <pxCurrentTCB+0x1>
     ee4:	86 89       	ldd	r24, Z+22	; 0x16
     ee6:	98 17       	cp	r25, r24
     ee8:	08 f0       	brcs	.+2      	; 0xeec <xTaskIncrementTick+0x116>
     eea:	ae cf       	rjmp	.-164    	; 0xe48 <xTaskIncrementTick+0x72>
     eec:	b1 cf       	rjmp	.-158    	; 0xe50 <xTaskIncrementTick+0x7a>
     eee:	e0 91 70 07 	lds	r30, 0x0770	; 0x800770 <pxCurrentTCB>
     ef2:	f0 91 71 07 	lds	r31, 0x0771	; 0x800771 <pxCurrentTCB+0x1>
     ef6:	86 89       	ldd	r24, Z+22	; 0x16
     ef8:	90 e0       	ldi	r25, 0x00	; 0
     efa:	fc 01       	movw	r30, r24
     efc:	ee 0f       	add	r30, r30
     efe:	ff 1f       	adc	r31, r31
     f00:	ee 0f       	add	r30, r30
     f02:	ff 1f       	adc	r31, r31
     f04:	ee 0f       	add	r30, r30
     f06:	ff 1f       	adc	r31, r31
     f08:	8e 0f       	add	r24, r30
     f0a:	9f 1f       	adc	r25, r31
     f0c:	fc 01       	movw	r30, r24
     f0e:	e4 5b       	subi	r30, 0xB4	; 180
     f10:	f8 4f       	sbci	r31, 0xF8	; 248
     f12:	80 81       	ld	r24, Z
     f14:	82 30       	cpi	r24, 0x02	; 2
     f16:	40 f4       	brcc	.+16     	; 0xf28 <xTaskIncrementTick+0x152>
     f18:	09 c0       	rjmp	.+18     	; 0xf2c <xTaskIncrementTick+0x156>
     f1a:	80 91 14 07 	lds	r24, 0x0714	; 0x800714 <uxPendedTicks>
     f1e:	8f 5f       	subi	r24, 0xFF	; 255
     f20:	80 93 14 07 	sts	0x0714, r24	; 0x800714 <uxPendedTicks>
     f24:	d1 2c       	mov	r13, r1
     f26:	02 c0       	rjmp	.+4      	; 0xf2c <xTaskIncrementTick+0x156>
     f28:	dd 24       	eor	r13, r13
     f2a:	d3 94       	inc	r13
     f2c:	80 91 13 07 	lds	r24, 0x0713	; 0x800713 <xYieldPending>
     f30:	88 23       	and	r24, r24
     f32:	11 f0       	breq	.+4      	; 0xf38 <xTaskIncrementTick+0x162>
     f34:	dd 24       	eor	r13, r13
     f36:	d3 94       	inc	r13
     f38:	8d 2d       	mov	r24, r13
     f3a:	df 91       	pop	r29
     f3c:	cf 91       	pop	r28
     f3e:	1f 91       	pop	r17
     f40:	0f 91       	pop	r16
     f42:	ff 90       	pop	r15
     f44:	ef 90       	pop	r14
     f46:	df 90       	pop	r13
     f48:	08 95       	ret

00000f4a <xTaskResumeAll>:
     f4a:	0f 93       	push	r16
     f4c:	1f 93       	push	r17
     f4e:	cf 93       	push	r28
     f50:	df 93       	push	r29
     f52:	0f b6       	in	r0, 0x3f	; 63
     f54:	f8 94       	cli
     f56:	0f 92       	push	r0
     f58:	80 91 0c 07 	lds	r24, 0x070C	; 0x80070c <uxSchedulerSuspended>
     f5c:	81 50       	subi	r24, 0x01	; 1
     f5e:	80 93 0c 07 	sts	0x070C, r24	; 0x80070c <uxSchedulerSuspended>
     f62:	80 91 0c 07 	lds	r24, 0x070C	; 0x80070c <uxSchedulerSuspended>
     f66:	81 11       	cpse	r24, r1
     f68:	58 c0       	rjmp	.+176    	; 0x101a <xTaskResumeAll+0xd0>
     f6a:	80 91 19 07 	lds	r24, 0x0719	; 0x800719 <uxCurrentNumberOfTasks>
     f6e:	81 11       	cpse	r24, r1
     f70:	33 c0       	rjmp	.+102    	; 0xfd8 <xTaskResumeAll+0x8e>
     f72:	56 c0       	rjmp	.+172    	; 0x1020 <xTaskResumeAll+0xd6>
     f74:	e0 91 32 07 	lds	r30, 0x0732	; 0x800732 <xPendingReadyList+0x5>
     f78:	f0 91 33 07 	lds	r31, 0x0733	; 0x800733 <xPendingReadyList+0x6>
     f7c:	c6 81       	ldd	r28, Z+6	; 0x06
     f7e:	d7 81       	ldd	r29, Z+7	; 0x07
     f80:	ce 01       	movw	r24, r28
     f82:	0c 96       	adiw	r24, 0x0c	; 12
     f84:	0e 94 ed 00 	call	0x1da	; 0x1da <uxListRemove>
     f88:	8e 01       	movw	r16, r28
     f8a:	0e 5f       	subi	r16, 0xFE	; 254
     f8c:	1f 4f       	sbci	r17, 0xFF	; 255
     f8e:	c8 01       	movw	r24, r16
     f90:	0e 94 ed 00 	call	0x1da	; 0x1da <uxListRemove>
     f94:	8e 89       	ldd	r24, Y+22	; 0x16
     f96:	90 91 16 07 	lds	r25, 0x0716	; 0x800716 <uxTopReadyPriority>
     f9a:	98 17       	cp	r25, r24
     f9c:	10 f4       	brcc	.+4      	; 0xfa2 <xTaskResumeAll+0x58>
     f9e:	80 93 16 07 	sts	0x0716, r24	; 0x800716 <uxTopReadyPriority>
     fa2:	90 e0       	ldi	r25, 0x00	; 0
     fa4:	9c 01       	movw	r18, r24
     fa6:	22 0f       	add	r18, r18
     fa8:	33 1f       	adc	r19, r19
     faa:	22 0f       	add	r18, r18
     fac:	33 1f       	adc	r19, r19
     fae:	22 0f       	add	r18, r18
     fb0:	33 1f       	adc	r19, r19
     fb2:	82 0f       	add	r24, r18
     fb4:	93 1f       	adc	r25, r19
     fb6:	b8 01       	movw	r22, r16
     fb8:	84 5b       	subi	r24, 0xB4	; 180
     fba:	98 4f       	sbci	r25, 0xF8	; 248
     fbc:	0e 94 9b 00 	call	0x136	; 0x136 <vListInsertEnd>
     fc0:	9e 89       	ldd	r25, Y+22	; 0x16
     fc2:	e0 91 70 07 	lds	r30, 0x0770	; 0x800770 <pxCurrentTCB>
     fc6:	f0 91 71 07 	lds	r31, 0x0771	; 0x800771 <pxCurrentTCB+0x1>
     fca:	86 89       	ldd	r24, Z+22	; 0x16
     fcc:	98 17       	cp	r25, r24
     fce:	30 f0       	brcs	.+12     	; 0xfdc <xTaskResumeAll+0x92>
     fd0:	81 e0       	ldi	r24, 0x01	; 1
     fd2:	80 93 13 07 	sts	0x0713, r24	; 0x800713 <xYieldPending>
     fd6:	02 c0       	rjmp	.+4      	; 0xfdc <xTaskResumeAll+0x92>
     fd8:	c0 e0       	ldi	r28, 0x00	; 0
     fda:	d0 e0       	ldi	r29, 0x00	; 0
     fdc:	80 91 2d 07 	lds	r24, 0x072D	; 0x80072d <xPendingReadyList>
     fe0:	81 11       	cpse	r24, r1
     fe2:	c8 cf       	rjmp	.-112    	; 0xf74 <xTaskResumeAll+0x2a>
     fe4:	cd 2b       	or	r28, r29
     fe6:	11 f0       	breq	.+4      	; 0xfec <xTaskResumeAll+0xa2>
     fe8:	0e 94 e6 04 	call	0x9cc	; 0x9cc <prvResetNextTaskUnblockTime>
     fec:	c0 91 14 07 	lds	r28, 0x0714	; 0x800714 <uxPendedTicks>
     ff0:	cc 23       	and	r28, r28
     ff2:	59 f0       	breq	.+22     	; 0x100a <xTaskResumeAll+0xc0>
     ff4:	0e 94 eb 06 	call	0xdd6	; 0xdd6 <xTaskIncrementTick>
     ff8:	88 23       	and	r24, r24
     ffa:	19 f0       	breq	.+6      	; 0x1002 <xTaskResumeAll+0xb8>
     ffc:	81 e0       	ldi	r24, 0x01	; 1
     ffe:	80 93 13 07 	sts	0x0713, r24	; 0x800713 <xYieldPending>
    1002:	c1 50       	subi	r28, 0x01	; 1
    1004:	b9 f7       	brne	.-18     	; 0xff4 <xTaskResumeAll+0xaa>
    1006:	10 92 14 07 	sts	0x0714, r1	; 0x800714 <uxPendedTicks>
    100a:	80 91 13 07 	lds	r24, 0x0713	; 0x800713 <xYieldPending>
    100e:	88 23       	and	r24, r24
    1010:	31 f0       	breq	.+12     	; 0x101e <xTaskResumeAll+0xd4>
    1012:	0e 94 be 01 	call	0x37c	; 0x37c <vPortYield>
    1016:	81 e0       	ldi	r24, 0x01	; 1
    1018:	03 c0       	rjmp	.+6      	; 0x1020 <xTaskResumeAll+0xd6>
    101a:	80 e0       	ldi	r24, 0x00	; 0
    101c:	01 c0       	rjmp	.+2      	; 0x1020 <xTaskResumeAll+0xd6>
    101e:	80 e0       	ldi	r24, 0x00	; 0
    1020:	0f 90       	pop	r0
    1022:	0f be       	out	0x3f, r0	; 63
    1024:	df 91       	pop	r29
    1026:	cf 91       	pop	r28
    1028:	1f 91       	pop	r17
    102a:	0f 91       	pop	r16
    102c:	08 95       	ret

0000102e <vTaskDelay>:
    102e:	cf 93       	push	r28
    1030:	df 93       	push	r29
    1032:	ec 01       	movw	r28, r24
    1034:	89 2b       	or	r24, r25
    1036:	49 f0       	breq	.+18     	; 0x104a <vTaskDelay+0x1c>
    1038:	0e 94 e5 06 	call	0xdca	; 0xdca <vTaskSuspendAll>
    103c:	60 e0       	ldi	r22, 0x00	; 0
    103e:	ce 01       	movw	r24, r28
    1040:	0e 94 0f 06 	call	0xc1e	; 0xc1e <prvAddCurrentTaskToDelayedList>
    1044:	0e 94 a5 07 	call	0xf4a	; 0xf4a <xTaskResumeAll>
    1048:	01 c0       	rjmp	.+2      	; 0x104c <vTaskDelay+0x1e>
    104a:	80 e0       	ldi	r24, 0x00	; 0
    104c:	81 11       	cpse	r24, r1
    104e:	02 c0       	rjmp	.+4      	; 0x1054 <vTaskDelay+0x26>
    1050:	0e 94 be 01 	call	0x37c	; 0x37c <vPortYield>
    1054:	df 91       	pop	r29
    1056:	cf 91       	pop	r28
    1058:	08 95       	ret

0000105a <prvCheckTasksWaitingTermination>:
    105a:	cf 93       	push	r28
    105c:	df 93       	push	r29
    105e:	24 c0       	rjmp	.+72     	; 0x10a8 <prvCheckTasksWaitingTermination+0x4e>
    1060:	0e 94 e5 06 	call	0xdca	; 0xdca <vTaskSuspendAll>
    1064:	c0 91 24 07 	lds	r28, 0x0724	; 0x800724 <xTasksWaitingTermination>
    1068:	0e 94 a5 07 	call	0xf4a	; 0xf4a <xTaskResumeAll>
    106c:	cc 23       	and	r28, r28
    106e:	e1 f0       	breq	.+56     	; 0x10a8 <prvCheckTasksWaitingTermination+0x4e>
    1070:	0f b6       	in	r0, 0x3f	; 63
    1072:	f8 94       	cli
    1074:	0f 92       	push	r0
    1076:	e0 91 29 07 	lds	r30, 0x0729	; 0x800729 <xTasksWaitingTermination+0x5>
    107a:	f0 91 2a 07 	lds	r31, 0x072A	; 0x80072a <xTasksWaitingTermination+0x6>
    107e:	c6 81       	ldd	r28, Z+6	; 0x06
    1080:	d7 81       	ldd	r29, Z+7	; 0x07
    1082:	ce 01       	movw	r24, r28
    1084:	02 96       	adiw	r24, 0x02	; 2
    1086:	0e 94 ed 00 	call	0x1da	; 0x1da <uxListRemove>
    108a:	80 91 19 07 	lds	r24, 0x0719	; 0x800719 <uxCurrentNumberOfTasks>
    108e:	81 50       	subi	r24, 0x01	; 1
    1090:	80 93 19 07 	sts	0x0719, r24	; 0x800719 <uxCurrentNumberOfTasks>
    1094:	80 91 23 07 	lds	r24, 0x0723	; 0x800723 <uxDeletedTasksWaitingCleanUp>
    1098:	81 50       	subi	r24, 0x01	; 1
    109a:	80 93 23 07 	sts	0x0723, r24	; 0x800723 <uxDeletedTasksWaitingCleanUp>
    109e:	0f 90       	pop	r0
    10a0:	0f be       	out	0x3f, r0	; 63
    10a2:	ce 01       	movw	r24, r28
    10a4:	0e 94 05 05 	call	0xa0a	; 0xa0a <prvDeleteTCB>
    10a8:	80 91 23 07 	lds	r24, 0x0723	; 0x800723 <uxDeletedTasksWaitingCleanUp>
    10ac:	81 11       	cpse	r24, r1
    10ae:	d8 cf       	rjmp	.-80     	; 0x1060 <prvCheckTasksWaitingTermination+0x6>
    10b0:	df 91       	pop	r29
    10b2:	cf 91       	pop	r28
    10b4:	08 95       	ret

000010b6 <prvIdleTask>:
    10b6:	0e 94 2d 08 	call	0x105a	; 0x105a <prvCheckTasksWaitingTermination>
    10ba:	80 91 4c 07 	lds	r24, 0x074C	; 0x80074c <pxReadyTasksLists>
    10be:	82 30       	cpi	r24, 0x02	; 2
    10c0:	d0 f3       	brcs	.-12     	; 0x10b6 <prvIdleTask>
    10c2:	0e 94 be 01 	call	0x37c	; 0x37c <vPortYield>
    10c6:	f7 cf       	rjmp	.-18     	; 0x10b6 <prvIdleTask>

000010c8 <vTaskSwitchContext>:
    10c8:	80 91 0c 07 	lds	r24, 0x070C	; 0x80070c <uxSchedulerSuspended>
    10cc:	88 23       	and	r24, r24
    10ce:	21 f0       	breq	.+8      	; 0x10d8 <vTaskSwitchContext+0x10>
    10d0:	81 e0       	ldi	r24, 0x01	; 1
    10d2:	80 93 13 07 	sts	0x0713, r24	; 0x800713 <xYieldPending>
    10d6:	08 95       	ret
    10d8:	10 92 13 07 	sts	0x0713, r1	; 0x800713 <xYieldPending>
    10dc:	20 91 16 07 	lds	r18, 0x0716	; 0x800716 <uxTopReadyPriority>
    10e0:	01 c0       	rjmp	.+2      	; 0x10e4 <vTaskSwitchContext+0x1c>
    10e2:	21 50       	subi	r18, 0x01	; 1
    10e4:	82 2f       	mov	r24, r18
    10e6:	90 e0       	ldi	r25, 0x00	; 0
    10e8:	fc 01       	movw	r30, r24
    10ea:	ee 0f       	add	r30, r30
    10ec:	ff 1f       	adc	r31, r31
    10ee:	ee 0f       	add	r30, r30
    10f0:	ff 1f       	adc	r31, r31
    10f2:	ee 0f       	add	r30, r30
    10f4:	ff 1f       	adc	r31, r31
    10f6:	e8 0f       	add	r30, r24
    10f8:	f9 1f       	adc	r31, r25
    10fa:	e4 5b       	subi	r30, 0xB4	; 180
    10fc:	f8 4f       	sbci	r31, 0xF8	; 248
    10fe:	30 81       	ld	r19, Z
    1100:	33 23       	and	r19, r19
    1102:	79 f3       	breq	.-34     	; 0x10e2 <vTaskSwitchContext+0x1a>
    1104:	ac 01       	movw	r20, r24
    1106:	44 0f       	add	r20, r20
    1108:	55 1f       	adc	r21, r21
    110a:	44 0f       	add	r20, r20
    110c:	55 1f       	adc	r21, r21
    110e:	44 0f       	add	r20, r20
    1110:	55 1f       	adc	r21, r21
    1112:	48 0f       	add	r20, r24
    1114:	59 1f       	adc	r21, r25
    1116:	df 01       	movw	r26, r30
    1118:	01 80       	ldd	r0, Z+1	; 0x01
    111a:	f2 81       	ldd	r31, Z+2	; 0x02
    111c:	e0 2d       	mov	r30, r0
    111e:	02 80       	ldd	r0, Z+2	; 0x02
    1120:	f3 81       	ldd	r31, Z+3	; 0x03
    1122:	e0 2d       	mov	r30, r0
    1124:	12 96       	adiw	r26, 0x02	; 2
    1126:	fc 93       	st	X, r31
    1128:	ee 93       	st	-X, r30
    112a:	11 97       	sbiw	r26, 0x01	; 1
    112c:	41 5b       	subi	r20, 0xB1	; 177
    112e:	58 4f       	sbci	r21, 0xF8	; 248
    1130:	e4 17       	cp	r30, r20
    1132:	f5 07       	cpc	r31, r21
    1134:	29 f4       	brne	.+10     	; 0x1140 <vTaskSwitchContext+0x78>
    1136:	42 81       	ldd	r20, Z+2	; 0x02
    1138:	53 81       	ldd	r21, Z+3	; 0x03
    113a:	fd 01       	movw	r30, r26
    113c:	52 83       	std	Z+2, r21	; 0x02
    113e:	41 83       	std	Z+1, r20	; 0x01
    1140:	fc 01       	movw	r30, r24
    1142:	ee 0f       	add	r30, r30
    1144:	ff 1f       	adc	r31, r31
    1146:	ee 0f       	add	r30, r30
    1148:	ff 1f       	adc	r31, r31
    114a:	ee 0f       	add	r30, r30
    114c:	ff 1f       	adc	r31, r31
    114e:	8e 0f       	add	r24, r30
    1150:	9f 1f       	adc	r25, r31
    1152:	fc 01       	movw	r30, r24
    1154:	e4 5b       	subi	r30, 0xB4	; 180
    1156:	f8 4f       	sbci	r31, 0xF8	; 248
    1158:	01 80       	ldd	r0, Z+1	; 0x01
    115a:	f2 81       	ldd	r31, Z+2	; 0x02
    115c:	e0 2d       	mov	r30, r0
    115e:	86 81       	ldd	r24, Z+6	; 0x06
    1160:	97 81       	ldd	r25, Z+7	; 0x07
    1162:	90 93 71 07 	sts	0x0771, r25	; 0x800771 <pxCurrentTCB+0x1>
    1166:	80 93 70 07 	sts	0x0770, r24	; 0x800770 <pxCurrentTCB>
    116a:	20 93 16 07 	sts	0x0716, r18	; 0x800716 <uxTopReadyPriority>
    116e:	08 95       	ret

00001170 <vTaskPlaceOnEventList>:
    1170:	cf 93       	push	r28
    1172:	df 93       	push	r29
    1174:	eb 01       	movw	r28, r22
    1176:	60 91 70 07 	lds	r22, 0x0770	; 0x800770 <pxCurrentTCB>
    117a:	70 91 71 07 	lds	r23, 0x0771	; 0x800771 <pxCurrentTCB+0x1>
    117e:	64 5f       	subi	r22, 0xF4	; 244
    1180:	7f 4f       	sbci	r23, 0xFF	; 255
    1182:	0e 94 bc 00 	call	0x178	; 0x178 <vListInsert>
    1186:	61 e0       	ldi	r22, 0x01	; 1
    1188:	ce 01       	movw	r24, r28
    118a:	0e 94 0f 06 	call	0xc1e	; 0xc1e <prvAddCurrentTaskToDelayedList>
    118e:	df 91       	pop	r29
    1190:	cf 91       	pop	r28
    1192:	08 95       	ret

00001194 <xTaskRemoveFromEventList>:
    1194:	0f 93       	push	r16
    1196:	1f 93       	push	r17
    1198:	cf 93       	push	r28
    119a:	df 93       	push	r29
    119c:	dc 01       	movw	r26, r24
    119e:	15 96       	adiw	r26, 0x05	; 5
    11a0:	ed 91       	ld	r30, X+
    11a2:	fc 91       	ld	r31, X
    11a4:	16 97       	sbiw	r26, 0x06	; 6
    11a6:	c6 81       	ldd	r28, Z+6	; 0x06
    11a8:	d7 81       	ldd	r29, Z+7	; 0x07
    11aa:	8e 01       	movw	r16, r28
    11ac:	04 5f       	subi	r16, 0xF4	; 244
    11ae:	1f 4f       	sbci	r17, 0xFF	; 255
    11b0:	c8 01       	movw	r24, r16
    11b2:	0e 94 ed 00 	call	0x1da	; 0x1da <uxListRemove>
    11b6:	80 91 0c 07 	lds	r24, 0x070C	; 0x80070c <uxSchedulerSuspended>
    11ba:	81 11       	cpse	r24, r1
    11bc:	1c c0       	rjmp	.+56     	; 0x11f6 <xTaskRemoveFromEventList+0x62>
    11be:	0a 50       	subi	r16, 0x0A	; 10
    11c0:	11 09       	sbc	r17, r1
    11c2:	c8 01       	movw	r24, r16
    11c4:	0e 94 ed 00 	call	0x1da	; 0x1da <uxListRemove>
    11c8:	8e 89       	ldd	r24, Y+22	; 0x16
    11ca:	90 91 16 07 	lds	r25, 0x0716	; 0x800716 <uxTopReadyPriority>
    11ce:	98 17       	cp	r25, r24
    11d0:	10 f4       	brcc	.+4      	; 0x11d6 <xTaskRemoveFromEventList+0x42>
    11d2:	80 93 16 07 	sts	0x0716, r24	; 0x800716 <uxTopReadyPriority>
    11d6:	90 e0       	ldi	r25, 0x00	; 0
    11d8:	9c 01       	movw	r18, r24
    11da:	22 0f       	add	r18, r18
    11dc:	33 1f       	adc	r19, r19
    11de:	22 0f       	add	r18, r18
    11e0:	33 1f       	adc	r19, r19
    11e2:	22 0f       	add	r18, r18
    11e4:	33 1f       	adc	r19, r19
    11e6:	82 0f       	add	r24, r18
    11e8:	93 1f       	adc	r25, r19
    11ea:	b8 01       	movw	r22, r16
    11ec:	84 5b       	subi	r24, 0xB4	; 180
    11ee:	98 4f       	sbci	r25, 0xF8	; 248
    11f0:	0e 94 9b 00 	call	0x136	; 0x136 <vListInsertEnd>
    11f4:	05 c0       	rjmp	.+10     	; 0x1200 <xTaskRemoveFromEventList+0x6c>
    11f6:	b8 01       	movw	r22, r16
    11f8:	8d e2       	ldi	r24, 0x2D	; 45
    11fa:	97 e0       	ldi	r25, 0x07	; 7
    11fc:	0e 94 9b 00 	call	0x136	; 0x136 <vListInsertEnd>
    1200:	9e 89       	ldd	r25, Y+22	; 0x16
    1202:	e0 91 70 07 	lds	r30, 0x0770	; 0x800770 <pxCurrentTCB>
    1206:	f0 91 71 07 	lds	r31, 0x0771	; 0x800771 <pxCurrentTCB+0x1>
    120a:	86 89       	ldd	r24, Z+22	; 0x16
    120c:	89 17       	cp	r24, r25
    120e:	20 f4       	brcc	.+8      	; 0x1218 <xTaskRemoveFromEventList+0x84>
    1210:	81 e0       	ldi	r24, 0x01	; 1
    1212:	80 93 13 07 	sts	0x0713, r24	; 0x800713 <xYieldPending>
    1216:	01 c0       	rjmp	.+2      	; 0x121a <xTaskRemoveFromEventList+0x86>
    1218:	80 e0       	ldi	r24, 0x00	; 0
    121a:	df 91       	pop	r29
    121c:	cf 91       	pop	r28
    121e:	1f 91       	pop	r17
    1220:	0f 91       	pop	r16
    1222:	08 95       	ret

00001224 <vTaskSetTimeOutState>:
/*-----------------------------------------------------------*/

void vTaskSetTimeOutState( TimeOut_t * const pxTimeOut )
{
	configASSERT( pxTimeOut );
	pxTimeOut->xOverflowCount = xNumOfOverflows;
    1224:	20 91 12 07 	lds	r18, 0x0712	; 0x800712 <xNumOfOverflows>
    1228:	fc 01       	movw	r30, r24
    122a:	20 83       	st	Z, r18
	pxTimeOut->xTimeOnEntering = xTickCount;
    122c:	20 91 17 07 	lds	r18, 0x0717	; 0x800717 <xTickCount>
    1230:	30 91 18 07 	lds	r19, 0x0718	; 0x800718 <xTickCount+0x1>
    1234:	32 83       	std	Z+2, r19	; 0x02
    1236:	21 83       	std	Z+1, r18	; 0x01
    1238:	08 95       	ret

0000123a <xTaskCheckForTimeOut>:
BaseType_t xReturn;

	configASSERT( pxTimeOut );
	configASSERT( pxTicksToWait );

	taskENTER_CRITICAL();
    123a:	0f b6       	in	r0, 0x3f	; 63
    123c:	f8 94       	cli
    123e:	0f 92       	push	r0
	{
		/* Minor optimisation.  The tick count cannot change in this block. */
		const TickType_t xConstTickCount = xTickCount;
    1240:	40 91 17 07 	lds	r20, 0x0717	; 0x800717 <xTickCount>
    1244:	50 91 18 07 	lds	r21, 0x0718	; 0x800718 <xTickCount+0x1>
			}
			else
		#endif

		#if ( INCLUDE_vTaskSuspend == 1 )
			if( *pxTicksToWait == portMAX_DELAY )
    1248:	db 01       	movw	r26, r22
    124a:	2d 91       	ld	r18, X+
    124c:	3c 91       	ld	r19, X
    124e:	2f 3f       	cpi	r18, 0xFF	; 255
    1250:	bf ef       	ldi	r27, 0xFF	; 255
    1252:	3b 07       	cpc	r19, r27
    1254:	19 f1       	breq	.+70     	; 0x129c <xTaskCheckForTimeOut+0x62>
				xReturn = pdFALSE;
			}
			else
		#endif

		if( ( xNumOfOverflows != pxTimeOut->xOverflowCount ) && ( xConstTickCount >= pxTimeOut->xTimeOnEntering ) ) /*lint !e525 Indentation preferred as is to make code within pre-processor directives clearer. */
    1256:	dc 01       	movw	r26, r24
    1258:	fc 91       	ld	r31, X
    125a:	e0 91 12 07 	lds	r30, 0x0712	; 0x800712 <xNumOfOverflows>
    125e:	fe 17       	cp	r31, r30
    1260:	39 f0       	breq	.+14     	; 0x1270 <xTaskCheckForTimeOut+0x36>
    1262:	11 96       	adiw	r26, 0x01	; 1
    1264:	ed 91       	ld	r30, X+
    1266:	fc 91       	ld	r31, X
    1268:	12 97       	sbiw	r26, 0x02	; 2
    126a:	4e 17       	cp	r20, r30
    126c:	5f 07       	cpc	r21, r31
    126e:	c0 f4       	brcc	.+48     	; 0x12a0 <xTaskCheckForTimeOut+0x66>
			vTaskSetTimeOut() was called.  It must have wrapped all the way
			around and gone past again. This passed since vTaskSetTimeout()
			was called. */
			xReturn = pdTRUE;
		}
		else if( ( ( TickType_t ) ( xConstTickCount - pxTimeOut->xTimeOnEntering ) ) < *pxTicksToWait ) /*lint !e961 Explicit casting is only redundant with some compilers, whereas others require it to prevent integer conversion errors. */
    1270:	dc 01       	movw	r26, r24
    1272:	11 96       	adiw	r26, 0x01	; 1
    1274:	ed 91       	ld	r30, X+
    1276:	fc 91       	ld	r31, X
    1278:	12 97       	sbiw	r26, 0x02	; 2
    127a:	da 01       	movw	r26, r20
    127c:	ae 1b       	sub	r26, r30
    127e:	bf 0b       	sbc	r27, r31
    1280:	a2 17       	cp	r26, r18
    1282:	b3 07       	cpc	r27, r19
    1284:	78 f4       	brcc	.+30     	; 0x12a4 <xTaskCheckForTimeOut+0x6a>
    1286:	db 01       	movw	r26, r22
		{
			/* Not a genuine timeout. Adjust parameters for time remaining. */
			*pxTicksToWait -= ( xConstTickCount - pxTimeOut->xTimeOnEntering );
    1288:	e4 1b       	sub	r30, r20
    128a:	f5 0b       	sbc	r31, r21
    128c:	2e 0f       	add	r18, r30
    128e:	3f 1f       	adc	r19, r31
    1290:	2d 93       	st	X+, r18
    1292:	3c 93       	st	X, r19
			vTaskSetTimeOutState( pxTimeOut );
    1294:	0e 94 12 09 	call	0x1224	; 0x1224 <vTaskSetTimeOutState>
			xReturn = pdFALSE;
    1298:	80 e0       	ldi	r24, 0x00	; 0
    129a:	05 c0       	rjmp	.+10     	; 0x12a6 <xTaskCheckForTimeOut+0x6c>
			if( *pxTicksToWait == portMAX_DELAY )
			{
				/* If INCLUDE_vTaskSuspend is set to 1 and the block time
				specified is the maximum block time then the task should block
				indefinitely, and therefore never time out. */
				xReturn = pdFALSE;
    129c:	80 e0       	ldi	r24, 0x00	; 0
    129e:	03 c0       	rjmp	.+6      	; 0x12a6 <xTaskCheckForTimeOut+0x6c>
			/* The tick count is greater than the time at which
			vTaskSetTimeout() was called, but has also overflowed since
			vTaskSetTimeOut() was called.  It must have wrapped all the way
			around and gone past again. This passed since vTaskSetTimeout()
			was called. */
			xReturn = pdTRUE;
    12a0:	81 e0       	ldi	r24, 0x01	; 1
    12a2:	01 c0       	rjmp	.+2      	; 0x12a6 <xTaskCheckForTimeOut+0x6c>
			vTaskSetTimeOutState( pxTimeOut );
			xReturn = pdFALSE;
		}
		else
		{
			xReturn = pdTRUE;
    12a4:	81 e0       	ldi	r24, 0x01	; 1
		}
	}
	taskEXIT_CRITICAL();
    12a6:	0f 90       	pop	r0
    12a8:	0f be       	out	0x3f, r0	; 63

	return xReturn;
}
    12aa:	08 95       	ret

000012ac <vTaskMissedYield>:
/*-----------------------------------------------------------*/

void vTaskMissedYield( void )
{
	xYieldPending = pdTRUE;
    12ac:	81 e0       	ldi	r24, 0x01	; 1
    12ae:	80 93 13 07 	sts	0x0713, r24	; 0x800713 <xYieldPending>
    12b2:	08 95       	ret

000012b4 <vMoter1Task>:
//모터2 큐 핸들러
QueueHandle_t xMoter2Queue = NULL;


//모터1 제어를위한 Task 구현
void vMoter1Task(void *pvParameters){
    12b4:	cf 93       	push	r28
    12b6:	df 93       	push	r29
    12b8:	00 d0       	rcall	.+0      	; 0x12ba <vMoter1Task+0x6>
    12ba:	00 d0       	rcall	.+0      	; 0x12bc <vMoter1Task+0x8>
    12bc:	cd b7       	in	r28, 0x3d	; 61
    12be:	de b7       	in	r29, 0x3e	; 62
	uint32_t ml_data;
	while(1){
		if(xQueueReceive(xMoter1Queue,&ml_data,portMAX_DELAY)==pdPASS){
    12c0:	20 e0       	ldi	r18, 0x00	; 0
    12c2:	4f ef       	ldi	r20, 0xFF	; 255
    12c4:	5f ef       	ldi	r21, 0xFF	; 255
    12c6:	be 01       	movw	r22, r28
    12c8:	6f 5f       	subi	r22, 0xFF	; 255
    12ca:	7f 4f       	sbci	r23, 0xFF	; 255
    12cc:	80 91 74 07 	lds	r24, 0x0774	; 0x800774 <xMoter1Queue>
    12d0:	90 91 75 07 	lds	r25, 0x0775	; 0x800775 <xMoter1Queue+0x1>
    12d4:	0e 94 3d 04 	call	0x87a	; 0x87a <xQueueGenericReceive>
    12d8:	81 30       	cpi	r24, 0x01	; 1
    12da:	91 f7       	brne	.-28     	; 0x12c0 <vMoter1Task+0xc>
			//여기에 모터 함수 집어넣으면 된다
//			LED_test(ml_data);
			motor_W1(ml_data);
    12dc:	69 81       	ldd	r22, Y+1	; 0x01
    12de:	7a 81       	ldd	r23, Y+2	; 0x02
    12e0:	8b 81       	ldd	r24, Y+3	; 0x03
    12e2:	9c 81       	ldd	r25, Y+4	; 0x04
    12e4:	0e 94 4d 0a 	call	0x149a	; 0x149a <motor_W1>
    12e8:	eb cf       	rjmp	.-42     	; 0x12c0 <vMoter1Task+0xc>

000012ea <vMoter2Task>:
		}
	}
}

//모터2 제어를위한 Task 구현
void vMoter2Task(void *pvParameters){
    12ea:	cf 93       	push	r28
    12ec:	df 93       	push	r29
    12ee:	00 d0       	rcall	.+0      	; 0x12f0 <vMoter2Task+0x6>
    12f0:	00 d0       	rcall	.+0      	; 0x12f2 <vMoter2Task+0x8>
    12f2:	cd b7       	in	r28, 0x3d	; 61
    12f4:	de b7       	in	r29, 0x3e	; 62
	uint32_t ml_data;
	while(1){
		if(xQueueReceive(xMoter2Queue,&ml_data,portMAX_DELAY)==pdPASS){
    12f6:	20 e0       	ldi	r18, 0x00	; 0
    12f8:	4f ef       	ldi	r20, 0xFF	; 255
    12fa:	5f ef       	ldi	r21, 0xFF	; 255
    12fc:	be 01       	movw	r22, r28
    12fe:	6f 5f       	subi	r22, 0xFF	; 255
    1300:	7f 4f       	sbci	r23, 0xFF	; 255
    1302:	80 91 72 07 	lds	r24, 0x0772	; 0x800772 <xMoter2Queue>
    1306:	90 91 73 07 	lds	r25, 0x0773	; 0x800773 <xMoter2Queue+0x1>
    130a:	0e 94 3d 04 	call	0x87a	; 0x87a <xQueueGenericReceive>
    130e:	81 30       	cpi	r24, 0x01	; 1
    1310:	91 f7       	brne	.-28     	; 0x12f6 <vMoter2Task+0xc>
			//여기에 모터 함수 집어넣으면 된다
			//LED_test(ml_data);
			motor_W2(ml_data);
    1312:	69 81       	ldd	r22, Y+1	; 0x01
    1314:	7a 81       	ldd	r23, Y+2	; 0x02
    1316:	8b 81       	ldd	r24, Y+3	; 0x03
    1318:	9c 81       	ldd	r25, Y+4	; 0x04
    131a:	0e 94 64 0a 	call	0x14c8	; 0x14c8 <motor_W2>
    131e:	eb cf       	rjmp	.-42     	; 0x12f6 <vMoter2Task+0xc>

00001320 <vRxTask>:

/**
 * @brief Rx Task: 수신 링 버퍼 -> FreeRTOS 큐
 * ISR의 링 버퍼에서 바이트를 가져와 처리 태스크용 큐로 전송합니다.
 */
void vRxTask(void *pvParameters) {
    1320:	cf 93       	push	r28
    1322:	df 93       	push	r29
    1324:	1f 92       	push	r1
    1326:	cd b7       	in	r28, 0x3d	; 61
    1328:	de b7       	in	r29, 0x3e	; 62
    uint8_t received_char;
    
    while (1) {
        // uart_rx()는 내부적으로 vTaskDelay(1)을 포함하여
        // 데이터가 없을 때 CPU를 양보합니다.
        received_char = uart_rx(); 
    132a:	0e 94 e7 0c 	call	0x19ce	; 0x19ce <uart_rx>
    132e:	89 83       	std	Y+1, r24	; 0x01
        
        // 데이터를 FreeRTOS 큐로 전송 (최대 10ms 대기)
        if (xQueueSend(xUartQueue, &received_char, pdMS_TO_TICKS(10)) != pdPASS) {
    1330:	20 e0       	ldi	r18, 0x00	; 0
    1332:	4a e0       	ldi	r20, 0x0A	; 10
    1334:	50 e0       	ldi	r21, 0x00	; 0
    1336:	be 01       	movw	r22, r28
    1338:	6f 5f       	subi	r22, 0xFF	; 255
    133a:	7f 4f       	sbci	r23, 0xFF	; 255
    133c:	80 91 76 07 	lds	r24, 0x0776	; 0x800776 <xUartQueue>
    1340:	90 91 77 07 	lds	r25, 0x0777	; 0x800777 <xUartQueue+0x1>
    1344:	0e 94 ab 03 	call	0x756	; 0x756 <xQueueGenericSend>
    1348:	f0 cf       	rjmp	.-32     	; 0x132a <vRxTask+0xa>

0000134a <vProtocolTask>:

/**
 * @brief Protocol Task: 큐 -> 패킷 조립 -> 패킷 처리
 * vRxTask가 큐에 넣은 바이트들을 수신하여 프로토콜 패킷을 조립하고 처리합니다.
 */
void vProtocolTask(void *pvParameters) {
    134a:	cf 93       	push	r28
    134c:	df 93       	push	r29
    134e:	cd b7       	in	r28, 0x3d	; 61
    1350:	de b7       	in	r29, 0x3e	; 62
    1352:	61 97       	sbiw	r28, 0x11	; 17
    1354:	0f b6       	in	r0, 0x3f	; 63
    1356:	f8 94       	cli
    1358:	de bf       	out	0x3e, r29	; 62
    135a:	0f be       	out	0x3f, r0	; 63
    135c:	cd bf       	out	0x3d, r28	; 61
    uint8_t received_char;
    uint8_t packet_buffer[PROTOCOL_BUFFER_SIZE];
    uint8_t packet_index = 0;
    
    // 수신 상태 (IDLE: '$' 대기, RECEIVING: '\n' 대기)
    enum { STATE_IDLE, STATE_RECEIVING } state = STATE_IDLE;
    135e:	10 e0       	ldi	r17, 0x00	; 0
 * vRxTask가 큐에 넣은 바이트들을 수신하여 프로토콜 패킷을 조립하고 처리합니다.
 */
void vProtocolTask(void *pvParameters) {
    uint8_t received_char;
    uint8_t packet_buffer[PROTOCOL_BUFFER_SIZE];
    uint8_t packet_index = 0;
    1360:	00 e0       	ldi	r16, 0x00	; 0
    1362:	03 c0       	rjmp	.+6      	; 0x136a <vProtocolTask+0x20>
                // 패킷 조립
                if (packet_index < PROTOCOL_BUFFER_SIZE) {
                    packet_buffer[packet_index++] = received_char;
                } else {
                    // 버퍼 오버플로우. 패킷 무시하고 리셋
                    state = STATE_IDLE;
    1364:	10 e0       	ldi	r17, 0x00	; 0
    1366:	01 c0       	rjmp	.+2      	; 0x136a <vProtocolTask+0x20>
                }
            } 
            else if (state == STATE_RECEIVING) {
                // 패킷 조립
                if (packet_index < PROTOCOL_BUFFER_SIZE) {
                    packet_buffer[packet_index++] = received_char;
    1368:	0f 2d       	mov	r16, r15
    enum { STATE_IDLE, STATE_RECEIVING } state = STATE_IDLE;

    while (1) {

        // 1. FreeRTOS 큐에서 데이터 수신 (무기한 대기)
        if (xQueueReceive(xUartQueue, &received_char, portMAX_DELAY) == pdPASS) {
    136a:	20 e0       	ldi	r18, 0x00	; 0
    136c:	4f ef       	ldi	r20, 0xFF	; 255
    136e:	5f ef       	ldi	r21, 0xFF	; 255
    1370:	be 01       	movw	r22, r28
    1372:	6f 5f       	subi	r22, 0xFF	; 255
    1374:	7f 4f       	sbci	r23, 0xFF	; 255
    1376:	80 91 76 07 	lds	r24, 0x0776	; 0x800776 <xUartQueue>
    137a:	90 91 77 07 	lds	r25, 0x0777	; 0x800777 <xUartQueue+0x1>
    137e:	0e 94 3d 04 	call	0x87a	; 0x87a <xQueueGenericReceive>
    1382:	81 30       	cpi	r24, 0x01	; 1
    1384:	91 f7       	brne	.-28     	; 0x136a <vProtocolTask+0x20>
            
            if (state == STATE_IDLE) {
    1386:	11 11       	cpse	r17, r1
    1388:	07 c0       	rjmp	.+14     	; 0x1398 <vProtocolTask+0x4e>
                // '$' (시작 문자)를 기다림
                if (received_char == '$') {
    138a:	89 81       	ldd	r24, Y+1	; 0x01
    138c:	84 32       	cpi	r24, 0x24	; 36
    138e:	69 f7       	brne	.-38     	; 0x136a <vProtocolTask+0x20>
                    packet_index = 0;
                    packet_buffer[packet_index++] = received_char;
    1390:	8a 83       	std	Y+2, r24	; 0x02
                    state = STATE_RECEIVING;
    1392:	11 e0       	ldi	r17, 0x01	; 1
            
            if (state == STATE_IDLE) {
                // '$' (시작 문자)를 기다림
                if (received_char == '$') {
                    packet_index = 0;
                    packet_buffer[packet_index++] = received_char;
    1394:	01 e0       	ldi	r16, 0x01	; 1
    1396:	e9 cf       	rjmp	.-46     	; 0x136a <vProtocolTask+0x20>
                    state = STATE_RECEIVING;
                }
            } 
            else if (state == STATE_RECEIVING) {
    1398:	11 30       	cpi	r17, 0x01	; 1
    139a:	39 f7       	brne	.-50     	; 0x136a <vProtocolTask+0x20>
                // 패킷 조립
                if (packet_index < PROTOCOL_BUFFER_SIZE) {
    139c:	00 31       	cpi	r16, 0x10	; 16
    139e:	10 f7       	brcc	.-60     	; 0x1364 <vProtocolTask+0x1a>
                    packet_buffer[packet_index++] = received_char;
    13a0:	ff 24       	eor	r15, r15
    13a2:	f3 94       	inc	r15
    13a4:	f0 0e       	add	r15, r16
    13a6:	89 81       	ldd	r24, Y+1	; 0x01
    13a8:	e2 e0       	ldi	r30, 0x02	; 2
    13aa:	f0 e0       	ldi	r31, 0x00	; 0
    13ac:	ec 0f       	add	r30, r28
    13ae:	fd 1f       	adc	r31, r29
    13b0:	e0 0f       	add	r30, r16
    13b2:	f1 1d       	adc	r31, r1
    13b4:	80 83       	st	Z, r24
                    state = STATE_IDLE;
                    continue;
                }

                // '\n' (종료 문자) 수신 시
                if (received_char == '\n') {
    13b6:	8a 30       	cpi	r24, 0x0A	; 10
    13b8:	b9 f6       	brne	.-82     	; 0x1368 <vProtocolTask+0x1e>
                    // Master의 요청 처리 
                    process_packet(packet_buffer, packet_index);
    13ba:	6f 2d       	mov	r22, r15
    13bc:	ce 01       	movw	r24, r28
    13be:	02 96       	adiw	r24, 0x02	; 2
    13c0:	0e 94 c5 0a 	call	0x158a	; 0x158a <process_packet>
                }
            } 
            else if (state == STATE_RECEIVING) {
                // 패킷 조립
                if (packet_index < PROTOCOL_BUFFER_SIZE) {
                    packet_buffer[packet_index++] = received_char;
    13c4:	0f 2d       	mov	r16, r15
                // '\n' (종료 문자) 수신 시
                if (received_char == '\n') {
                    // Master의 요청 처리 
                    process_packet(packet_buffer, packet_index);
                    // 다음 패킷을 위해 IDLE 상태로 복귀
                    state = STATE_IDLE;
    13c6:	10 e0       	ldi	r17, 0x00	; 0
    13c8:	d0 cf       	rjmp	.-96     	; 0x136a <vProtocolTask+0x20>

000013ca <main>:
}


int main(void) {
    // UART 드라이버 초기화
    uart_init(BAUD);
    13ca:	60 e8       	ldi	r22, 0x80	; 128
    13cc:	75 e2       	ldi	r23, 0x25	; 37
    13ce:	80 e0       	ldi	r24, 0x00	; 0
    13d0:	90 e0       	ldi	r25, 0x00	; 0
    13d2:	0e 94 a9 0c 	call	0x1952	; 0x1952 <uart_init>
	//모터 초기화
	motor_init();
    13d6:	0e 94 46 0a 	call	0x148c	; 0x148c <motor_init>
	timer0_init();
    13da:	0e 94 dd 0b 	call	0x17ba	; 0x17ba <timer0_init>
    

	
    // 큐 생성: 64개의 8비트(uint8_t) 요소를 저장
    // 수신 버퍼링을 위해 넉넉하게 설정
    xUartQueue = xQueueCreate(64, sizeof(uint8_t));
    13de:	40 e0       	ldi	r20, 0x00	; 0
    13e0:	61 e0       	ldi	r22, 0x01	; 1
    13e2:	80 e4       	ldi	r24, 0x40	; 64
    13e4:	0e 94 81 03 	call	0x702	; 0x702 <xQueueGenericCreate>
    13e8:	90 93 77 07 	sts	0x0777, r25	; 0x800777 <xUartQueue+0x1>
    13ec:	80 93 76 07 	sts	0x0776, r24	; 0x800776 <xUartQueue>
	
	xMoter1Queue = xQueueCreate(8, sizeof(uint32_t));
    13f0:	40 e0       	ldi	r20, 0x00	; 0
    13f2:	64 e0       	ldi	r22, 0x04	; 4
    13f4:	88 e0       	ldi	r24, 0x08	; 8
    13f6:	0e 94 81 03 	call	0x702	; 0x702 <xQueueGenericCreate>
    13fa:	90 93 75 07 	sts	0x0775, r25	; 0x800775 <xMoter1Queue+0x1>
    13fe:	80 93 74 07 	sts	0x0774, r24	; 0x800774 <xMoter1Queue>
	
	xMoter2Queue = xQueueCreate(8, sizeof(uint32_t));
    1402:	40 e0       	ldi	r20, 0x00	; 0
    1404:	64 e0       	ldi	r22, 0x04	; 4
    1406:	88 e0       	ldi	r24, 0x08	; 8
    1408:	0e 94 81 03 	call	0x702	; 0x702 <xQueueGenericCreate>
    140c:	90 93 73 07 	sts	0x0773, r25	; 0x800773 <xMoter2Queue+0x1>
    1410:	80 93 72 07 	sts	0x0772, r24	; 0x800772 <xMoter2Queue>

	
    if (xUartQueue != NULL && xMoter1Queue != NULL) {
    1414:	80 91 76 07 	lds	r24, 0x0776	; 0x800776 <xUartQueue>
    1418:	90 91 77 07 	lds	r25, 0x0777	; 0x800777 <xUartQueue+0x1>
    141c:	89 2b       	or	r24, r25
    141e:	a9 f1       	breq	.+106    	; 0x148a <main+0xc0>
    1420:	80 91 74 07 	lds	r24, 0x0774	; 0x800774 <xMoter1Queue>
    1424:	90 91 75 07 	lds	r25, 0x0775	; 0x800775 <xMoter1Queue+0x1>
    1428:	89 2b       	or	r24, r25
    142a:	79 f1       	breq	.+94     	; 0x148a <main+0xc0>

        // Rx Task 생성 (높은 우선순위: 수신 데이터를 빠르게 링 버퍼에서 큐로 이동)
        xTaskCreate(
    142c:	e1 2c       	mov	r14, r1
    142e:	f1 2c       	mov	r15, r1
    1430:	02 e0       	ldi	r16, 0x02	; 2
    1432:	20 e0       	ldi	r18, 0x00	; 0
    1434:	30 e0       	ldi	r19, 0x00	; 0
    1436:	44 e6       	ldi	r20, 0x64	; 100
    1438:	50 e0       	ldi	r21, 0x00	; 0
    143a:	65 e0       	ldi	r22, 0x05	; 5
    143c:	71 e0       	ldi	r23, 0x01	; 1
    143e:	80 e9       	ldi	r24, 0x90	; 144
    1440:	99 e0       	ldi	r25, 0x09	; 9
    1442:	0e 94 67 06 	call	0xcce	; 0xcce <xTaskCreate>
            tskIDLE_PRIORITY + 2,
            NULL
        );

        // Protocol Task 생성 (상대적으로 낮은 우선순위: 패킷 처리)
        xTaskCreate(
    1446:	01 e0       	ldi	r16, 0x01	; 1
    1448:	20 e0       	ldi	r18, 0x00	; 0
    144a:	30 e0       	ldi	r19, 0x00	; 0
    144c:	48 ec       	ldi	r20, 0xC8	; 200
    144e:	50 e0       	ldi	r21, 0x00	; 0
    1450:	6c e0       	ldi	r22, 0x0C	; 12
    1452:	71 e0       	ldi	r23, 0x01	; 1
    1454:	85 ea       	ldi	r24, 0xA5	; 165
    1456:	99 e0       	ldi	r25, 0x09	; 9
    1458:	0e 94 67 06 	call	0xcce	; 0xcce <xTaskCreate>
            NULL
        );
		
		// Rx Task 생성 (높은 우선순위: 수신 데이터를 빠르게 링 버퍼에서 큐로 이동)

		xTaskCreate(
    145c:	00 e0       	ldi	r16, 0x00	; 0
    145e:	20 e0       	ldi	r18, 0x00	; 0
    1460:	30 e0       	ldi	r19, 0x00	; 0
    1462:	44 e6       	ldi	r20, 0x64	; 100
    1464:	50 e0       	ldi	r21, 0x00	; 0
    1466:	66 e1       	ldi	r22, 0x16	; 22
    1468:	71 e0       	ldi	r23, 0x01	; 1
    146a:	8a e5       	ldi	r24, 0x5A	; 90
    146c:	99 e0       	ldi	r25, 0x09	; 9
    146e:	0e 94 67 06 	call	0xcce	; 0xcce <xTaskCreate>
			tskIDLE_PRIORITY,
			NULL
		);
		
		
		xTaskCreate(
    1472:	20 e0       	ldi	r18, 0x00	; 0
    1474:	30 e0       	ldi	r19, 0x00	; 0
    1476:	44 e6       	ldi	r20, 0x64	; 100
    1478:	50 e0       	ldi	r21, 0x00	; 0
    147a:	61 e2       	ldi	r22, 0x21	; 33
    147c:	71 e0       	ldi	r23, 0x01	; 1
    147e:	85 e7       	ldi	r24, 0x75	; 117
    1480:	99 e0       	ldi	r25, 0x09	; 9
    1482:	0e 94 67 06 	call	0xcce	; 0xcce <xTaskCreate>
			NULL
		);
		
		
        // FreeRTOS 스케줄러 시작
        vTaskStartScheduler();
    1486:	0e 94 bb 06 	call	0xd76	; 0xd76 <vTaskStartScheduler>
    148a:	ff cf       	rjmp	.-2      	; 0x148a <main+0xc0>

0000148c <motor_init>:

//두번째 모터
const float Pump_Flow_Second=2.92;

void motor_init(){
	PIN8_DDR |=PIN8_BIT;
    148c:	84 b1       	in	r24, 0x04	; 4
    148e:	81 60       	ori	r24, 0x01	; 1
    1490:	84 b9       	out	0x04, r24	; 4
	PIN9_DDR |= PIN9_BIT;
    1492:	84 b1       	in	r24, 0x04	; 4
    1494:	82 60       	ori	r24, 0x02	; 2
    1496:	84 b9       	out	0x04, r24	; 4
    1498:	08 95       	ret

0000149a <motor_W1>:
}

//모터1 동작시키는 기능
void motor_W1(uint32_t data){
   uint32_t target = data;
   float flow_time = (target/Pump_Flow) * 1000;
    149a:	0e 94 81 0d 	call	0x1b02	; 0x1b02 <__floatunsisf>
    149e:	2b e7       	ldi	r18, 0x7B	; 123
    14a0:	34 e1       	ldi	r19, 0x14	; 20
    14a2:	4e e4       	ldi	r20, 0x4E	; 78
    14a4:	50 e4       	ldi	r21, 0x40	; 64
    14a6:	0e 94 0f 0d 	call	0x1a1e	; 0x1a1e <__divsf3>
    14aa:	20 e0       	ldi	r18, 0x00	; 0
    14ac:	30 e0       	ldi	r19, 0x00	; 0
    14ae:	4a e7       	ldi	r20, 0x7A	; 122
    14b0:	54 e4       	ldi	r21, 0x44	; 68
    14b2:	0e 94 33 0e 	call	0x1c66	; 0x1c66 <__mulsf3>
 
   PORTB |= (1<<PB0); 
    14b6:	25 b1       	in	r18, 0x05	; 5
    14b8:	21 60       	ori	r18, 0x01	; 1
    14ba:	25 b9       	out	0x05, r18	; 5
   delay(flow_time);
    14bc:	0e 94 0b 0c 	call	0x1816	; 0x1816 <delay>
   PORTB &= ~(1<<PB0);
    14c0:	85 b1       	in	r24, 0x05	; 5
    14c2:	8e 7f       	andi	r24, 0xFE	; 254
    14c4:	85 b9       	out	0x05, r24	; 5
    14c6:	08 95       	ret

000014c8 <motor_W2>:

//모터2 동작시키는 기능
void motor_W2(uint32_t data){
	
	uint32_t target = data;
	float flow_time = (target/Pump_Flow_Second) * 1000;
    14c8:	0e 94 81 0d 	call	0x1b02	; 0x1b02 <__floatunsisf>
    14cc:	28 e4       	ldi	r18, 0x48	; 72
    14ce:	31 ee       	ldi	r19, 0xE1	; 225
    14d0:	4a e3       	ldi	r20, 0x3A	; 58
    14d2:	50 e4       	ldi	r21, 0x40	; 64
    14d4:	0e 94 0f 0d 	call	0x1a1e	; 0x1a1e <__divsf3>
    14d8:	20 e0       	ldi	r18, 0x00	; 0
    14da:	30 e0       	ldi	r19, 0x00	; 0
    14dc:	4a e7       	ldi	r20, 0x7A	; 122
    14de:	54 e4       	ldi	r21, 0x44	; 68
    14e0:	0e 94 33 0e 	call	0x1c66	; 0x1c66 <__mulsf3>
	PORTB |= (1<<PB1);
    14e4:	25 b1       	in	r18, 0x05	; 5
    14e6:	22 60       	ori	r18, 0x02	; 2
    14e8:	25 b9       	out	0x05, r18	; 5
	delay(flow_time);
    14ea:	0e 94 0b 0c 	call	0x1816	; 0x1816 <delay>
	PORTB &= ~(1<<PB1);
    14ee:	85 b1       	in	r24, 0x05	; 5
    14f0:	8d 7f       	andi	r24, 0xFD	; 253
    14f2:	85 b9       	out	0x05, r24	; 5
    14f4:	08 95       	ret

000014f6 <all_stop_motor>:
}

//모터 2개 정지
void all_stop_motor(){
	//모터1 정지
	PORTB &= ~(1<<PB0);
    14f6:	85 b1       	in	r24, 0x05	; 5
    14f8:	8e 7f       	andi	r24, 0xFE	; 254
    14fa:	85 b9       	out	0x05, r24	; 5
	//모터2 정지
	PORTB &= ~(1<<PB1);
    14fc:	85 b1       	in	r24, 0x05	; 5
    14fe:	8d 7f       	andi	r24, 0xFD	; 253
    1500:	85 b9       	out	0x05, r24	; 5
    1502:	08 95       	ret

00001504 <calculate_checksum>:
 * @brief PDF 프로토콜에 정의된 체크섬을 계산합니다. 
 * @param buffer '$'를 제외한 패킷 데이터 (ID부터 Checksum 앞까지)
 * @param length 체크섬 계산에 포함될 바이트 수
 * @return 계산된 체크섬
 */
uint8_t calculate_checksum(uint8_t *buffer, uint8_t length) {
    1504:	ac 01       	movw	r20, r24
	uint8_t sum = 0;
	for (uint8_t i = 0; i < length; i++) {
    1506:	90 e0       	ldi	r25, 0x00	; 0
 * @param buffer '$'를 제외한 패킷 데이터 (ID부터 Checksum 앞까지)
 * @param length 체크섬 계산에 포함될 바이트 수
 * @return 계산된 체크섬
 */
uint8_t calculate_checksum(uint8_t *buffer, uint8_t length) {
	uint8_t sum = 0;
    1508:	80 e0       	ldi	r24, 0x00	; 0
	for (uint8_t i = 0; i < length; i++) {
    150a:	06 c0       	rjmp	.+12     	; 0x1518 <calculate_checksum+0x14>
		sum += buffer[i];
    150c:	fa 01       	movw	r30, r20
    150e:	e9 0f       	add	r30, r25
    1510:	f1 1d       	adc	r31, r1
    1512:	20 81       	ld	r18, Z
    1514:	82 0f       	add	r24, r18
 * @param length 체크섬 계산에 포함될 바이트 수
 * @return 계산된 체크섬
 */
uint8_t calculate_checksum(uint8_t *buffer, uint8_t length) {
	uint8_t sum = 0;
	for (uint8_t i = 0; i < length; i++) {
    1516:	9f 5f       	subi	r25, 0xFF	; 255
    1518:	96 17       	cp	r25, r22
    151a:	c0 f3       	brcs	.-16     	; 0x150c <calculate_checksum+0x8>
		sum += buffer[i];
	}
	return sum;
}
    151c:	08 95       	ret

0000151e <send_response>:
 * @param slave_id 응답하는 Slave ID
 * @param cmd 'W' 또는 'R'
 * @param addr 처리한 주소
 * @param data 'R' 명령의 경우 읽은 값, 'W' 명령의 경우 쓴 값
 */
void send_response(uint8_t slave_id, uint8_t cmd, uint8_t addr, int32_t data) {
    151e:	0f 93       	push	r16
    1520:	1f 93       	push	r17
    1522:	cf 93       	push	r28
    1524:	df 93       	push	r29
    1526:	cd b7       	in	r28, 0x3d	; 61
    1528:	de b7       	in	r29, 0x3e	; 62
    152a:	2a 97       	sbiw	r28, 0x0a	; 10
    152c:	0f b6       	in	r0, 0x3f	; 63
    152e:	f8 94       	cli
    1530:	de bf       	out	0x3e, r29	; 62
    1532:	0f be       	out	0x3f, r0	; 63
    1534:	cd bf       	out	0x3d, r28	; 61
	
	// 1. 응답 프레임 크기 10바이트로 변경
	uint8_t response[10];
	uint8_t checksum;

	response[FRAME_IDX_START] = '$';
    1536:	94 e2       	ldi	r25, 0x24	; 36
    1538:	99 83       	std	Y+1, r25	; 0x01
	response[FRAME_IDX_SlaveID] = slave_id;
    153a:	8a 83       	std	Y+2, r24	; 0x02
	response[FRAME_IDX_CMD] = cmd;
    153c:	6b 83       	std	Y+3, r22	; 0x03
	response[FRAME_IDX_ADDR] = addr;
    153e:	4c 83       	std	Y+4, r20	; 0x04
	
	// 2. 32비트 데이터를 4바이트로 분리 (Big-Endian)
	response[FRAME_IDX_W_DATA_D0] = (uint8_t)(data >> 24); // D0 (MSB)
    1540:	3d 83       	std	Y+5, r19	; 0x05
	response[FRAME_IDX_W_DATA_D1] = (uint8_t)(data >> 16); // D1
    1542:	2e 83       	std	Y+6, r18	; 0x06
	response[FRAME_IDX_W_DATA_D2] = (uint8_t)(data >> 8);  // D2
    1544:	1f 83       	std	Y+7, r17	; 0x07
	response[FRAME_IDX_W_DATA_D3] = (uint8_t)(data & 0xFF);  // D3 (LSB)
    1546:	08 87       	std	Y+8, r16	; 0x08

	// 3. 체크섬 계산 범위 변경 (ID부터 D3까지, 총 7바이트)
	checksum = calculate_checksum(&response[1], 7);
    1548:	67 e0       	ldi	r22, 0x07	; 7
    154a:	ce 01       	movw	r24, r28
    154c:	02 96       	adiw	r24, 0x02	; 2
    154e:	0e 94 82 0a 	call	0x1504	; 0x1504 <calculate_checksum>
	
	// 4. 체크섬과 종료 문자 위치 변경
	response[FRAME_IDX_W_CHECKSUM] = checksum;
    1552:	89 87       	std	Y+9, r24	; 0x09
	response[FRAME_IDX_W_END] = '\n';
    1554:	8a e0       	ldi	r24, 0x0A	; 10
    1556:	8a 87       	std	Y+10, r24	; 0x0a

	// 5. 전송 루프 범위 변경 (10바이트)
	for (uint8_t i = 0; i < 10; i++) {
    1558:	10 e0       	ldi	r17, 0x00	; 0
    155a:	0a c0       	rjmp	.+20     	; 0x1570 <send_response+0x52>
		uart_tx(response[i]);
    155c:	e1 e0       	ldi	r30, 0x01	; 1
    155e:	f0 e0       	ldi	r31, 0x00	; 0
    1560:	ec 0f       	add	r30, r28
    1562:	fd 1f       	adc	r31, r29
    1564:	e1 0f       	add	r30, r17
    1566:	f1 1d       	adc	r31, r1
    1568:	80 81       	ld	r24, Z
    156a:	0e 94 c0 0c 	call	0x1980	; 0x1980 <uart_tx>
	// 4. 체크섬과 종료 문자 위치 변경
	response[FRAME_IDX_W_CHECKSUM] = checksum;
	response[FRAME_IDX_W_END] = '\n';

	// 5. 전송 루프 범위 변경 (10바이트)
	for (uint8_t i = 0; i < 10; i++) {
    156e:	1f 5f       	subi	r17, 0xFF	; 255
    1570:	1a 30       	cpi	r17, 0x0A	; 10
    1572:	a0 f3       	brcs	.-24     	; 0x155c <send_response+0x3e>
		uart_tx(response[i]);
	}
}
    1574:	2a 96       	adiw	r28, 0x0a	; 10
    1576:	0f b6       	in	r0, 0x3f	; 63
    1578:	f8 94       	cli
    157a:	de bf       	out	0x3e, r29	; 62
    157c:	0f be       	out	0x3f, r0	; 63
    157e:	cd bf       	out	0x3d, r28	; 61
    1580:	df 91       	pop	r29
    1582:	cf 91       	pop	r28
    1584:	1f 91       	pop	r17
    1586:	0f 91       	pop	r16
    1588:	08 95       	ret

0000158a <process_packet>:
/**
 * @brief 수신된 패킷을 파싱하고 처리합니다. (Slave 로직) 
 * @param buffer 수신된 전체 패킷 ('$'...'\n' 포함)
 * @param length 패킷의 전체 길이
 */
void process_packet(uint8_t *buffer, uint8_t length) {
    158a:	8f 92       	push	r8
    158c:	9f 92       	push	r9
    158e:	af 92       	push	r10
    1590:	bf 92       	push	r11
    1592:	cf 92       	push	r12
    1594:	df 92       	push	r13
    1596:	ef 92       	push	r14
    1598:	ff 92       	push	r15
    159a:	0f 93       	push	r16
    159c:	1f 93       	push	r17
    159e:	cf 93       	push	r28
    15a0:	df 93       	push	r29
    15a2:	00 d0       	rcall	.+0      	; 0x15a4 <process_packet+0x1a>
    15a4:	00 d0       	rcall	.+0      	; 0x15a6 <process_packet+0x1c>
    15a6:	cd b7       	in	r28, 0x3d	; 61
    15a8:	de b7       	in	r29, 0x3e	; 62
	// 'R' 요청 자체는 6바이트일 수 있지만, 프로토콜 일관성을 위해
	// 'R' 응답도 4바이트 데이터를 포함하도록 변경하는 것을 가정합니다.
	// 여기서는 'W' 명령만 10바이트라고 가정하고, 'R'은 6바이트로 유지해 봅니다.
	// (이 부분은 프로토콜 정책에 따라 달라집니다)

	if (length < 6) {
    15aa:	66 30       	cpi	r22, 0x06	; 6
    15ac:	08 f4       	brcc	.+2      	; 0x15b0 <process_packet+0x26>
    15ae:	99 c0       	rjmp	.+306    	; 0x16e2 <process_packet+0x158>
		return;
	}

	uint8_t slave_id = buffer[FRAME_IDX_SlaveID]; // ID
    15b0:	fc 01       	movw	r30, r24
    15b2:	f1 80       	ldd	r15, Z+1	; 0x01
	if (slave_id != MY_SLAVE_ID) {
    15b4:	f1 e0       	ldi	r31, 0x01	; 1
    15b6:	ff 12       	cpse	r15, r31
    15b8:	94 c0       	rjmp	.+296    	; 0x16e2 <process_packet+0x158>
		return;
	}

	uint8_t cmd = buffer[FRAME_IDX_CMD];  // Cmd
    15ba:	fc 01       	movw	r30, r24
    15bc:	e2 80       	ldd	r14, Z+2	; 0x02
	uint8_t addr = buffer[FRAME_IDX_ADDR]; // Addr
    15be:	d3 80       	ldd	r13, Z+3	; 0x03
	uint8_t received_checksum;
	uint8_t calculated_checksum;
	uint8_t data_len_for_checksum;

	if (cmd == 'W') {
    15c0:	f7 e5       	ldi	r31, 0x57	; 87
    15c2:	ef 12       	cpse	r14, r31
    15c4:	07 c0       	rjmp	.+14     	; 0x15d4 <process_packet+0x4a>
		// 'W' 명령은 10바이트여야 함 ($ ID W Addr D0 D1 D2 D3 Chk \n)
		if (length != 10) {
    15c6:	6a 30       	cpi	r22, 0x0A	; 10
    15c8:	09 f0       	breq	.+2      	; 0x15cc <process_packet+0x42>
    15ca:	8b c0       	rjmp	.+278    	; 0x16e2 <process_packet+0x158>
			return; // 'W' 명령 길이 불일치
		}
		
		// 체크섬은 9번째 바이트 (인덱스 8)
		received_checksum = buffer[FRAME_IDX_W_CHECKSUM];
    15cc:	fc 01       	movw	r30, r24
    15ce:	c0 84       	ldd	r12, Z+8	; 0x08
		
		// 체크섬 계산 범위: ID, Cmd, Addr, D0, D1, D2, D3 (총 7바이트)
		data_len_for_checksum = 7;
    15d0:	67 e0       	ldi	r22, 0x07	; 7
    15d2:	09 c0       	rjmp	.+18     	; 0x15e6 <process_packet+0x5c>
		
	} else if (cmd == 'R') {
    15d4:	f2 e5       	ldi	r31, 0x52	; 82
    15d6:	ef 12       	cpse	r14, r31
    15d8:	84 c0       	rjmp	.+264    	; 0x16e2 <process_packet+0x158>
		// 'R' 명령은 6바이트로 유지한다고 가정 ($ ID R Addr Chk \n)
		if (length != 6) {
    15da:	66 30       	cpi	r22, 0x06	; 6
    15dc:	09 f0       	breq	.+2      	; 0x15e0 <process_packet+0x56>
    15de:	81 c0       	rjmp	.+258    	; 0x16e2 <process_packet+0x158>
			return; // 'R' 명령 길이 불일치
		}
		
		received_checksum = buffer[FRAME_IDX_R_CHECKSUM];
    15e0:	fc 01       	movw	r30, r24
    15e2:	c4 80       	ldd	r12, Z+4	; 0x04
		data_len_for_checksum = 3; // ID, Cmd, Addr
    15e4:	63 e0       	ldi	r22, 0x03	; 3
    15e6:	8c 01       	movw	r16, r24
		
	} else {
		return; // 알 수 없는 명령
	}
	
	calculated_checksum = calculate_checksum(&buffer[1], data_len_for_checksum);
    15e8:	01 96       	adiw	r24, 0x01	; 1
    15ea:	0e 94 82 0a 	call	0x1504	; 0x1504 <calculate_checksum>

	if (received_checksum != calculated_checksum) {
    15ee:	c8 12       	cpse	r12, r24
    15f0:	78 c0       	rjmp	.+240    	; 0x16e2 <process_packet+0x158>
		return; // 체크섬 오류
	}
	
	// --- 체크섬 통과 ---
	
	uint32_t data_32bit = 0; // 32비트 데이터를 저장할 변수
    15f2:	19 82       	std	Y+1, r1	; 0x01
    15f4:	1a 82       	std	Y+2, r1	; 0x02
    15f6:	1b 82       	std	Y+3, r1	; 0x03
    15f8:	1c 82       	std	Y+4, r1	; 0x04

	if (cmd == 'W') {
    15fa:	f7 e5       	ldi	r31, 0x57	; 87
    15fc:	ef 12       	cpse	r14, r31
    15fe:	56 c0       	rjmp	.+172    	; 0x16ac <process_packet+0x122>
		// 4. (핵심) 4바이트(D0~D3)를 32비트 int로 조립 (Big-Endian)
		uint8_t d0 = buffer[FRAME_IDX_W_DATA_D0]; // 0x01 (MSB)
    1600:	f8 01       	movw	r30, r16
    1602:	84 80       	ldd	r8, Z+4	; 0x04
		uint8_t d1 = buffer[FRAME_IDX_W_DATA_D1]; // 0x02
    1604:	95 81       	ldd	r25, Z+5	; 0x05
		uint8_t d2 = buffer[FRAME_IDX_W_DATA_D2]; // 0x03
    1606:	46 81       	ldd	r20, Z+6	; 0x06
		uint8_t d3 = buffer[FRAME_IDX_W_DATA_D3]; // 0x04 (LSB)
    1608:	27 81       	ldd	r18, Z+7	; 0x07
		
		// (uint32_t)로 먼저 캐스팅 후 비트 이동, 마지막에 int32_t로 변환
		data_32bit = (((uint32_t)d0 << 24) |
    160a:	91 2c       	mov	r9, r1
    160c:	a1 2c       	mov	r10, r1
    160e:	b1 2c       	mov	r11, r1
    1610:	b8 2c       	mov	r11, r8
    1612:	aa 24       	eor	r10, r10
    1614:	99 24       	eor	r9, r9
    1616:	88 24       	eor	r8, r8
		((uint32_t)d1 << 16) |
    1618:	89 2f       	mov	r24, r25
    161a:	90 e0       	ldi	r25, 0x00	; 0
    161c:	a0 e0       	ldi	r26, 0x00	; 0
    161e:	b0 e0       	ldi	r27, 0x00	; 0
    1620:	dc 01       	movw	r26, r24
    1622:	99 27       	eor	r25, r25
    1624:	88 27       	eor	r24, r24
		uint8_t d1 = buffer[FRAME_IDX_W_DATA_D1]; // 0x02
		uint8_t d2 = buffer[FRAME_IDX_W_DATA_D2]; // 0x03
		uint8_t d3 = buffer[FRAME_IDX_W_DATA_D3]; // 0x04 (LSB)
		
		// (uint32_t)로 먼저 캐스팅 후 비트 이동, 마지막에 int32_t로 변환
		data_32bit = (((uint32_t)d0 << 24) |
    1626:	88 29       	or	r24, r8
    1628:	99 29       	or	r25, r9
    162a:	aa 29       	or	r26, r10
    162c:	bb 29       	or	r27, r11
		((uint32_t)d1 << 16) |
		((uint32_t)d2 << 8)  |
    162e:	50 e0       	ldi	r21, 0x00	; 0
    1630:	60 e0       	ldi	r22, 0x00	; 0
    1632:	70 e0       	ldi	r23, 0x00	; 0
    1634:	76 2f       	mov	r23, r22
    1636:	65 2f       	mov	r22, r21
    1638:	54 2f       	mov	r21, r20
    163a:	44 27       	eor	r20, r20
		uint8_t d2 = buffer[FRAME_IDX_W_DATA_D2]; // 0x03
		uint8_t d3 = buffer[FRAME_IDX_W_DATA_D3]; // 0x04 (LSB)
		
		// (uint32_t)로 먼저 캐스팅 후 비트 이동, 마지막에 int32_t로 변환
		data_32bit = (((uint32_t)d0 << 24) |
		((uint32_t)d1 << 16) |
    163c:	84 2b       	or	r24, r20
    163e:	95 2b       	or	r25, r21
    1640:	a6 2b       	or	r26, r22
    1642:	b7 2b       	or	r27, r23
		((uint32_t)d2 << 8)  |
    1644:	82 2b       	or	r24, r18
		uint8_t d1 = buffer[FRAME_IDX_W_DATA_D1]; // 0x02
		uint8_t d2 = buffer[FRAME_IDX_W_DATA_D2]; // 0x03
		uint8_t d3 = buffer[FRAME_IDX_W_DATA_D3]; // 0x04 (LSB)
		
		// (uint32_t)로 먼저 캐스팅 후 비트 이동, 마지막에 int32_t로 변환
		data_32bit = (((uint32_t)d0 << 24) |
    1646:	89 83       	std	Y+1, r24	; 0x01
    1648:	9a 83       	std	Y+2, r25	; 0x02
    164a:	ab 83       	std	Y+3, r26	; 0x03
    164c:	bc 83       	std	Y+4, r27	; 0x04
		//}
		
		/* 6. 큐로 데이터 전송
		/* 명령 수행
		**/
		if (addr == 1) {
    164e:	f1 e0       	ldi	r31, 0x01	; 1
    1650:	df 12       	cpse	r13, r31
    1652:	0d c0       	rjmp	.+26     	; 0x166e <process_packet+0xe4>
			xQueueSendToBack(xMoter1Queue, &data_32bit, portMAX_DELAY);
    1654:	20 e0       	ldi	r18, 0x00	; 0
    1656:	4f ef       	ldi	r20, 0xFF	; 255
    1658:	5f ef       	ldi	r21, 0xFF	; 255
    165a:	be 01       	movw	r22, r28
    165c:	6f 5f       	subi	r22, 0xFF	; 255
    165e:	7f 4f       	sbci	r23, 0xFF	; 255
    1660:	80 91 74 07 	lds	r24, 0x0774	; 0x800774 <xMoter1Queue>
    1664:	90 91 75 07 	lds	r25, 0x0775	; 0x800775 <xMoter1Queue+0x1>
    1668:	0e 94 ab 03 	call	0x756	; 0x756 <xQueueGenericSend>
    166c:	15 c0       	rjmp	.+42     	; 0x1698 <process_packet+0x10e>
		} else if (addr == 2) {
    166e:	22 e0       	ldi	r18, 0x02	; 2
    1670:	d2 12       	cpse	r13, r18
    1672:	0d c0       	rjmp	.+26     	; 0x168e <process_packet+0x104>
			xQueueSendToBack(xMoter2Queue, &data_32bit, portMAX_DELAY);
    1674:	20 e0       	ldi	r18, 0x00	; 0
    1676:	4f ef       	ldi	r20, 0xFF	; 255
    1678:	5f ef       	ldi	r21, 0xFF	; 255
    167a:	be 01       	movw	r22, r28
    167c:	6f 5f       	subi	r22, 0xFF	; 255
    167e:	7f 4f       	sbci	r23, 0xFF	; 255
    1680:	80 91 72 07 	lds	r24, 0x0772	; 0x800772 <xMoter2Queue>
    1684:	90 91 73 07 	lds	r25, 0x0773	; 0x800773 <xMoter2Queue+0x1>
    1688:	0e 94 ab 03 	call	0x756	; 0x756 <xQueueGenericSend>
    168c:	05 c0       	rjmp	.+10     	; 0x1698 <process_packet+0x10e>
		}else if(addr == 3){
    168e:	83 e0       	ldi	r24, 0x03	; 3
    1690:	d8 12       	cpse	r13, r24
    1692:	02 c0       	rjmp	.+4      	; 0x1698 <process_packet+0x10e>
			all_stop_motor();
    1694:	0e 94 7b 0a 	call	0x14f6	; 0x14f6 <all_stop_motor>
		}
	
		// 7. 'W' 응답 (수정된 send_response 호출)
		send_response(slave_id, cmd, addr, data_32bit);
    1698:	09 81       	ldd	r16, Y+1	; 0x01
    169a:	1a 81       	ldd	r17, Y+2	; 0x02
    169c:	2b 81       	ldd	r18, Y+3	; 0x03
    169e:	3c 81       	ldd	r19, Y+4	; 0x04
    16a0:	4d 2d       	mov	r20, r13
    16a2:	6e 2d       	mov	r22, r14
    16a4:	8f 2d       	mov	r24, r15
    16a6:	0e 94 8f 0a 	call	0x151e	; 0x151e <send_response>
    16aa:	1b c0       	rjmp	.+54     	; 0x16e2 <process_packet+0x158>

		} else if (cmd == 'R') {
    16ac:	e2 e5       	ldi	r30, 0x52	; 82
    16ae:	ee 12       	cpse	r14, r30
    16b0:	18 c0       	rjmp	.+48     	; 0x16e2 <process_packet+0x158>
		// 'R' 명령은 g_device_registers에서 32비트 값을 읽어 응답
		if (addr < 4) {
    16b2:	f3 e0       	ldi	r31, 0x03	; 3
    16b4:	fd 15       	cp	r31, r13
    16b6:	60 f0       	brcs	.+24     	; 0x16d0 <process_packet+0x146>
			data_32bit = g_device_registers[addr];
    16b8:	ed 2d       	mov	r30, r13
    16ba:	f0 e0       	ldi	r31, 0x00	; 0
    16bc:	e8 58       	subi	r30, 0x88	; 136
    16be:	f8 4f       	sbci	r31, 0xF8	; 248
    16c0:	80 81       	ld	r24, Z
    16c2:	90 e0       	ldi	r25, 0x00	; 0
    16c4:	a0 e0       	ldi	r26, 0x00	; 0
    16c6:	b0 e0       	ldi	r27, 0x00	; 0
    16c8:	89 83       	std	Y+1, r24	; 0x01
    16ca:	9a 83       	std	Y+2, r25	; 0x02
    16cc:	ab 83       	std	Y+3, r26	; 0x03
    16ce:	bc 83       	std	Y+4, r27	; 0x04
		}
		
		// 7. 'R' 응답 (수정된 send_response 호출)
		send_response(slave_id, cmd, addr, data_32bit);
    16d0:	09 81       	ldd	r16, Y+1	; 0x01
    16d2:	1a 81       	ldd	r17, Y+2	; 0x02
    16d4:	2b 81       	ldd	r18, Y+3	; 0x03
    16d6:	3c 81       	ldd	r19, Y+4	; 0x04
    16d8:	4d 2d       	mov	r20, r13
    16da:	6e 2d       	mov	r22, r14
    16dc:	8f 2d       	mov	r24, r15
    16de:	0e 94 8f 0a 	call	0x151e	; 0x151e <send_response>
	}
    16e2:	0f 90       	pop	r0
    16e4:	0f 90       	pop	r0
    16e6:	0f 90       	pop	r0
    16e8:	0f 90       	pop	r0
    16ea:	df 91       	pop	r29
    16ec:	cf 91       	pop	r28
    16ee:	1f 91       	pop	r17
    16f0:	0f 91       	pop	r16
    16f2:	ff 90       	pop	r15
    16f4:	ef 90       	pop	r14
    16f6:	df 90       	pop	r13
    16f8:	cf 90       	pop	r12
    16fa:	bf 90       	pop	r11
    16fc:	af 90       	pop	r10
    16fe:	9f 90       	pop	r9
    1700:	8f 90       	pop	r8
    1702:	08 95       	ret

00001704 <__vector_16>:
	}

	// 총 마이크로초 계산
	// (오버플로우 횟수 * 256 + 현재 타이머값) * 타이머 틱당 μs
	return ((m << 8) + t) * (64 / (F_CPU / 1000000UL));
}
    1704:	1f 92       	push	r1
    1706:	0f 92       	push	r0
    1708:	0f b6       	in	r0, 0x3f	; 63
    170a:	0f 92       	push	r0
    170c:	11 24       	eor	r1, r1
    170e:	0f 93       	push	r16
    1710:	1f 93       	push	r17
    1712:	2f 93       	push	r18
    1714:	3f 93       	push	r19
    1716:	4f 93       	push	r20
    1718:	5f 93       	push	r21
    171a:	6f 93       	push	r22
    171c:	7f 93       	push	r23
    171e:	8f 93       	push	r24
    1720:	9f 93       	push	r25
    1722:	af 93       	push	r26
    1724:	bf 93       	push	r27
    1726:	00 91 89 07 	lds	r16, 0x0789	; 0x800789 <timer0_millis>
    172a:	10 91 8a 07 	lds	r17, 0x078A	; 0x80078a <timer0_millis+0x1>
    172e:	20 91 8b 07 	lds	r18, 0x078B	; 0x80078b <timer0_millis+0x2>
    1732:	30 91 8c 07 	lds	r19, 0x078C	; 0x80078c <timer0_millis+0x3>
    1736:	90 91 88 07 	lds	r25, 0x0788	; 0x800788 <timer0_fract>
    173a:	b9 01       	movw	r22, r18
    173c:	a8 01       	movw	r20, r16
    173e:	4f 5f       	subi	r20, 0xFF	; 255
    1740:	5f 4f       	sbci	r21, 0xFF	; 255
    1742:	6f 4f       	sbci	r22, 0xFF	; 255
    1744:	7f 4f       	sbci	r23, 0xFF	; 255
    1746:	83 e0       	ldi	r24, 0x03	; 3
    1748:	89 0f       	add	r24, r25
    174a:	8d 37       	cpi	r24, 0x7D	; 125
    174c:	40 f0       	brcs	.+16     	; 0x175e <__vector_16+0x5a>
    174e:	86 e8       	ldi	r24, 0x86	; 134
    1750:	89 0f       	add	r24, r25
    1752:	b9 01       	movw	r22, r18
    1754:	a8 01       	movw	r20, r16
    1756:	4e 5f       	subi	r20, 0xFE	; 254
    1758:	5f 4f       	sbci	r21, 0xFF	; 255
    175a:	6f 4f       	sbci	r22, 0xFF	; 255
    175c:	7f 4f       	sbci	r23, 0xFF	; 255
    175e:	80 93 88 07 	sts	0x0788, r24	; 0x800788 <timer0_fract>
    1762:	40 93 89 07 	sts	0x0789, r20	; 0x800789 <timer0_millis>
    1766:	50 93 8a 07 	sts	0x078A, r21	; 0x80078a <timer0_millis+0x1>
    176a:	60 93 8b 07 	sts	0x078B, r22	; 0x80078b <timer0_millis+0x2>
    176e:	70 93 8c 07 	sts	0x078C, r23	; 0x80078c <timer0_millis+0x3>
    1772:	80 91 8d 07 	lds	r24, 0x078D	; 0x80078d <timer0_overflow_count>
    1776:	90 91 8e 07 	lds	r25, 0x078E	; 0x80078e <timer0_overflow_count+0x1>
    177a:	a0 91 8f 07 	lds	r26, 0x078F	; 0x80078f <timer0_overflow_count+0x2>
    177e:	b0 91 90 07 	lds	r27, 0x0790	; 0x800790 <timer0_overflow_count+0x3>
    1782:	01 96       	adiw	r24, 0x01	; 1
    1784:	a1 1d       	adc	r26, r1
    1786:	b1 1d       	adc	r27, r1
    1788:	80 93 8d 07 	sts	0x078D, r24	; 0x80078d <timer0_overflow_count>
    178c:	90 93 8e 07 	sts	0x078E, r25	; 0x80078e <timer0_overflow_count+0x1>
    1790:	a0 93 8f 07 	sts	0x078F, r26	; 0x80078f <timer0_overflow_count+0x2>
    1794:	b0 93 90 07 	sts	0x0790, r27	; 0x800790 <timer0_overflow_count+0x3>
    1798:	bf 91       	pop	r27
    179a:	af 91       	pop	r26
    179c:	9f 91       	pop	r25
    179e:	8f 91       	pop	r24
    17a0:	7f 91       	pop	r23
    17a2:	6f 91       	pop	r22
    17a4:	5f 91       	pop	r21
    17a6:	4f 91       	pop	r20
    17a8:	3f 91       	pop	r19
    17aa:	2f 91       	pop	r18
    17ac:	1f 91       	pop	r17
    17ae:	0f 91       	pop	r16
    17b0:	0f 90       	pop	r0
    17b2:	0f be       	out	0x3f, r0	; 63
    17b4:	0f 90       	pop	r0
    17b6:	1f 90       	pop	r1
    17b8:	18 95       	reti

000017ba <timer0_init>:
    17ba:	f8 94       	cli
    17bc:	14 bc       	out	0x24, r1	; 36
    17be:	83 e0       	ldi	r24, 0x03	; 3
    17c0:	85 bd       	out	0x25, r24	; 37
    17c2:	ee e6       	ldi	r30, 0x6E	; 110
    17c4:	f0 e0       	ldi	r31, 0x00	; 0
    17c6:	80 81       	ld	r24, Z
    17c8:	81 60       	ori	r24, 0x01	; 1
    17ca:	80 83       	st	Z, r24
    17cc:	10 92 8d 07 	sts	0x078D, r1	; 0x80078d <timer0_overflow_count>
    17d0:	10 92 8e 07 	sts	0x078E, r1	; 0x80078e <timer0_overflow_count+0x1>
    17d4:	10 92 8f 07 	sts	0x078F, r1	; 0x80078f <timer0_overflow_count+0x2>
    17d8:	10 92 90 07 	sts	0x0790, r1	; 0x800790 <timer0_overflow_count+0x3>
    17dc:	10 92 89 07 	sts	0x0789, r1	; 0x800789 <timer0_millis>
    17e0:	10 92 8a 07 	sts	0x078A, r1	; 0x80078a <timer0_millis+0x1>
    17e4:	10 92 8b 07 	sts	0x078B, r1	; 0x80078b <timer0_millis+0x2>
    17e8:	10 92 8c 07 	sts	0x078C, r1	; 0x80078c <timer0_millis+0x3>
    17ec:	10 92 88 07 	sts	0x0788, r1	; 0x800788 <timer0_fract>
    17f0:	78 94       	sei
    17f2:	08 95       	ret

000017f4 <millis>:
    17f4:	2f b7       	in	r18, 0x3f	; 63
    17f6:	f8 94       	cli
    17f8:	31 e0       	ldi	r19, 0x01	; 1
    17fa:	09 c0       	rjmp	.+18     	; 0x180e <millis+0x1a>
    17fc:	60 91 89 07 	lds	r22, 0x0789	; 0x800789 <timer0_millis>
    1800:	70 91 8a 07 	lds	r23, 0x078A	; 0x80078a <timer0_millis+0x1>
    1804:	80 91 8b 07 	lds	r24, 0x078B	; 0x80078b <timer0_millis+0x2>
    1808:	90 91 8c 07 	lds	r25, 0x078C	; 0x80078c <timer0_millis+0x3>
    180c:	30 e0       	ldi	r19, 0x00	; 0
    180e:	31 11       	cpse	r19, r1
    1810:	f5 cf       	rjmp	.-22     	; 0x17fc <millis+0x8>
    1812:	2f bf       	out	0x3f, r18	; 63
    1814:	08 95       	ret

00001816 <delay>:

// 딜레이 함수 (밀리초)
void delay(double ms) {
    1816:	8f 92       	push	r8
    1818:	9f 92       	push	r9
    181a:	af 92       	push	r10
    181c:	bf 92       	push	r11
    181e:	cf 92       	push	r12
    1820:	df 92       	push	r13
    1822:	ef 92       	push	r14
    1824:	ff 92       	push	r15
    1826:	4b 01       	movw	r8, r22
    1828:	5c 01       	movw	r10, r24
	uint32_t start = millis();
    182a:	0e 94 fa 0b 	call	0x17f4	; 0x17f4 <millis>
    182e:	6b 01       	movw	r12, r22
    1830:	7c 01       	movw	r14, r24

	while ((millis() - start) < ms) {
    1832:	0e 94 fa 0b 	call	0x17f4	; 0x17f4 <millis>
    1836:	6c 19       	sub	r22, r12
    1838:	7d 09       	sbc	r23, r13
    183a:	8e 09       	sbc	r24, r14
    183c:	9f 09       	sbc	r25, r15
    183e:	0e 94 81 0d 	call	0x1b02	; 0x1b02 <__floatunsisf>
    1842:	a5 01       	movw	r20, r10
    1844:	94 01       	movw	r18, r8
    1846:	0e 94 0a 0d 	call	0x1a14	; 0x1a14 <__cmpsf2>
    184a:	88 23       	and	r24, r24
    184c:	94 f3       	brlt	.-28     	; 0x1832 <delay+0x1c>
		// 대기
	}
    184e:	ff 90       	pop	r15
    1850:	ef 90       	pop	r14
    1852:	df 90       	pop	r13
    1854:	cf 90       	pop	r12
    1856:	bf 90       	pop	r11
    1858:	af 90       	pop	r10
    185a:	9f 90       	pop	r9
    185c:	8f 90       	pop	r8
    185e:	08 95       	ret

00001860 <__vector_18>:
    1860:	1f 92       	push	r1
    1862:	0f 92       	push	r0
    1864:	0f b6       	in	r0, 0x3f	; 63
    1866:	0f 92       	push	r0
    1868:	11 24       	eor	r1, r1
    186a:	2f 93       	push	r18
    186c:	3f 93       	push	r19
    186e:	8f 93       	push	r24
    1870:	9f 93       	push	r25
    1872:	ef 93       	push	r30
    1874:	ff 93       	push	r31
    1876:	30 91 c6 00 	lds	r19, 0x00C6	; 0x8000c6 <__TEXT_REGION_LENGTH__+0x7f80c6>
    187a:	80 91 92 07 	lds	r24, 0x0792	; 0x800792 <rx_head>
    187e:	90 e0       	ldi	r25, 0x00	; 0
    1880:	01 96       	adiw	r24, 0x01	; 1
    1882:	8f 73       	andi	r24, 0x3F	; 63
    1884:	90 78       	andi	r25, 0x80	; 128
    1886:	99 23       	and	r25, r25
    1888:	24 f4       	brge	.+8      	; 0x1892 <__vector_18+0x32>
    188a:	01 97       	sbiw	r24, 0x01	; 1
    188c:	80 6c       	ori	r24, 0xC0	; 192
    188e:	9f 6f       	ori	r25, 0xFF	; 255
    1890:	01 96       	adiw	r24, 0x01	; 1
    1892:	20 91 91 07 	lds	r18, 0x0791	; 0x800791 <rx_tail>
    1896:	28 17       	cp	r18, r24
    1898:	41 f0       	breq	.+16     	; 0x18aa <__vector_18+0x4a>
    189a:	e0 91 92 07 	lds	r30, 0x0792	; 0x800792 <rx_head>
    189e:	f0 e0       	ldi	r31, 0x00	; 0
    18a0:	eb 56       	subi	r30, 0x6B	; 107
    18a2:	f8 4f       	sbci	r31, 0xF8	; 248
    18a4:	30 83       	st	Z, r19
    18a6:	80 93 92 07 	sts	0x0792, r24	; 0x800792 <rx_head>
    18aa:	ff 91       	pop	r31
    18ac:	ef 91       	pop	r30
    18ae:	9f 91       	pop	r25
    18b0:	8f 91       	pop	r24
    18b2:	3f 91       	pop	r19
    18b4:	2f 91       	pop	r18
    18b6:	0f 90       	pop	r0
    18b8:	0f be       	out	0x3f, r0	; 63
    18ba:	0f 90       	pop	r0
    18bc:	1f 90       	pop	r1
    18be:	18 95       	reti

000018c0 <__vector_19>:
    18c0:	1f 92       	push	r1
    18c2:	0f 92       	push	r0
    18c4:	0f b6       	in	r0, 0x3f	; 63
    18c6:	0f 92       	push	r0
    18c8:	11 24       	eor	r1, r1
    18ca:	8f 93       	push	r24
    18cc:	9f 93       	push	r25
    18ce:	ef 93       	push	r30
    18d0:	ff 93       	push	r31
    18d2:	90 91 94 07 	lds	r25, 0x0794	; 0x800794 <tx_head>
    18d6:	80 91 93 07 	lds	r24, 0x0793	; 0x800793 <tx_tail>
    18da:	98 13       	cpse	r25, r24
    18dc:	06 c0       	rjmp	.+12     	; 0x18ea <__vector_19+0x2a>
    18de:	e1 ec       	ldi	r30, 0xC1	; 193
    18e0:	f0 e0       	ldi	r31, 0x00	; 0
    18e2:	80 81       	ld	r24, Z
    18e4:	8f 7d       	andi	r24, 0xDF	; 223
    18e6:	80 83       	st	Z, r24
    18e8:	14 c0       	rjmp	.+40     	; 0x1912 <__vector_19+0x52>
    18ea:	e0 91 93 07 	lds	r30, 0x0793	; 0x800793 <tx_tail>
    18ee:	f0 e0       	ldi	r31, 0x00	; 0
    18f0:	eb 52       	subi	r30, 0x2B	; 43
    18f2:	f8 4f       	sbci	r31, 0xF8	; 248
    18f4:	80 81       	ld	r24, Z
    18f6:	80 93 c6 00 	sts	0x00C6, r24	; 0x8000c6 <__TEXT_REGION_LENGTH__+0x7f80c6>
    18fa:	80 91 93 07 	lds	r24, 0x0793	; 0x800793 <tx_tail>
    18fe:	90 e0       	ldi	r25, 0x00	; 0
    1900:	01 96       	adiw	r24, 0x01	; 1
    1902:	90 78       	andi	r25, 0x80	; 128
    1904:	99 23       	and	r25, r25
    1906:	1c f4       	brge	.+6      	; 0x190e <__vector_19+0x4e>
    1908:	01 97       	sbiw	r24, 0x01	; 1
    190a:	9f 6f       	ori	r25, 0xFF	; 255
    190c:	01 96       	adiw	r24, 0x01	; 1
    190e:	80 93 93 07 	sts	0x0793, r24	; 0x800793 <tx_tail>
    1912:	ff 91       	pop	r31
    1914:	ef 91       	pop	r30
    1916:	9f 91       	pop	r25
    1918:	8f 91       	pop	r24
    191a:	0f 90       	pop	r0
    191c:	0f be       	out	0x3f, r0	; 63
    191e:	0f 90       	pop	r0
    1920:	1f 90       	pop	r1
    1922:	18 95       	reti

00001924 <__vector_20>:
    1924:	1f 92       	push	r1
    1926:	0f 92       	push	r0
    1928:	0f b6       	in	r0, 0x3f	; 63
    192a:	0f 92       	push	r0
    192c:	11 24       	eor	r1, r1
    192e:	8f 93       	push	r24
    1930:	9f 93       	push	r25
    1932:	90 91 94 07 	lds	r25, 0x0794	; 0x800794 <tx_head>
    1936:	80 91 93 07 	lds	r24, 0x0793	; 0x800793 <tx_tail>
    193a:	98 13       	cpse	r25, r24
    193c:	03 c0       	rjmp	.+6      	; 0x1944 <__vector_20+0x20>
    193e:	8b b1       	in	r24, 0x0b	; 11
    1940:	83 7f       	andi	r24, 0xF3	; 243
    1942:	8b b9       	out	0x0b, r24	; 11
    1944:	9f 91       	pop	r25
    1946:	8f 91       	pop	r24
    1948:	0f 90       	pop	r0
    194a:	0f be       	out	0x3f, r0	; 63
    194c:	0f 90       	pop	r0
    194e:	1f 90       	pop	r1
    1950:	18 95       	reti

00001952 <uart_init>:
    1952:	10 92 c5 00 	sts	0x00C5, r1	; 0x8000c5 <__TEXT_REGION_LENGTH__+0x7f80c5>
    1956:	87 e6       	ldi	r24, 0x67	; 103
    1958:	80 93 c4 00 	sts	0x00C4, r24	; 0x8000c4 <__TEXT_REGION_LENGTH__+0x7f80c4>
    195c:	88 ed       	ldi	r24, 0xD8	; 216
    195e:	80 93 c1 00 	sts	0x00C1, r24	; 0x8000c1 <__TEXT_REGION_LENGTH__+0x7f80c1>
    1962:	86 e0       	ldi	r24, 0x06	; 6
    1964:	80 93 c2 00 	sts	0x00C2, r24	; 0x8000c2 <__TEXT_REGION_LENGTH__+0x7f80c2>
    1968:	8a b1       	in	r24, 0x0a	; 10
    196a:	8c 60       	ori	r24, 0x0C	; 12
    196c:	8a b9       	out	0x0a, r24	; 10
    196e:	8b b1       	in	r24, 0x0b	; 11
    1970:	83 7f       	andi	r24, 0xF3	; 243
    1972:	8b b9       	out	0x0b, r24	; 11
    1974:	e0 ec       	ldi	r30, 0xC0	; 192
    1976:	f0 e0       	ldi	r31, 0x00	; 0
    1978:	80 81       	ld	r24, Z
    197a:	80 64       	ori	r24, 0x40	; 64
    197c:	80 83       	st	Z, r24
    197e:	08 95       	ret

00001980 <uart_tx>:
    1980:	cf 93       	push	r28
    1982:	c8 2f       	mov	r28, r24
    1984:	8b b1       	in	r24, 0x0b	; 11
    1986:	8c 60       	ori	r24, 0x0C	; 12
    1988:	8b b9       	out	0x0b, r24	; 11
    198a:	80 91 94 07 	lds	r24, 0x0794	; 0x800794 <tx_head>
    198e:	90 e0       	ldi	r25, 0x00	; 0
    1990:	01 96       	adiw	r24, 0x01	; 1
    1992:	90 78       	andi	r25, 0x80	; 128
    1994:	99 23       	and	r25, r25
    1996:	1c f4       	brge	.+6      	; 0x199e <uart_tx+0x1e>
    1998:	01 97       	sbiw	r24, 0x01	; 1
    199a:	9f 6f       	ori	r25, 0xFF	; 255
    199c:	01 96       	adiw	r24, 0x01	; 1
    199e:	90 91 93 07 	lds	r25, 0x0793	; 0x800793 <tx_tail>
    19a2:	89 13       	cpse	r24, r25
    19a4:	05 c0       	rjmp	.+10     	; 0x19b0 <uart_tx+0x30>
    19a6:	81 e0       	ldi	r24, 0x01	; 1
    19a8:	90 e0       	ldi	r25, 0x00	; 0
    19aa:	0e 94 17 08 	call	0x102e	; 0x102e <vTaskDelay>
    19ae:	ed cf       	rjmp	.-38     	; 0x198a <uart_tx+0xa>
    19b0:	e0 91 94 07 	lds	r30, 0x0794	; 0x800794 <tx_head>
    19b4:	f0 e0       	ldi	r31, 0x00	; 0
    19b6:	eb 52       	subi	r30, 0x2B	; 43
    19b8:	f8 4f       	sbci	r31, 0xF8	; 248
    19ba:	c0 83       	st	Z, r28
    19bc:	80 93 94 07 	sts	0x0794, r24	; 0x800794 <tx_head>
    19c0:	e1 ec       	ldi	r30, 0xC1	; 193
    19c2:	f0 e0       	ldi	r31, 0x00	; 0
    19c4:	80 81       	ld	r24, Z
    19c6:	80 62       	ori	r24, 0x20	; 32
    19c8:	80 83       	st	Z, r24
    19ca:	cf 91       	pop	r28
    19cc:	08 95       	ret

000019ce <uart_rx>:
    19ce:	04 c0       	rjmp	.+8      	; 0x19d8 <uart_rx+0xa>
    19d0:	81 e0       	ldi	r24, 0x01	; 1
    19d2:	90 e0       	ldi	r25, 0x00	; 0
    19d4:	0e 94 17 08 	call	0x102e	; 0x102e <vTaskDelay>
    19d8:	90 91 92 07 	lds	r25, 0x0792	; 0x800792 <rx_head>
    19dc:	80 91 91 07 	lds	r24, 0x0791	; 0x800791 <rx_tail>
    19e0:	98 17       	cp	r25, r24
    19e2:	b1 f3       	breq	.-20     	; 0x19d0 <uart_rx+0x2>
    19e4:	e0 91 91 07 	lds	r30, 0x0791	; 0x800791 <rx_tail>
    19e8:	f0 e0       	ldi	r31, 0x00	; 0
    19ea:	eb 56       	subi	r30, 0x6B	; 107
    19ec:	f8 4f       	sbci	r31, 0xF8	; 248
    19ee:	80 81       	ld	r24, Z
    19f0:	20 91 91 07 	lds	r18, 0x0791	; 0x800791 <rx_tail>
    19f4:	30 e0       	ldi	r19, 0x00	; 0
    19f6:	2f 5f       	subi	r18, 0xFF	; 255
    19f8:	3f 4f       	sbci	r19, 0xFF	; 255
    19fa:	2f 73       	andi	r18, 0x3F	; 63
    19fc:	30 78       	andi	r19, 0x80	; 128
    19fe:	33 23       	and	r19, r19
    1a00:	34 f4       	brge	.+12     	; 0x1a0e <uart_rx+0x40>
    1a02:	21 50       	subi	r18, 0x01	; 1
    1a04:	31 09       	sbc	r19, r1
    1a06:	20 6c       	ori	r18, 0xC0	; 192
    1a08:	3f 6f       	ori	r19, 0xFF	; 255
    1a0a:	2f 5f       	subi	r18, 0xFF	; 255
    1a0c:	3f 4f       	sbci	r19, 0xFF	; 255
    1a0e:	20 93 91 07 	sts	0x0791, r18	; 0x800791 <rx_tail>
    1a12:	08 95       	ret

00001a14 <__cmpsf2>:
    1a14:	0e 94 be 0d 	call	0x1b7c	; 0x1b7c <__fp_cmp>
    1a18:	08 f4       	brcc	.+2      	; 0x1a1c <__cmpsf2+0x8>
    1a1a:	81 e0       	ldi	r24, 0x01	; 1
    1a1c:	08 95       	ret

00001a1e <__divsf3>:
    1a1e:	0e 94 23 0d 	call	0x1a46	; 0x1a46 <__divsf3x>
    1a22:	0c 94 f9 0d 	jmp	0x1bf2	; 0x1bf2 <__fp_round>
    1a26:	0e 94 f2 0d 	call	0x1be4	; 0x1be4 <__fp_pscB>
    1a2a:	58 f0       	brcs	.+22     	; 0x1a42 <__divsf3+0x24>
    1a2c:	0e 94 eb 0d 	call	0x1bd6	; 0x1bd6 <__fp_pscA>
    1a30:	40 f0       	brcs	.+16     	; 0x1a42 <__divsf3+0x24>
    1a32:	29 f4       	brne	.+10     	; 0x1a3e <__divsf3+0x20>
    1a34:	5f 3f       	cpi	r21, 0xFF	; 255
    1a36:	29 f0       	breq	.+10     	; 0x1a42 <__divsf3+0x24>
    1a38:	0c 94 e2 0d 	jmp	0x1bc4	; 0x1bc4 <__fp_inf>
    1a3c:	51 11       	cpse	r21, r1
    1a3e:	0c 94 2d 0e 	jmp	0x1c5a	; 0x1c5a <__fp_szero>
    1a42:	0c 94 e8 0d 	jmp	0x1bd0	; 0x1bd0 <__fp_nan>

00001a46 <__divsf3x>:
    1a46:	0e 94 0a 0e 	call	0x1c14	; 0x1c14 <__fp_split3>
    1a4a:	68 f3       	brcs	.-38     	; 0x1a26 <__divsf3+0x8>

00001a4c <__divsf3_pse>:
    1a4c:	99 23       	and	r25, r25
    1a4e:	b1 f3       	breq	.-20     	; 0x1a3c <__divsf3+0x1e>
    1a50:	55 23       	and	r21, r21
    1a52:	91 f3       	breq	.-28     	; 0x1a38 <__divsf3+0x1a>
    1a54:	95 1b       	sub	r25, r21
    1a56:	55 0b       	sbc	r21, r21
    1a58:	bb 27       	eor	r27, r27
    1a5a:	aa 27       	eor	r26, r26
    1a5c:	62 17       	cp	r22, r18
    1a5e:	73 07       	cpc	r23, r19
    1a60:	84 07       	cpc	r24, r20
    1a62:	38 f0       	brcs	.+14     	; 0x1a72 <__divsf3_pse+0x26>
    1a64:	9f 5f       	subi	r25, 0xFF	; 255
    1a66:	5f 4f       	sbci	r21, 0xFF	; 255
    1a68:	22 0f       	add	r18, r18
    1a6a:	33 1f       	adc	r19, r19
    1a6c:	44 1f       	adc	r20, r20
    1a6e:	aa 1f       	adc	r26, r26
    1a70:	a9 f3       	breq	.-22     	; 0x1a5c <__divsf3_pse+0x10>
    1a72:	35 d0       	rcall	.+106    	; 0x1ade <__divsf3_pse+0x92>
    1a74:	0e 2e       	mov	r0, r30
    1a76:	3a f0       	brmi	.+14     	; 0x1a86 <__divsf3_pse+0x3a>
    1a78:	e0 e8       	ldi	r30, 0x80	; 128
    1a7a:	32 d0       	rcall	.+100    	; 0x1ae0 <__divsf3_pse+0x94>
    1a7c:	91 50       	subi	r25, 0x01	; 1
    1a7e:	50 40       	sbci	r21, 0x00	; 0
    1a80:	e6 95       	lsr	r30
    1a82:	00 1c       	adc	r0, r0
    1a84:	ca f7       	brpl	.-14     	; 0x1a78 <__divsf3_pse+0x2c>
    1a86:	2b d0       	rcall	.+86     	; 0x1ade <__divsf3_pse+0x92>
    1a88:	fe 2f       	mov	r31, r30
    1a8a:	29 d0       	rcall	.+82     	; 0x1ade <__divsf3_pse+0x92>
    1a8c:	66 0f       	add	r22, r22
    1a8e:	77 1f       	adc	r23, r23
    1a90:	88 1f       	adc	r24, r24
    1a92:	bb 1f       	adc	r27, r27
    1a94:	26 17       	cp	r18, r22
    1a96:	37 07       	cpc	r19, r23
    1a98:	48 07       	cpc	r20, r24
    1a9a:	ab 07       	cpc	r26, r27
    1a9c:	b0 e8       	ldi	r27, 0x80	; 128
    1a9e:	09 f0       	breq	.+2      	; 0x1aa2 <__divsf3_pse+0x56>
    1aa0:	bb 0b       	sbc	r27, r27
    1aa2:	80 2d       	mov	r24, r0
    1aa4:	bf 01       	movw	r22, r30
    1aa6:	ff 27       	eor	r31, r31
    1aa8:	93 58       	subi	r25, 0x83	; 131
    1aaa:	5f 4f       	sbci	r21, 0xFF	; 255
    1aac:	3a f0       	brmi	.+14     	; 0x1abc <__divsf3_pse+0x70>
    1aae:	9e 3f       	cpi	r25, 0xFE	; 254
    1ab0:	51 05       	cpc	r21, r1
    1ab2:	78 f0       	brcs	.+30     	; 0x1ad2 <__divsf3_pse+0x86>
    1ab4:	0c 94 e2 0d 	jmp	0x1bc4	; 0x1bc4 <__fp_inf>
    1ab8:	0c 94 2d 0e 	jmp	0x1c5a	; 0x1c5a <__fp_szero>
    1abc:	5f 3f       	cpi	r21, 0xFF	; 255
    1abe:	e4 f3       	brlt	.-8      	; 0x1ab8 <__divsf3_pse+0x6c>
    1ac0:	98 3e       	cpi	r25, 0xE8	; 232
    1ac2:	d4 f3       	brlt	.-12     	; 0x1ab8 <__divsf3_pse+0x6c>
    1ac4:	86 95       	lsr	r24
    1ac6:	77 95       	ror	r23
    1ac8:	67 95       	ror	r22
    1aca:	b7 95       	ror	r27
    1acc:	f7 95       	ror	r31
    1ace:	9f 5f       	subi	r25, 0xFF	; 255
    1ad0:	c9 f7       	brne	.-14     	; 0x1ac4 <__divsf3_pse+0x78>
    1ad2:	88 0f       	add	r24, r24
    1ad4:	91 1d       	adc	r25, r1
    1ad6:	96 95       	lsr	r25
    1ad8:	87 95       	ror	r24
    1ada:	97 f9       	bld	r25, 7
    1adc:	08 95       	ret
    1ade:	e1 e0       	ldi	r30, 0x01	; 1
    1ae0:	66 0f       	add	r22, r22
    1ae2:	77 1f       	adc	r23, r23
    1ae4:	88 1f       	adc	r24, r24
    1ae6:	bb 1f       	adc	r27, r27
    1ae8:	62 17       	cp	r22, r18
    1aea:	73 07       	cpc	r23, r19
    1aec:	84 07       	cpc	r24, r20
    1aee:	ba 07       	cpc	r27, r26
    1af0:	20 f0       	brcs	.+8      	; 0x1afa <__divsf3_pse+0xae>
    1af2:	62 1b       	sub	r22, r18
    1af4:	73 0b       	sbc	r23, r19
    1af6:	84 0b       	sbc	r24, r20
    1af8:	ba 0b       	sbc	r27, r26
    1afa:	ee 1f       	adc	r30, r30
    1afc:	88 f7       	brcc	.-30     	; 0x1ae0 <__divsf3_pse+0x94>
    1afe:	e0 95       	com	r30
    1b00:	08 95       	ret

00001b02 <__floatunsisf>:
    1b02:	e8 94       	clt
    1b04:	09 c0       	rjmp	.+18     	; 0x1b18 <__floatsisf+0x12>

00001b06 <__floatsisf>:
    1b06:	97 fb       	bst	r25, 7
    1b08:	3e f4       	brtc	.+14     	; 0x1b18 <__floatsisf+0x12>
    1b0a:	90 95       	com	r25
    1b0c:	80 95       	com	r24
    1b0e:	70 95       	com	r23
    1b10:	61 95       	neg	r22
    1b12:	7f 4f       	sbci	r23, 0xFF	; 255
    1b14:	8f 4f       	sbci	r24, 0xFF	; 255
    1b16:	9f 4f       	sbci	r25, 0xFF	; 255
    1b18:	99 23       	and	r25, r25
    1b1a:	a9 f0       	breq	.+42     	; 0x1b46 <__floatsisf+0x40>
    1b1c:	f9 2f       	mov	r31, r25
    1b1e:	96 e9       	ldi	r25, 0x96	; 150
    1b20:	bb 27       	eor	r27, r27
    1b22:	93 95       	inc	r25
    1b24:	f6 95       	lsr	r31
    1b26:	87 95       	ror	r24
    1b28:	77 95       	ror	r23
    1b2a:	67 95       	ror	r22
    1b2c:	b7 95       	ror	r27
    1b2e:	f1 11       	cpse	r31, r1
    1b30:	f8 cf       	rjmp	.-16     	; 0x1b22 <__floatsisf+0x1c>
    1b32:	fa f4       	brpl	.+62     	; 0x1b72 <__floatsisf+0x6c>
    1b34:	bb 0f       	add	r27, r27
    1b36:	11 f4       	brne	.+4      	; 0x1b3c <__floatsisf+0x36>
    1b38:	60 ff       	sbrs	r22, 0
    1b3a:	1b c0       	rjmp	.+54     	; 0x1b72 <__floatsisf+0x6c>
    1b3c:	6f 5f       	subi	r22, 0xFF	; 255
    1b3e:	7f 4f       	sbci	r23, 0xFF	; 255
    1b40:	8f 4f       	sbci	r24, 0xFF	; 255
    1b42:	9f 4f       	sbci	r25, 0xFF	; 255
    1b44:	16 c0       	rjmp	.+44     	; 0x1b72 <__floatsisf+0x6c>
    1b46:	88 23       	and	r24, r24
    1b48:	11 f0       	breq	.+4      	; 0x1b4e <__floatsisf+0x48>
    1b4a:	96 e9       	ldi	r25, 0x96	; 150
    1b4c:	11 c0       	rjmp	.+34     	; 0x1b70 <__floatsisf+0x6a>
    1b4e:	77 23       	and	r23, r23
    1b50:	21 f0       	breq	.+8      	; 0x1b5a <__floatsisf+0x54>
    1b52:	9e e8       	ldi	r25, 0x8E	; 142
    1b54:	87 2f       	mov	r24, r23
    1b56:	76 2f       	mov	r23, r22
    1b58:	05 c0       	rjmp	.+10     	; 0x1b64 <__floatsisf+0x5e>
    1b5a:	66 23       	and	r22, r22
    1b5c:	71 f0       	breq	.+28     	; 0x1b7a <__floatsisf+0x74>
    1b5e:	96 e8       	ldi	r25, 0x86	; 134
    1b60:	86 2f       	mov	r24, r22
    1b62:	70 e0       	ldi	r23, 0x00	; 0
    1b64:	60 e0       	ldi	r22, 0x00	; 0
    1b66:	2a f0       	brmi	.+10     	; 0x1b72 <__floatsisf+0x6c>
    1b68:	9a 95       	dec	r25
    1b6a:	66 0f       	add	r22, r22
    1b6c:	77 1f       	adc	r23, r23
    1b6e:	88 1f       	adc	r24, r24
    1b70:	da f7       	brpl	.-10     	; 0x1b68 <__floatsisf+0x62>
    1b72:	88 0f       	add	r24, r24
    1b74:	96 95       	lsr	r25
    1b76:	87 95       	ror	r24
    1b78:	97 f9       	bld	r25, 7
    1b7a:	08 95       	ret

00001b7c <__fp_cmp>:
    1b7c:	99 0f       	add	r25, r25
    1b7e:	00 08       	sbc	r0, r0
    1b80:	55 0f       	add	r21, r21
    1b82:	aa 0b       	sbc	r26, r26
    1b84:	e0 e8       	ldi	r30, 0x80	; 128
    1b86:	fe ef       	ldi	r31, 0xFE	; 254
    1b88:	16 16       	cp	r1, r22
    1b8a:	17 06       	cpc	r1, r23
    1b8c:	e8 07       	cpc	r30, r24
    1b8e:	f9 07       	cpc	r31, r25
    1b90:	c0 f0       	brcs	.+48     	; 0x1bc2 <__fp_cmp+0x46>
    1b92:	12 16       	cp	r1, r18
    1b94:	13 06       	cpc	r1, r19
    1b96:	e4 07       	cpc	r30, r20
    1b98:	f5 07       	cpc	r31, r21
    1b9a:	98 f0       	brcs	.+38     	; 0x1bc2 <__fp_cmp+0x46>
    1b9c:	62 1b       	sub	r22, r18
    1b9e:	73 0b       	sbc	r23, r19
    1ba0:	84 0b       	sbc	r24, r20
    1ba2:	95 0b       	sbc	r25, r21
    1ba4:	39 f4       	brne	.+14     	; 0x1bb4 <__fp_cmp+0x38>
    1ba6:	0a 26       	eor	r0, r26
    1ba8:	61 f0       	breq	.+24     	; 0x1bc2 <__fp_cmp+0x46>
    1baa:	23 2b       	or	r18, r19
    1bac:	24 2b       	or	r18, r20
    1bae:	25 2b       	or	r18, r21
    1bb0:	21 f4       	brne	.+8      	; 0x1bba <__fp_cmp+0x3e>
    1bb2:	08 95       	ret
    1bb4:	0a 26       	eor	r0, r26
    1bb6:	09 f4       	brne	.+2      	; 0x1bba <__fp_cmp+0x3e>
    1bb8:	a1 40       	sbci	r26, 0x01	; 1
    1bba:	a6 95       	lsr	r26
    1bbc:	8f ef       	ldi	r24, 0xFF	; 255
    1bbe:	81 1d       	adc	r24, r1
    1bc0:	81 1d       	adc	r24, r1
    1bc2:	08 95       	ret

00001bc4 <__fp_inf>:
    1bc4:	97 f9       	bld	r25, 7
    1bc6:	9f 67       	ori	r25, 0x7F	; 127
    1bc8:	80 e8       	ldi	r24, 0x80	; 128
    1bca:	70 e0       	ldi	r23, 0x00	; 0
    1bcc:	60 e0       	ldi	r22, 0x00	; 0
    1bce:	08 95       	ret

00001bd0 <__fp_nan>:
    1bd0:	9f ef       	ldi	r25, 0xFF	; 255
    1bd2:	80 ec       	ldi	r24, 0xC0	; 192
    1bd4:	08 95       	ret

00001bd6 <__fp_pscA>:
    1bd6:	00 24       	eor	r0, r0
    1bd8:	0a 94       	dec	r0
    1bda:	16 16       	cp	r1, r22
    1bdc:	17 06       	cpc	r1, r23
    1bde:	18 06       	cpc	r1, r24
    1be0:	09 06       	cpc	r0, r25
    1be2:	08 95       	ret

00001be4 <__fp_pscB>:
    1be4:	00 24       	eor	r0, r0
    1be6:	0a 94       	dec	r0
    1be8:	12 16       	cp	r1, r18
    1bea:	13 06       	cpc	r1, r19
    1bec:	14 06       	cpc	r1, r20
    1bee:	05 06       	cpc	r0, r21
    1bf0:	08 95       	ret

00001bf2 <__fp_round>:
    1bf2:	09 2e       	mov	r0, r25
    1bf4:	03 94       	inc	r0
    1bf6:	00 0c       	add	r0, r0
    1bf8:	11 f4       	brne	.+4      	; 0x1bfe <__fp_round+0xc>
    1bfa:	88 23       	and	r24, r24
    1bfc:	52 f0       	brmi	.+20     	; 0x1c12 <__fp_round+0x20>
    1bfe:	bb 0f       	add	r27, r27
    1c00:	40 f4       	brcc	.+16     	; 0x1c12 <__fp_round+0x20>
    1c02:	bf 2b       	or	r27, r31
    1c04:	11 f4       	brne	.+4      	; 0x1c0a <__fp_round+0x18>
    1c06:	60 ff       	sbrs	r22, 0
    1c08:	04 c0       	rjmp	.+8      	; 0x1c12 <__fp_round+0x20>
    1c0a:	6f 5f       	subi	r22, 0xFF	; 255
    1c0c:	7f 4f       	sbci	r23, 0xFF	; 255
    1c0e:	8f 4f       	sbci	r24, 0xFF	; 255
    1c10:	9f 4f       	sbci	r25, 0xFF	; 255
    1c12:	08 95       	ret

00001c14 <__fp_split3>:
    1c14:	57 fd       	sbrc	r21, 7
    1c16:	90 58       	subi	r25, 0x80	; 128
    1c18:	44 0f       	add	r20, r20
    1c1a:	55 1f       	adc	r21, r21
    1c1c:	59 f0       	breq	.+22     	; 0x1c34 <__fp_splitA+0x10>
    1c1e:	5f 3f       	cpi	r21, 0xFF	; 255
    1c20:	71 f0       	breq	.+28     	; 0x1c3e <__fp_splitA+0x1a>
    1c22:	47 95       	ror	r20

00001c24 <__fp_splitA>:
    1c24:	88 0f       	add	r24, r24
    1c26:	97 fb       	bst	r25, 7
    1c28:	99 1f       	adc	r25, r25
    1c2a:	61 f0       	breq	.+24     	; 0x1c44 <__fp_splitA+0x20>
    1c2c:	9f 3f       	cpi	r25, 0xFF	; 255
    1c2e:	79 f0       	breq	.+30     	; 0x1c4e <__fp_splitA+0x2a>
    1c30:	87 95       	ror	r24
    1c32:	08 95       	ret
    1c34:	12 16       	cp	r1, r18
    1c36:	13 06       	cpc	r1, r19
    1c38:	14 06       	cpc	r1, r20
    1c3a:	55 1f       	adc	r21, r21
    1c3c:	f2 cf       	rjmp	.-28     	; 0x1c22 <__fp_split3+0xe>
    1c3e:	46 95       	lsr	r20
    1c40:	f1 df       	rcall	.-30     	; 0x1c24 <__fp_splitA>
    1c42:	08 c0       	rjmp	.+16     	; 0x1c54 <__fp_splitA+0x30>
    1c44:	16 16       	cp	r1, r22
    1c46:	17 06       	cpc	r1, r23
    1c48:	18 06       	cpc	r1, r24
    1c4a:	99 1f       	adc	r25, r25
    1c4c:	f1 cf       	rjmp	.-30     	; 0x1c30 <__fp_splitA+0xc>
    1c4e:	86 95       	lsr	r24
    1c50:	71 05       	cpc	r23, r1
    1c52:	61 05       	cpc	r22, r1
    1c54:	08 94       	sec
    1c56:	08 95       	ret

00001c58 <__fp_zero>:
    1c58:	e8 94       	clt

00001c5a <__fp_szero>:
    1c5a:	bb 27       	eor	r27, r27
    1c5c:	66 27       	eor	r22, r22
    1c5e:	77 27       	eor	r23, r23
    1c60:	cb 01       	movw	r24, r22
    1c62:	97 f9       	bld	r25, 7
    1c64:	08 95       	ret

00001c66 <__mulsf3>:
    1c66:	0e 94 46 0e 	call	0x1c8c	; 0x1c8c <__mulsf3x>
    1c6a:	0c 94 f9 0d 	jmp	0x1bf2	; 0x1bf2 <__fp_round>
    1c6e:	0e 94 eb 0d 	call	0x1bd6	; 0x1bd6 <__fp_pscA>
    1c72:	38 f0       	brcs	.+14     	; 0x1c82 <__mulsf3+0x1c>
    1c74:	0e 94 f2 0d 	call	0x1be4	; 0x1be4 <__fp_pscB>
    1c78:	20 f0       	brcs	.+8      	; 0x1c82 <__mulsf3+0x1c>
    1c7a:	95 23       	and	r25, r21
    1c7c:	11 f0       	breq	.+4      	; 0x1c82 <__mulsf3+0x1c>
    1c7e:	0c 94 e2 0d 	jmp	0x1bc4	; 0x1bc4 <__fp_inf>
    1c82:	0c 94 e8 0d 	jmp	0x1bd0	; 0x1bd0 <__fp_nan>
    1c86:	11 24       	eor	r1, r1
    1c88:	0c 94 2d 0e 	jmp	0x1c5a	; 0x1c5a <__fp_szero>

00001c8c <__mulsf3x>:
    1c8c:	0e 94 0a 0e 	call	0x1c14	; 0x1c14 <__fp_split3>
    1c90:	70 f3       	brcs	.-36     	; 0x1c6e <__mulsf3+0x8>

00001c92 <__mulsf3_pse>:
    1c92:	95 9f       	mul	r25, r21
    1c94:	c1 f3       	breq	.-16     	; 0x1c86 <__mulsf3+0x20>
    1c96:	95 0f       	add	r25, r21
    1c98:	50 e0       	ldi	r21, 0x00	; 0
    1c9a:	55 1f       	adc	r21, r21
    1c9c:	62 9f       	mul	r22, r18
    1c9e:	f0 01       	movw	r30, r0
    1ca0:	72 9f       	mul	r23, r18
    1ca2:	bb 27       	eor	r27, r27
    1ca4:	f0 0d       	add	r31, r0
    1ca6:	b1 1d       	adc	r27, r1
    1ca8:	63 9f       	mul	r22, r19
    1caa:	aa 27       	eor	r26, r26
    1cac:	f0 0d       	add	r31, r0
    1cae:	b1 1d       	adc	r27, r1
    1cb0:	aa 1f       	adc	r26, r26
    1cb2:	64 9f       	mul	r22, r20
    1cb4:	66 27       	eor	r22, r22
    1cb6:	b0 0d       	add	r27, r0
    1cb8:	a1 1d       	adc	r26, r1
    1cba:	66 1f       	adc	r22, r22
    1cbc:	82 9f       	mul	r24, r18
    1cbe:	22 27       	eor	r18, r18
    1cc0:	b0 0d       	add	r27, r0
    1cc2:	a1 1d       	adc	r26, r1
    1cc4:	62 1f       	adc	r22, r18
    1cc6:	73 9f       	mul	r23, r19
    1cc8:	b0 0d       	add	r27, r0
    1cca:	a1 1d       	adc	r26, r1
    1ccc:	62 1f       	adc	r22, r18
    1cce:	83 9f       	mul	r24, r19
    1cd0:	a0 0d       	add	r26, r0
    1cd2:	61 1d       	adc	r22, r1
    1cd4:	22 1f       	adc	r18, r18
    1cd6:	74 9f       	mul	r23, r20
    1cd8:	33 27       	eor	r19, r19
    1cda:	a0 0d       	add	r26, r0
    1cdc:	61 1d       	adc	r22, r1
    1cde:	23 1f       	adc	r18, r19
    1ce0:	84 9f       	mul	r24, r20
    1ce2:	60 0d       	add	r22, r0
    1ce4:	21 1d       	adc	r18, r1
    1ce6:	82 2f       	mov	r24, r18
    1ce8:	76 2f       	mov	r23, r22
    1cea:	6a 2f       	mov	r22, r26
    1cec:	11 24       	eor	r1, r1
    1cee:	9f 57       	subi	r25, 0x7F	; 127
    1cf0:	50 40       	sbci	r21, 0x00	; 0
    1cf2:	9a f0       	brmi	.+38     	; 0x1d1a <__mulsf3_pse+0x88>
    1cf4:	f1 f0       	breq	.+60     	; 0x1d32 <__mulsf3_pse+0xa0>
    1cf6:	88 23       	and	r24, r24
    1cf8:	4a f0       	brmi	.+18     	; 0x1d0c <__mulsf3_pse+0x7a>
    1cfa:	ee 0f       	add	r30, r30
    1cfc:	ff 1f       	adc	r31, r31
    1cfe:	bb 1f       	adc	r27, r27
    1d00:	66 1f       	adc	r22, r22
    1d02:	77 1f       	adc	r23, r23
    1d04:	88 1f       	adc	r24, r24
    1d06:	91 50       	subi	r25, 0x01	; 1
    1d08:	50 40       	sbci	r21, 0x00	; 0
    1d0a:	a9 f7       	brne	.-22     	; 0x1cf6 <__mulsf3_pse+0x64>
    1d0c:	9e 3f       	cpi	r25, 0xFE	; 254
    1d0e:	51 05       	cpc	r21, r1
    1d10:	80 f0       	brcs	.+32     	; 0x1d32 <__mulsf3_pse+0xa0>
    1d12:	0c 94 e2 0d 	jmp	0x1bc4	; 0x1bc4 <__fp_inf>
    1d16:	0c 94 2d 0e 	jmp	0x1c5a	; 0x1c5a <__fp_szero>
    1d1a:	5f 3f       	cpi	r21, 0xFF	; 255
    1d1c:	e4 f3       	brlt	.-8      	; 0x1d16 <__mulsf3_pse+0x84>
    1d1e:	98 3e       	cpi	r25, 0xE8	; 232
    1d20:	d4 f3       	brlt	.-12     	; 0x1d16 <__mulsf3_pse+0x84>
    1d22:	86 95       	lsr	r24
    1d24:	77 95       	ror	r23
    1d26:	67 95       	ror	r22
    1d28:	b7 95       	ror	r27
    1d2a:	f7 95       	ror	r31
    1d2c:	e7 95       	ror	r30
    1d2e:	9f 5f       	subi	r25, 0xFF	; 255
    1d30:	c1 f7       	brne	.-16     	; 0x1d22 <__mulsf3_pse+0x90>
    1d32:	fe 2b       	or	r31, r30
    1d34:	88 0f       	add	r24, r24
    1d36:	91 1d       	adc	r25, r1
    1d38:	96 95       	lsr	r25
    1d3a:	87 95       	ror	r24
    1d3c:	97 f9       	bld	r25, 7
    1d3e:	08 95       	ret

00001d40 <memcpy>:
    1d40:	fb 01       	movw	r30, r22
    1d42:	dc 01       	movw	r26, r24
    1d44:	02 c0       	rjmp	.+4      	; 0x1d4a <memcpy+0xa>
    1d46:	01 90       	ld	r0, Z+
    1d48:	0d 92       	st	X+, r0
    1d4a:	41 50       	subi	r20, 0x01	; 1
    1d4c:	50 40       	sbci	r21, 0x00	; 0
    1d4e:	d8 f7       	brcc	.-10     	; 0x1d46 <memcpy+0x6>
    1d50:	08 95       	ret

00001d52 <_exit>:
    1d52:	f8 94       	cli

00001d54 <__stop_program>:
    1d54:	ff cf       	rjmp	.-2      	; 0x1d54 <__stop_program>
